employee_id,employee_name,email,department,job_role,experience_years,hire_date,skills,availability_status,workload_percentage,active_tasks,performance_score
EMP2373,Pooja Menon,employee2373@company.local,Engineering,Developer,4.1,2013-09-01,"Machine Learning, Project Management",Busy,27.0,3,71.9
EMP4021,Priya Menon,employee4021@company.local,HR,Analyst,6.1,2024-05-28,"SQL, Project Management, Computer Vision, Excel",Available,100.0,6,75.0
EMP2457,Swati Kapoor,employee2457@company.local,Engineering,Project Manager,2.1,2018-10-19,Computer Vision,Available,67.9,3,62.2
EMP2344,Vivek Singh,employee2344@company.local,Finance,Data Scientist,4.5,2022-12-14,"SQL, Excel, Deep Learning, Computer Vision",On Leave,47.5,3,72.7
EMP205,Anita Pillai,employee205@company.local,Operations,Senior Developer,13.6,2022-09-14,"Python, NLP, Project Management, Django",Available,49.3,3,77.0
EMP1908,Rohit Verma,employee1908@company.local,Finance,HR Executive,8.7,2023-01-25,Project Management,Available,49.5,3,63.0
EMP912,Sanjay Kumar,employee912@company.local,Data Science,Project Manager,4.3,2019-07-10,"Deep Learning, Excel, Data Analysis, Computer Vision",Busy,35.6,2,63.5
EMP454,Nikhil Thomas,employee454@company.local,Finance,Business Analyst,7.2,2017-05-18,"Deep Learning, Computer Vision",Available,49.4,2,70.5
EMP2932,Sanjay Verma,employee2932@company.local,Engineering,Finance Analyst,10.5,2016-11-30,React,On Leave,56.7,2,59.7
EMP2216,Aditya Singh,employee2216@company.local,Engineering,Finance Analyst,3.7,2021-07-05,"React, Computer Vision, NLP, Machine Learning",Busy,61.4,3,74.1
EMP2839,Isha Nair,employee2839@company.local,IT,Team Lead,2.4,2024-05-17,Django,Available,39.9,4,46.6
EMP3479,Isha Nair,employee3479@company.local,Operations,Analyst,8.2,2015-10-28,Computer Vision,Busy,49.8,6,56.3
EMP615,Kavya Nair,employee615@company.local,Marketing,Data Scientist,2.1,2020-01-18,"Machine Learning, Finance, SQL",Available,14.0,3,44.5
EMP532,Sanjay Verma,employee532@company.local,Marketing,Team Lead,11.5,2016-02-13,Machine Learning,Available,95.8,7,76.4
EMP916,Aditya Verma,employee916@company.local,Data Science,Business Analyst,5.6,2014-06-07,Machine Learning,Busy,42.5,2,71.0
EMP3886,Kiran Das,employee3886@company.local,Operations,Business Analyst,2.8,2021-06-27,"Data Analysis, Deep Learning, NLP",Busy,34.4,2,57.5
EMP2617,Swati Kapoor,employee2617@company.local,IT,Analyst,8.6,2025-08-05,"Data Analysis, Project Management, SQL, Machine Learning",Available,54.6,3,55.1
EMP4536,Aditya Singh,employee4536@company.local,Marketing,HR Executive,5.9,2019-01-15,SQL,Available,33.6,3,76.1
EMP1834,Nikhil Patel,employee1834@company.local,Engineering,HR Executive,2.4,2017-09-10,Deep Learning,Available,21.7,2,59.6
EMP1471,Divya Iyer,employee1471@company.local,Finance,Developer,4.9,2019-10-09,"Django, SQL, Computer Vision",Busy,51.0,3,62.5
EMP1487,Neha Iyer,employee1487@company.local,Engineering,Project Manager,10.8,2023-03-14,"NLP, Deep Learning, React",Busy,50.8,3,73.6
EMP4271,Divya Iyer,employee4271@company.local,Engineering,HR Executive,9.7,2016-10-10,"SQL, Django",Available,23.4,2,78.1
EMP729,Meera Kapoor,employee729@company.local,Finance,Team Lead,7.1,2025-05-02,Project Management,Available,61.8,7,86.1
EMP3282,Rahul Mishra,employee3282@company.local,Engineering,Analyst,6.5,2020-10-24,"SQL, Django, React",Available,63.3,2,88.0
EMP4586,Kiran Patel,employee4586@company.local,Engineering,HR Executive,2.5,2024-10-24,"Project Management, Python",Available,57.8,4,67.8
EMP1359,Isha Iyer,employee1359@company.local,Operations,Analyst,10.8,2024-05-22,"Project Management, NLP, React, Python",Available,57.4,5,60.9
EMP010,Amit Patel,employee010@company.local,Data Science,HR Executive,5.4,2016-02-23,"React, Finance, Django",Busy,23.7,1,72.0
EMP3693,Pooja Pillai,employee3693@company.local,Engineering,Developer,2.6,2025-03-18,"Excel, Machine Learning",Available,73.2,4,63.9
EMP4651,Divya Joshi,employee4651@company.local,Marketing,Analyst,3.2,2020-04-04,"NLP, Computer Vision, SQL, Data Analysis",Available,28.2,1,64.0
EMP3031,Divya Nair,employee3031@company.local,Marketing,Analyst,4.1,2020-02-08,"Project Management, Django, Data Analysis",Available,72.2,5,53.0
EMP1865,Anita Kapoor,employee1865@company.local,Sales,Senior Developer,5.9,2015-06-23,"Project Management, Finance, Computer Vision",On Leave,56.1,6,71.6
EMP2660,Arun Verma,employee2660@company.local,HR,Finance Analyst,8.7,2019-04-08,"Deep Learning, Data Analysis",Busy,100.0,7,72.0
EMP2958,Manoj Das,employee2958@company.local,Engineering,HR Executive,4.9,2013-04-18,"SQL, Data Analysis, NLP, Finance",Available,76.2,4,79.5
EMP1039,Not specified,employee1039@company.local,Finance,Data Scientist,4.8,2019-11-24,NLP,Available,65.5,5,75.6
EMP1061,Priya Menon,employee1061@company.local,Marketing,Developer,8.6,2012-09-27,"React, Project Management, Django",Busy,100.0,1,66.3
EMP1732,Sanjay Verma,employee1732@company.local,Data Science,Data Scientist,5.6,2013-10-05,"React, Python",Available,31.6,2,80.8
EMP2112,Sanjay Kumar,employee2112@company.local,Finance,Business Analyst,4.4,2023-01-08,"Machine Learning, React, Deep Learning",Busy,34.3,4,68.2
EMP2799,Isha Iyer,employee2799@company.local,Data Science,Finance Analyst,8.9,2022-10-07,"Finance, Python, SQL",Available,35.6,3,79.2
EMP3459,Isha Sharma,employee3459@company.local,HR,Senior Developer,8.8,2017-06-29,"NLP, Computer Vision, React",On Leave,13.5,1,65.4
EMP2002,Rahul Mishra,employee2002@company.local,Sales,Analyst,15.9,2020-11-27,Data Analysis,Busy,93.6,6,84.9
EMP1642,Rahul Patel,employee1642@company.local,Engineering,Developer,12.6,2020-08-25,NLP,Available,52.9,3,75.4
EMP1867,Neha Joshi,employee1867@company.local,Marketing,Analyst,4.0,2021-07-06,"NLP, Finance, Project Management",Busy,55.7,8,70.1
EMP163,Sneha Sharma,employee163@company.local,Data Science,Business Analyst,5.3,2012-01-06,"Django, Machine Learning, Deep Learning",Available,3.1,0,63.4
EMP4793,Pooja Kapoor,employee4793@company.local,Marketing,Data Scientist,8.3,2014-12-23,"Django, Deep Learning",Busy,49.1,4,80.1
EMP4073,Pooja Kapoor,employee4073@company.local,HR,Team Lead,7.0,2018-03-24,"NLP, Machine Learning",Available,45.5,3,87.3
EMP1856,Aditya Kumar,employee1856@company.local,Finance,Business Analyst,3.9,2016-01-08,"Python, React",Busy,23.3,1,43.2
EMP2697,Swati Kapoor,employee2697@company.local,HR,Team Lead,10.0,2012-07-03,"Excel, NLP, Finance, Project Management",Available,100.0,9,69.8
EMP153,Pooja Kapoor,employee153@company.local,Finance,Team Lead,6.2,2021-04-08,"Python, Computer Vision, SQL, Machine Learning",Available,59.2,4,64.2
EMP721,Priya Reddy,employee721@company.local,Marketing,Business Analyst,13.8,2019-03-26,SQL,Available,93.5,6,72.7
EMP2287,Neha Iyer,employee2287@company.local,Finance,Project Manager,5.6,2024-09-26,"Computer Vision, Finance, Python, Excel",Available,46.4,3,55.8
EMP616,Aditya Singh,employee616@company.local,Finance,Developer,12.1,2020-07-19,"NLP, React, Deep Learning, Data Analysis",Available,32.5,2,81.9
EMP3947,Neha Joshi,employee3947@company.local,HR,Team Lead,8.1,2016-06-11,"Finance, Machine Learning, SQL",Available,90.4,5,62.3
EMP525,Anita Pillai,employee525@company.local,IT,Data Scientist,1.3,2016-05-10,"Project Management, Django, Data Analysis",Available,36.0,2,62.6
EMP3974,Nikhil Thomas,employee3974@company.local,Sales,Data Scientist,4.1,2012-10-19,Finance,Available,58.3,2,65.0
EMP2464,Vivek Kumar,employee2464@company.local,Operations,HR Executive,5.8,2017-04-17,NLP,Available,88.6,7,58.4
EMP2861,Priya Pillai,employee2861@company.local,Engineering,Business Analyst,4.2,2021-06-05,"NLP, Data Analysis, Project Management, Finance",Available,32.7,1,70.4
EMP1547,Neha Joshi,employee1547@company.local,Marketing,Analyst,8.2,2021-01-22,"SQL, React",Busy,54.3,5,74.5
EMP1162,Rahul Patel,employee1162@company.local,Engineering,HR Executive,11.2,2012-12-13,Data Analysis,Available,52.5,3,49.8
EMP3623,Sneha Nair,employee3623@company.local,Marketing,Finance Analyst,5.0,2017-01-02,"Data Analysis, SQL, Django",Busy,24.1,1,66.6
EMP4796,Aditya Raj,employee4796@company.local,Sales,Project Manager,3.9,2016-08-18,"Data Analysis, React",Available,94.5,6,65.8
EMP199,Isha Nair,employee199@company.local,Data Science,Analyst,0.9,2016-05-20,"Project Management, Deep Learning",On Leave,26.3,3,59.5
EMP4192,Sanjay Kumar,employee4192@company.local,Engineering,Analyst,6.5,2018-08-01,"React, SQL, Data Analysis",Busy,65.6,7,66.9
EMP2313,Pooja Kapoor,employee2313@company.local,HR,Developer,19.9,2018-11-14,"Excel, Machine Learning",Available,57.3,4,81.8
EMP313,Pooja Kapoor,employee313@company.local,HR,Developer,6.5,2017-02-23,"Computer Vision, Django, Excel",Available,37.3,2,65.9
EMP3556,Aditya Verma,employee3556@company.local,Operations,Data Scientist,10.5,2014-12-21,SQL,Available,75.2,3,84.0
EMP493,Pooja Pillai,employee493@company.local,Operations,Senior Developer,3.0,2020-05-26,"SQL, Django, NLP",Available,55.3,4,62.9
EMP4607,Neha Iyer,employee4607@company.local,Finance,Finance Analyst,7.1,2020-10-23,"Python, Computer Vision, Data Analysis",On Leave,66.1,4,70.9
EMP583,Sneha Nair,employee583@company.local,Engineering,Senior Developer,9.3,2022-04-07,"React, Python",Available,42.2,2,60.8
EMP4535,Kavya Nair,employee4535@company.local,Data Science,Team Lead,2.9,2024-12-21,"Deep Learning, Finance, Project Management, Excel",Busy,35.7,2,69.4
EMP1134,Nikhil Das,employee1134@company.local,Operations,Business Analyst,2.0,2019-06-17,"Excel, Python",Available,11.2,2,52.1
EMP1869,Meera Pillai,employee1869@company.local,IT,Senior Developer,6.7,2012-04-30,"Deep Learning, Computer Vision, SQL, Project Management",Busy,58.2,4,61.1
EMP2300,Arun Raj,employee2300@company.local,Engineering,Senior Developer,2.7,2013-09-16,"Django, React",Available,26.3,0,67.9
EMP3937,Swati Reddy,employee3937@company.local,Finance,Analyst,1.0,2013-04-17,NLP,Available,68.3,6,55.1
EMP3091,Divya Sharma,employee3091@company.local,Marketing,Finance Analyst,2.8,2016-01-15,"NLP, Python",Busy,51.9,3,75.3
EMP576,Aditya Kumar,employee576@company.local,Data Science,HR Executive,8.4,2012-04-30,"Excel, NLP, Python, Django",Busy,97.0,6,67.9
EMP1709,Meera Pillai,employee1709@company.local,Finance,Business Analyst,7.6,2024-04-26,"Django, Data Analysis",Available,35.6,2,93.5
EMP1676,Aditya Raj,employee1676@company.local,IT,Finance Analyst,4.0,2014-06-19,"SQL, Data Analysis, NLP",Busy,50.6,4,73.1
EMP334,Nikhil Das,employee334@company.local,Operations,HR Executive,1.0,2014-10-30,"Project Management, Django, Deep Learning, Excel",Busy,49.0,4,65.2
EMP4506,Kiran Patel,employee4506@company.local,Engineering,Senior Developer,2.6,2022-12-06,"Project Management, Machine Learning, SQL",On Leave,40.0,3,64.3
EMP4143,Sneha Iyer,employee4143@company.local,Finance,Team Lead,20.6,2023-11-13,Python,Available,42.6,3,75.9
EMP3040,Arun Kumar,employee3040@company.local,Operations,Finance Analyst,5.3,2018-06-16,"Project Management, SQL",Busy,57.3,5,99.0
EMP989,Meera Pillai,employee989@company.local,Sales,Analyst,2.4,2017-12-02,Finance,Available,36.0,4,60.7
EMP1803,Sneha Joshi,employee1803@company.local,Sales,Business Analyst,5.1,2020-04-09,"Python, Machine Learning",Available,34.8,4,64.0
EMP3534,Nikhil Das,employee3534@company.local,Finance,Project Manager,2.5,2017-02-19,Django,Busy,58.1,6,53.2
EMP3441,Priya Reddy,employee3441@company.local,IT,Project Manager,10.6,2020-05-14,"NLP, Finance, Deep Learning",Available,74.6,5,90.0
EMP1342,Rahul Das,employee1342@company.local,Engineering,Data Scientist,10.8,2015-06-03,"Django, Project Management, SQL, Data Analysis",Available,30.5,2,76.6
EMP3421,Priya Pillai,employee3421@company.local,Data Science,Team Lead,10.0,2013-02-03,"Machine Learning, Finance, Excel",Available,54.5,3,77.2
EMP2888,Rohit Singh,employee2888@company.local,Sales,Analyst,5.6,2023-01-25,"Deep Learning, Python, Machine Learning, Finance",Available,69.3,5,68.6
EMP836,Aditya Verma,employee836@company.local,Engineering,Business Analyst,12.9,2018-06-23,"Finance, Data Analysis",On Leave,55.7,2,78.2
EMP1074,Nikhil Mishra,employee1074@company.local,Marketing,Developer,2.3,2012-07-19,Finance,Available,26.0,4,59.1
EMP2946,Kiran Mishra,employee2946@company.local,Data Science,HR Executive,10.1,2012-03-30,"Project Management, Excel",Available,62.8,3,72.7
EMP722,Rahul Mishra,employee722@company.local,Finance,Business Analyst,6.1,2012-11-10,NLP,On Leave,35.6,1,64.7
EMP4855,Kavya Nair,employee4855@company.local,Marketing,Project Manager,8.0,2021-01-19,"Project Management, Finance, Django, Computer Vision",Available,46.4,5,63.6
EMP3868,Rohit Raj,employee3868@company.local,Data Science,Data Scientist,6.4,2012-11-05,"Project Management, Python, Data Analysis",Available,62.8,4,73.8
EMP3499,Isha Joshi,employee3499@company.local,IT,Business Analyst,6.8,2025-06-22,NLP,Available,9.5,1,65.7
EMP2023,Sneha Nair,employee2023@company.local,Operations,Team Lead,10.1,2012-07-14,"Excel, NLP",Available,55.7,3,64.9
EMP1379,Isha Sharma,employee1379@company.local,Data Science,Project Manager,7.8,2013-02-17,"Computer Vision, Data Analysis, Project Management",Available,16.1,4,77.7
EMP4043,Sneha Joshi,employee4043@company.local,Finance,Team Lead,3.6,2015-11-06,Data Analysis,Available,59.6,3,68.8
EMP2532,Sanjay Verma,employee2532@company.local,Engineering,HR Executive,2.6,2025-06-20,SQL,Available,65.4,5,65.1
EMP404,Vivek Verma,employee404@company.local,Engineering,Developer,6.8,2018-08-21,"Computer Vision, Excel",Available,81.6,4,52.3
EMP1320,Arun Singh,employee1320@company.local,Sales,Team Lead,0.7,2025-03-05,Deep Learning,On Leave,51.2,4,68.7
EMP571,Divya Joshi,employee571@company.local,Operations,Team Lead,4.7,2012-01-31,Data Analysis,Available,55.7,2,67.3
EMP3900,Arun Raj,employee3900@company.local,Finance,Finance Analyst,9.0,2017-03-01,Computer Vision,Available,39.8,1,74.1
EMP1844,Vivek Verma,employee1844@company.local,Engineering,Finance Analyst,1.5,2021-01-01,Excel,Available,82.8,6,71.4
EMP2503,Sneha Nair,employee2503@company.local,Engineering,Business Analyst,3.5,2024-07-18,"React, SQL, Project Management, Data Analysis",Available,81.4,5,69.4
EMP1727,Neha Iyer,employee1727@company.local,HR,Finance Analyst,8.7,2016-11-14,"Project Management, Python",On Leave,47.9,4,60.2
EMP128,Rohit Kumar,employee128@company.local,Marketing,Developer,3.9,2014-06-25,Excel,Available,25.7,1,69.4
EMP1606,Kiran Thomas,employee1606@company.local,Operations,Team Lead,7.9,2013-03-11,"SQL, Computer Vision, Deep Learning, Finance",Unknown,55.7,6,53.9
EMP1572,Sanjay Verma,employee1572@company.local,Sales,HR Executive,5.3,2016-04-17,"Project Management, Finance",Available,81.2,6,76.5
EMP4485,Anita Menon,employee4485@company.local,IT,Data Scientist,9.9,2017-04-22,"Excel, Computer Vision",Available,64.6,4,69.8
EMP3332,Sanjay Verma,employee3332@company.local,IT,Project Manager,3.3,2013-01-26,"NLP, Django",Busy,51.7,3,74.3
EMP3915,Kavya Joshi,employee3915@company.local,Operations,Team Lead,5.2,2017-11-08,"React, NLP",Available,33.6,4,68.4
EMP4955,Kavya Joshi,employee4955@company.local,HR,Data Scientist,9.8,2017-07-06,"React, Machine Learning",Available,61.2,4,83.4
EMP1173,Pooja Menon,employee1173@company.local,Marketing,Analyst,2.9,2016-05-28,"SQL, Excel, NLP",Available,49.0,2,70.8
EMP2442,Rahul Patel,employee2442@company.local,Operations,Data Scientist,11.3,2014-05-10,"Machine Learning, Project Management",Available,77.5,3,59.1
EMP336,Aditya Kumar,employee336@company.local,IT,Finance Analyst,12.8,2015-01-07,"Machine Learning, Excel",Available,41.7,2,72.8
EMP1411,Divya Sharma,employee1411@company.local,Data Science,Analyst,9.7,2015-11-27,"Finance, Machine Learning",Available,40.4,3,80.1
EMP3784,Vivek Singh,employee3784@company.local,Engineering,Project Manager,5.9,2017-12-31,"Machine Learning, Data Analysis",Available,28.2,1,84.8
EMP1514,Nikhil Patel,employee1514@company.local,IT,Analyst,2.1,2020-03-10,"Python, Deep Learning",Available,41.2,4,72.6
EMP3816,Aditya Singh,employee3816@company.local,Marketing,Business Analyst,9.2,2017-11-03,"Excel, Finance, Machine Learning",Available,39.8,3,68.9
EMP2172,Sanjay Raj,employee2172@company.local,Operations,Developer,8.5,2016-07-10,"SQL, Python, Finance, React",Busy,58.3,4,74.2
EMP906,Kiran Patel,employee906@company.local,Sales,Business Analyst,10.3,2012-07-13,"Django, SQL",Busy,33.6,1,74.7
EMP1970,Not specified,employee1970@company.local,Finance,Analyst,6.2,2022-11-04,Excel,Available,29.3,2,64.9
EMP4728,Rohit Singh,employee4728@company.local,Data Science,Team Lead,4.5,2021-05-03,Machine Learning,Busy,59.2,3,87.1
EMP4581,Priya Menon,employee4581@company.local,Operations,Business Analyst,6.6,2014-03-11,"React, Django, Machine Learning, Project Management",Busy,53.8,4,60.5
EMP577,Swati Reddy,employee577@company.local,HR,Project Manager,1.5,2022-12-25,Deep Learning,Busy,41.2,2,76.1
EMP4999,Isha Nair,employee4999@company.local,Finance,Project Manager,4.6,2019-07-08,Python,Available,94.4,7,76.4
EMP1619,Isha Sharma,employee1619@company.local,Sales,Finance Analyst,7.8,2012-01-10,Finance,Busy,70.0,6,67.6
EMP1129,Meera Kapoor,employee1129@company.local,Finance,Finance Analyst,7.2,2012-10-18,"Project Management, Python",Available,54.5,4,81.2
EMP4138,Manoj Patel,employee4138@company.local,Marketing,Developer,0.8,2019-06-20,"Machine Learning, Python, Deep Learning, SQL",Busy,62.9,2,73.7
EMP734,Nikhil Das,employee734@company.local,Engineering,Analyst,12.3,2021-06-02,Machine Learning,Available,55.7,6,81.9
EMP4146,Kiran Mishra,employee4146@company.local,IT,Data Scientist,6.1,2022-12-28,"React, Excel, SQL, Python",Busy,27.6,1,70.8
EMP3125,Anita Menon,employee3125@company.local,Sales,Team Lead,12.2,2021-11-10,Computer Vision,Available,57.0,4,76.3
EMP800,Arun Kumar,employee800@company.local,Data Science,Analyst,3.4,2016-12-03,"NLP, React",Busy,82.0,7,52.3
EMP3536,Aditya Kumar,employee3536@company.local,Engineering,Finance Analyst,1.9,2017-04-29,"Django, Machine Learning, Deep Learning",Available,33.7,2,81.8
EMP1290,Amit Patel,employee1290@company.local,Data Science,HR Executive,6.1,2023-06-06,Django,Available,38.6,2,84.4
EMP2543,Sneha Iyer,employee2543@company.local,HR,Project Manager,10.1,2018-06-29,"React, Data Analysis",Busy,52.6,5,83.6
EMP3831,Divya Nair,employee3831@company.local,Operations,Analyst,6.7,2024-11-09,"Data Analysis, SQL, Computer Vision",Available,17.0,1,60.2
EMP2060,Arun Raj,employee2060@company.local,Sales,Developer,12.9,2015-06-26,"Django, Project Management, Python, Computer Vision",Available,14.9,0,76.4
EMP2173,Pooja Pillai,employee2173@company.local,Data Science,HR Executive,3.6,2013-02-28,"Deep Learning, React, NLP, Finance",Busy,64.6,7,69.8
EMP3998,Manoj Das,employee3998@company.local,Finance,Analyst,13.1,2022-11-25,"Excel, Computer Vision",Available,91.6,6,74.4
EMP3701,Priya Menon,employee3701@company.local,HR,Analyst,3.0,2019-05-03,"Excel, Django, Deep Learning",Busy,53.8,5,72.5
EMP781,Priya Pillai,employee781@company.local,Finance,Team Lead,12.3,2021-10-29,"NLP, Excel, Data Analysis, Finance",Busy,70.9,7,67.7
EMP2637,Swati Pillai,employee2637@company.local,Marketing,Developer,3.8,2015-09-25,Computer Vision,Available,54.6,3,67.5
EMP287,Neha Iyer,employee287@company.local,Operations,Data Scientist,5.5,2020-06-26,"Machine Learning, Django, Computer Vision",Available,84.1,8,69.2
EMP2848,Rohit Kumar,employee2848@company.local,Sales,Project Manager,6.2,2018-08-21,"Data Analysis, Excel, NLP",Busy,55.7,4,52.6
EMP4941,Priya Pillai,employee4941@company.local,IT,Analyst,5.6,2020-10-31,NLP,Available,20.3,1,71.8
EMP937,Swati Kapoor,employee937@company.local,HR,Business Analyst,6.6,2018-04-05,"Computer Vision, Project Management, Excel, Django",Available,3.1,0,70.4
EMP995,Kavya Sharma,employee995@company.local,Engineering,Finance Analyst,14.8,2012-02-22,"NLP, Project Management, Python",Busy,58.5,4,82.0
EMP391,Divya Nair,employee391@company.local,Operations,Business Analyst,0.3,2016-05-27,NLP,Available,51.5,3,63.8
EMP4769,Meera Reddy,employee4769@company.local,Operations,Team Lead,3.4,2012-08-04,NLP,Available,77.8,4,66.0
EMP2995,Kavya Sharma,employee2995@company.local,HR,Team Lead,4.1,2015-09-30,SQL,Busy,44.1,0,85.6
EMP2914,Nikhil Mishra,employee2914@company.local,Engineering,Analyst,7.3,2024-06-28,Machine Learning,Available,25.7,2,65.3
EMP4371,Divya Sharma,employee4371@company.local,Finance,HR Executive,4.2,2014-06-15,Django,Busy,48.5,4,71.6
EMP4671,Divya Iyer,employee4671@company.local,Data Science,Developer,6.0,2020-01-16,Django,Available,29.6,2,71.4
EMP1371,Divya Joshi,employee1371@company.local,Sales,Business Analyst,4.1,2017-04-04,"SQL, Project Management, Django",Busy,67.8,3,68.3
EMP565,Anita Menon,employee565@company.local,IT,HR Executive,12.6,2012-11-05,"Deep Learning, Project Management, Data Analysis",Busy,51.6,3,89.0
EMP2489,Meera Kapoor,employee2489@company.local,Engineering,Data Scientist,6.2,2019-12-03,"React, Data Analysis",Busy,53.6,2,69.2
EMP1858,Manoj Mishra,employee1858@company.local,Marketing,Senior Developer,2.9,2024-11-10,Project Management,Busy,59.9,6,58.6
EMP4699,Isha Joshi,employee4699@company.local,Data Science,Finance Analyst,11.7,2022-07-10,"Data Analysis, SQL, Finance, Deep Learning",Available,54.8,5,91.6
EMP991,Divya Iyer,employee991@company.local,Data Science,Senior Developer,5.6,2024-01-06,"React, Data Analysis",On Leave,35.0,2,52.3
EMP429,Meera Pillai,employee429@company.local,Sales,Data Scientist,4.5,2014-03-02,Django,Available,80.8,7,66.2
EMP1044,Vivek Verma,employee1044@company.local,Operations,Project Manager,3.7,2014-07-07,"Finance, Django",Available,62.7,6,61.7
EMP4609,Meera Reddy,employee4609@company.local,Marketing,Business Analyst,4.9,2017-06-23,"Python, Data Analysis, Project Management",Available,33.4,1,76.9
EMP4696,Aditya Singh,employee4696@company.local,Operations,Developer,6.9,2016-04-18,"Data Analysis, React, SQL",Busy,30.4,1,56.4
EMP2924,Vivek Raj,employee2924@company.local,Finance,Business Analyst,4.5,2024-09-17,"Computer Vision, Deep Learning, Project Management, Python",Available,30.2,0,69.0
EMP4760,Arun Singh,employee4760@company.local,IT,Team Lead,13.7,2021-09-20,"Machine Learning, Excel, Python, Data Analysis",On Leave,85.8,7,74.8
EMP2921,Priya Kapoor,employee2921@company.local,IT,Business Analyst,3.9,2019-06-30,Deep Learning,Busy,90.5,8,76.9
EMP4831,Divya Iyer,employee4831@company.local,Sales,HR Executive,10.7,2023-10-03,React,Busy,69.7,5,66.3
EMP970,Amit Patel,employee970@company.local,IT,Business Analyst,6.1,2019-03-10,"NLP, Excel, React, Django",Busy,17.1,3,60.8
EMP484,Vivek Verma,employee484@company.local,HR,Team Lead,5.8,2023-11-16,"Data Analysis, Deep Learning, React",Busy,64.6,6,75.9
EMP2495,Kavya Iyer,employee2495@company.local,IT,Team Lead,1.2,2019-06-11,"NLP, Machine Learning",Busy,27.1,3,56.9
EMP4910,Amit Das,employee4910@company.local,Operations,Data Scientist,3.3,2017-10-07,"Computer Vision, NLP, Python, Excel",Available,26.1,2,70.7
EMP3297,Swati Reddy,employee3297@company.local,Sales,Developer,2.4,2012-04-07,React,Busy,55.7,4,76.3
EMP3378,Manoj Mishra,employee3378@company.local,Engineering,Business Analyst,6.2,2012-08-09,"Data Analysis, Machine Learning, Excel, Computer Vision",Available,24.4,3,56.1
EMP4987,Neha Joshi,employee4987@company.local,Data Science,Senior Developer,1.2,2020-08-17,"Data Analysis, Finance, Deep Learning, Project Management",Available,40.0,3,63.6
EMP4608,Rohit Kumar,employee4608@company.local,IT,Data Scientist,22.0,2024-11-26,"Django, Project Management",Available,56.8,5,82.6
EMP2703,Sneha Iyer,employee2703@company.local,Engineering,Developer,17.7,2023-05-15,React,Busy,89.5,6,99.0
EMP1266,Kiran Mishra,employee1266@company.local,IT,Business Analyst,2.5,2012-10-21,"Computer Vision, Excel, NLP, Machine Learning",Available,41.1,5,53.8
EMP2007,Neha Nair,employee2007@company.local,IT,Business Analyst,2.0,2013-06-27,"Django, Python, Computer Vision",Available,42.3,3,66.2
EMP1959,Isha Nair,employee1959@company.local,Data Science,Senior Developer,13.3,2019-10-17,"SQL, Excel",Busy,42.2,3,86.7
EMP2036,Aditya Verma,employee2036@company.local,IT,Finance Analyst,6.4,2018-12-19,"Django, SQL, Computer Vision",Available,66.6,4,83.7
EMP3116,Aditya Raj,employee3116@company.local,HR,Finance Analyst,7.2,2019-06-12,"Finance, NLP, Computer Vision",Busy,49.8,6,72.5
EMP996,Aditya Verma,employee996@company.local,Finance,Finance Analyst,2.2,2020-09-14,Finance,Busy,34.2,1,55.2
EMP1452,Sanjay Raj,employee1452@company.local,Operations,Senior Developer,1.1,2024-05-05,React,Busy,71.4,5,68.6
EMP4496,Aditya Kumar,employee4496@company.local,Engineering,Team Lead,3.1,2025-04-10,"Finance, Computer Vision",Busy,0.0,0,52.3
EMP4881,Priya Reddy,employee4881@company.local,Marketing,Project Manager,20.2,2013-10-26,"Computer Vision, React, Python",Available,45.0,5,75.8
EMP2425,Anita Kapoor,employee2425@company.local,Engineering,Analyst,2.2,2020-11-07,"Excel, Deep Learning, Computer Vision",Available,61.0,5,50.2
EMP2410,Amit Patel,employee2410@company.local,IT,Senior Developer,5.6,2024-07-12,"Computer Vision, Finance, Machine Learning, Python",On Leave,42.1,2,57.3
EMP680,Arun Singh,employee680@company.local,Engineering,Senior Developer,7.5,2024-08-09,"React, NLP, Project Management",Available,47.8,3,69.2
EMP4992,Sanjay Kumar,employee4992@company.local,Engineering,HR Executive,10.3,2021-04-18,"Deep Learning, Machine Learning, Data Analysis, Excel",Available,84.8,7,81.7
EMP110,Amit Das,employee110@company.local,Data Science,Data Scientist,9.8,2024-04-19,Computer Vision,Busy,45.6,3,73.5
EMP2006,Kiran Thomas,employee2006@company.local,Sales,Finance Analyst,8.1,2020-11-27,Django,Available,59.3,4,65.6
EMP3874,Nikhil Mishra,employee3874@company.local,Finance,Business Analyst,2.5,2014-07-05,"Machine Learning, Excel, Python, Django",Available,48.8,5,74.1
EMP2254,Nikhil Das,employee2254@company.local,IT,Team Lead,8.4,2012-04-25,SQL,Available,28.6,4,84.0
EMP4158,Manoj Das,employee4158@company.local,Finance,Finance Analyst,3.4,2017-03-09,"React, Deep Learning, Django",Available,33.1,0,72.6
EMP717,Swati Pillai,employee717@company.local,Operations,Team Lead,2.1,2014-04-22,"Project Management, Deep Learning, NLP",Available,100.0,8,58.2
EMP3703,Sneha Nair,employee3703@company.local,IT,Developer,12.1,2014-04-15,"Project Management, Computer Vision",Available,98.8,7,65.3
EMP4825,Anita Kapoor,employee4825@company.local,Engineering,Team Lead,9.1,2018-09-28,"Computer Vision, Python",Busy,40.3,2,54.0
EMP4404,Vivek Verma,employee4404@company.local,Engineering,Business Analyst,14.7,2020-07-26,"NLP, Django, Data Analysis",Busy,39.5,3,65.4
EMP1213,Pooja Pillai,employee1213@company.local,HR,Finance Analyst,5.6,2015-02-19,"Computer Vision, Python, React, Finance",Available,38.3,3,78.5
EMP974,Nikhil Das,employee974@company.local,Engineering,Team Lead,6.1,2025-09-07,"Deep Learning, Finance, SQL, Computer Vision",Busy,70.6,7,68.3
EMP3387,Neha Joshi,employee3387@company.local,Marketing,Project Manager,3.8,2017-09-29,"SQL, Computer Vision, Python, Machine Learning",Busy,79.9,7,75.1
EMP1603,Sneha Sharma,employee1603@company.local,Data Science,Analyst,1.3,2018-11-22,"Data Analysis, Project Management, NLP, Deep Learning",Available,79.5,4,58.0
EMP2837,Swati Menon,employee2837@company.local,Finance,Project Manager,8.7,2012-10-14,"Deep Learning, Django, Finance, Data Analysis",On Leave,81.3,6,88.9
EMP3101,Priya Pillai,employee3101@company.local,HR,Senior Developer,4.6,2012-05-19,"Finance, Python, Project Management",Available,72.8,4,69.4
EMP1415,Kavya Nair,employee1415@company.local,Finance,Business Analyst,8.1,2021-06-26,"Python, SQL",Available,69.9,2,83.1
EMP2277,Swati Menon,employee2277@company.local,IT,Analyst,6.4,2012-03-04,"Computer Vision, Finance, Project Management, Excel",Available,26.1,2,71.3
EMP3083,Sneha Joshi,employee3083@company.local,Sales,Developer,10.9,2019-10-05,"NLP, Computer Vision",Available,31.8,2,66.2
EMP030,Amit Das,employee030@company.local,Data Science,Analyst,3.2,2024-01-08,SQL,Available,36.0,3,75.4
EMP4127,Neha Iyer,employee4127@company.local,Finance,Senior Developer,3.1,2022-10-13,"Django, Python, Project Management",Available,83.1,5,75.6
EMP055,Kavya Nair,employee055@company.local,IT,HR Executive,4.6,2017-12-15,"Machine Learning, Python",Busy,78.0,5,71.7
EMP2314,Nikhil Patel,employee2314@company.local,HR,Senior Developer,4.2,2016-09-02,"Finance, Excel, Python",Available,63.0,4,50.4
EMP3320,Arun Singh,employee3320@company.local,IT,Business Analyst,14.0,2021-01-26,Machine Learning,Available,50.3,4,79.6
EMP4935,Kavya Nair,employee4935@company.local,Data Science,Project Manager,18.1,2013-10-19,Excel,Busy,47.4,4,85.3
EMP1216,Aditya Kumar,employee1216@company.local,Data Science,Data Scientist,9.5,2013-10-03,"Project Management, Finance, React, Deep Learning",Busy,50.1,3,81.4
EMP4145,Anita Reddy,employee4145@company.local,Engineering,Senior Developer,2.7,2021-11-08,"Python, Finance, Computer Vision, NLP",Busy,59.0,5,66.7
EMP509,Meera Pillai,employee509@company.local,IT,Team Lead,5.6,2015-08-24,React,Busy,90.3,7,88.6
EMP737,Swati Reddy,employee737@company.local,Data Science,Business Analyst,4.0,2025-04-23,"Computer Vision, Machine Learning, Project Management",Available,40.3,5,56.7
EMP1434,Nikhil Patel,employee1434@company.local,Engineering,Project Manager,10.1,2017-08-28,"Finance, Machine Learning",Available,52.7,3,66.1
EMP156,Aditya Raj,employee156@company.local,Engineering,Business Analyst,9.0,2014-08-13,"Excel, Computer Vision, Finance, Project Management",Available,67.3,5,54.8
EMP4729,Meera Kapoor,employee4729@company.local,Operations,Finance Analyst,12.4,2019-10-18,"Computer Vision, NLP, Project Management",Available,59.4,5,85.2
EMP2712,Sanjay Singh,employee2712@company.local,IT,Finance Analyst,0.8,2023-08-03,"SQL, Python",Available,41.1,2,58.0
EMP2053,Pooja Menon,employee2053@company.local,Operations,HR Executive,11.0,2019-10-09,Data Analysis,Busy,48.9,3,76.9
EMP162,Rahul Mishra,employee162@company.local,IT,Business Analyst,14.5,2022-01-02,SQL,Busy,47.6,4,71.1
EMP117,Swati Menon,employee117@company.local,Engineering,Analyst,5.7,2020-04-29,SQL,Busy,62.9,5,74.2
EMP662,Rahul Thomas,employee662@company.local,Operations,Project Manager,3.9,2015-05-18,"Excel, Machine Learning",Unknown,27.3,4,69.4
EMP3223,Sneha Nair,employee3223@company.local,Data Science,Project Manager,6.1,2020-10-03,"Python, Excel, Data Analysis, Machine Learning",Available,76.1,4,81.5
EMP908,Rohit Raj,employee908@company.local,Sales,HR Executive,5.6,2017-03-28,"Deep Learning, Project Management, Django",Available,69.9,6,58.5
EMP3766,Kiran Thomas,employee3766@company.local,Data Science,HR Executive,8.3,2024-10-04,Excel,Available,34.0,1,72.8
EMP3264,Vivek Kumar,employee3264@company.local,HR,Project Manager,3.0,2012-05-17,"SQL, NLP, Computer Vision, Data Analysis",Available,27.6,0,57.2
EMP2054,Nikhil Thomas,employee2054@company.local,IT,Team Lead,2.7,2017-07-25,"Finance, Python, SQL",Busy,84.9,8,73.5
EMP4680,Arun Singh,employee4680@company.local,Finance,Team Lead,7.4,2018-10-02,"Data Analysis, Django, NLP",Available,56.3,3,60.0
EMP2146,Kiran Mishra,employee2146@company.local,Marketing,Senior Developer,0.7,2016-11-30,"Excel, NLP",Busy,37.0,3,71.0
EMP1140,Arun Verma,employee1140@company.local,Data Science,Senior Developer,2.8,2016-02-11,"Data Analysis, Computer Vision, React",Available,58.5,2,59.0
EMP4129,Meera Reddy,employee4129@company.local,Engineering,Business Analyst,8.2,2022-09-12,"SQL, Excel",Busy,42.7,4,58.8
EMP2796,Aditya Raj,employee2796@company.local,Data Science,Business Analyst,0.8,2015-07-22,"Data Analysis, Excel, Deep Learning",Available,76.5,5,75.1
EMP1350,Amit Thomas,employee1350@company.local,Data Science,Project Manager,6.7,2015-08-18,"Data Analysis, Machine Learning, Deep Learning, Excel",Available,63.8,6,62.0
EMP2414,Nikhil Das,employee2414@company.local,Data Science,Team Lead,8.6,2013-07-07,NLP,Busy,27.9,4,61.9
EMP069,Meera Menon,employee069@company.local,Operations,HR Executive,6.5,2022-12-16,"Django, Python",Busy,59.8,3,64.7
EMP1849,Meera Kapoor,employee1849@company.local,Operations,Team Lead,3.7,2025-06-10,"Deep Learning, React, Excel",Available,33.6,4,71.0
EMP4754,Nikhil Mishra,employee4754@company.local,Operations,Team Lead,11.8,2016-05-30,"Finance, Django, React",Available,5.3,1,69.4
EMP325,Anita Menon,employee325@company.local,HR,HR Executive,13.0,2019-08-10,"Python, Data Analysis, NLP, Deep Learning",Busy,79.4,5,69.4
EMP790,Amit Thomas,employee790@company.local,HR,Data Scientist,3.5,2015-07-21,Python,Available,49.8,4,82.3
EMP2037,Swati Menon,employee2037@company.local,IT,HR Executive,6.9,2025-04-12,React,Busy,68.1,4,70.2
EMP664,Vivek Singh,employee664@company.local,Data Science,Analyst,6.0,2015-08-15,Computer Vision,Available,20.5,3,67.6
EMP515,Kavya Sharma,employee515@company.local,HR,Finance Analyst,2.3,2025-03-07,"Data Analysis, SQL, Machine Learning, React",Available,54.1,4,65.0
EMP581,Priya Menon,employee581@company.local,Finance,Senior Developer,22.0,2023-01-08,React,Available,46.7,4,93.5
EMP4301,Priya Pillai,employee4301@company.local,Finance,Business Analyst,18.5,2017-10-02,"Machine Learning, NLP, Python, Finance",Available,35.9,4,81.8
EMP3871,Divya Iyer,employee3871@company.local,HR,Data Scientist,3.7,2016-12-01,Project Management,Available,47.5,3,50.9
EMP2214,Nikhil Thomas,employee2214@company.local,Engineering,Project Manager,11.9,2017-03-31,"Machine Learning, Excel",On Leave,77.8,4,65.6
EMP4715,Kavya Joshi,employee4715@company.local,Sales,Business Analyst,2.9,2013-02-16,"NLP, React, Python",Available,74.6,6,82.1
EMP121,Priya Kapoor,employee121@company.local,Finance,HR Executive,6.0,2018-04-04,Django,Available,48.7,4,71.2
EMP3364,Vivek Verma,employee3364@company.local,Marketing,Finance Analyst,17.7,2024-04-02,"Computer Vision, Django",Busy,46.2,2,79.6
EMP3982,Rahul Das,employee3982@company.local,Finance,Senior Developer,8.6,2016-04-03,"Computer Vision, React",Busy,36.3,2,76.7
EMP092,Sanjay Raj,employee092@company.local,Engineering,Business Analyst,0.9,2014-11-28,"Django, SQL, Finance",Available,51.8,2,69.4
EMP4551,Divya Nair,employee4551@company.local,Sales,HR Executive,2.1,2017-06-02,"Data Analysis, Project Management, Python",Available,100.0,6,63.6
EMP2843,Sneha Joshi,employee2843@company.local,HR,HR Executive,4.1,2017-10-27,"Data Analysis, SQL",Available,46.0,1,75.8
EMP3551,Divya Iyer,employee3551@company.local,Engineering,HR Executive,4.0,2020-12-31,"Project Management, NLP, SQL",Available,91.1,5,63.4
EMP3130,Amit Patel,employee3130@company.local,IT,HR Executive,4.0,2017-01-10,"SQL, Finance, Computer Vision, Python",Available,29.7,4,75.8
EMP4189,Meera Pillai,employee4189@company.local,Engineering,HR Executive,7.0,2025-07-11,"Data Analysis, Deep Learning",Unknown,91.2,7,59.7
EMP580,Arun Verma,employee580@company.local,Operations,Project Manager,16.4,2024-12-05,"Finance, Deep Learning, Data Analysis",Available,64.6,3,69.4
EMP754,Nikhil Mishra,employee754@company.local,Data Science,Developer,2.2,2021-10-30,"Finance, SQL, Project Management",Available,84.3,5,55.9
EMP311,Divya Nair,employee311@company.local,Engineering,Business Analyst,3.5,2025-05-31,Django,Available,66.9,5,99.0
EMP2238,Manoj Das,employee2238@company.local,Engineering,Team Lead,12.9,2013-05-29,"Computer Vision, Deep Learning, Finance",Available,31.4,2,70.1
EMP1113,Pooja Kapoor,employee1113@company.local,HR,Business Analyst,3.9,2012-11-29,"SQL, Project Management, React",Available,46.7,5,52.3
EMP1861,Priya Menon,employee1861@company.local,Data Science,Developer,10.3,2024-04-15,"NLP, Data Analysis, Computer Vision",Busy,100.0,5,60.6
EMP4882,Rahul Mishra,employee4882@company.local,Data Science,Developer,7.4,2024-11-24,Django,Busy,74.6,5,70.3
EMP4643,Sneha Sharma,employee4643@company.local,Engineering,Data Scientist,12.1,2023-05-08,"Django, Computer Vision",Busy,66.5,5,84.3
EMP2645,Anita Menon,employee2645@company.local,HR,Developer,3.7,2025-08-03,"Python, Machine Learning, Computer Vision, Deep Learning",Busy,30.3,3,80.5
EMP935,Kavya Nair,employee935@company.local,Data Science,Project Manager,14.6,2020-03-02,"Excel, Machine Learning",Available,58.9,5,89.8
EMP4425,Anita Kapoor,employee4425@company.local,Marketing,Developer,3.5,2023-07-02,Django,Available,58.2,5,75.6
EMP3588,Rohit Verma,employee3588@company.local,HR,Project Manager,4.4,2013-06-16,Django,Busy,71.7,4,66.3
EMP2164,Vivek Verma,employee2164@company.local,Engineering,Data Scientist,8.8,2023-06-10,"Python, SQL",Busy,75.8,6,65.5
EMP4733,Pooja Pillai,employee4733@company.local,IT,Analyst,8.5,2015-12-10,"Computer Vision, Deep Learning",Busy,52.5,3,72.3
EMP4958,Manoj Das,employee4958@company.local,IT,Project Manager,13.8,2022-11-23,Deep Learning,Available,75.4,7,91.5
EMP4486,Kiran Thomas,employee4486@company.local,IT,Analyst,5.0,2024-07-31,"Excel, Machine Learning, Django, React",Available,48.6,3,75.2
EMP4004,Vivek Verma,employee4004@company.local,Engineering,Finance Analyst,4.4,2018-03-08,"Project Management, Computer Vision",Available,56.8,5,62.1
EMP4052,Sanjay Verma,employee4052@company.local,Data Science,Senior Developer,10.6,2015-02-20,Finance,Available,7.3,1,55.8
EMP259,Isha Sharma,employee259@company.local,Sales,Finance Analyst,9.9,2012-04-11,"Finance, React",On Leave,32.6,2,83.7
EMP1317,Swati Menon,employee1317@company.local,Engineering,Business Analyst,5.9,2018-10-26,Computer Vision,Busy,61.6,4,71.5
EMP1836,Aditya Raj,employee1836@company.local,HR,Team Lead,12.8,2023-08-21,"NLP, Project Management, Excel, Deep Learning",Available,49.4,0,80.3
EMP1098,Manoj Patel,employee1098@company.local,Engineering,Senior Developer,6.3,2015-07-30,"React, SQL, Machine Learning",Available,74.7,4,74.2
EMP011,Divya Joshi,employee011@company.local,Sales,Senior Developer,8.0,2024-04-18,"Python, Django",Available,68.8,5,55.6
EMP1745,Anita Reddy,employee1745@company.local,Engineering,Finance Analyst,1.6,2018-09-09,"Finance, Computer Vision, Django, Python",Available,39.8,2,58.0
EMP401,Priya Reddy,employee401@company.local,Data Science,Data Scientist,14.3,2019-06-30,Machine Learning,On Leave,28.7,1,91.1
EMP1581,Priya Pillai,employee1581@company.local,Finance,Analyst,5.6,2020-01-13,"Data Analysis, NLP",Available,44.1,6,61.4
EMP1463,Sneha Nair,employee1463@company.local,Operations,Analyst,4.3,2015-12-16,"Data Analysis, Deep Learning, Django, React",Available,40.2,2,62.5
EMP3483,Sneha Joshi,employee3483@company.local,Operations,HR Executive,1.5,2018-01-30,"Finance, Computer Vision, Python, React",Busy,63.1,3,54.7
EMP2393,Pooja Kapoor,employee2393@company.local,Sales,Analyst,2.8,2015-02-17,"Machine Learning, Finance",On Leave,48.3,3,62.3
EMP242,Rahul Mishra,employee242@company.local,Sales,Project Manager,6.6,2012-01-03,"Project Management, Finance",Busy,63.4,5,76.3
EMP2525,Anita Pillai,employee2525@company.local,Sales,HR Executive,7.8,2015-06-03,Machine Learning,Busy,22.1,2,71.2
EMP4131,Divya Sharma,employee4131@company.local,Sales,Developer,4.1,2024-05-28,"Finance, Django, Project Management",Busy,54.7,5,80.1
EMP3519,Isha Iyer,employee3519@company.local,IT,Senior Developer,7.6,2022-01-12,"Computer Vision, Project Management, React, Django",Available,44.5,3,70.6
EMP3520,Arun Kumar,employee3520@company.local,IT,Data Scientist,13.4,2020-04-19,"Deep Learning, Data Analysis, Machine Learning, Python",Available,65.1,5,52.4
EMP1813,Pooja Menon,employee1813@company.local,Sales,HR Executive,3.3,2017-03-03,"Excel, Computer Vision",Available,61.3,5,80.4
EMP4591,Divya Iyer,employee4591@company.local,Marketing,Analyst,5.1,2016-04-19,"Machine Learning, Python",Busy,39.3,3,75.5
EMP1408,Rohit Kumar,employee1408@company.local,Data Science,Team Lead,6.2,2013-06-25,NLP,Available,48.1,6,49.2
EMP1380,Arun Verma,employee1380@company.local,Engineering,Business Analyst,7.1,2023-05-25,"Computer Vision, Django",Available,47.8,3,53.9
EMP1704,Vivek Singh,employee1704@company.local,Engineering,Analyst,1.4,2018-05-12,"Computer Vision, SQL",Available,18.1,3,74.8
EMP2107,Neha Joshi,employee2107@company.local,Finance,Analyst,1.6,2012-05-09,"SQL, React",Available,67.7,4,65.2
EMP3895,Kavya Nair,employee3895@company.local,Operations,Developer,5.1,2018-10-10,Excel,Busy,36.2,2,69.4
EMP1721,Priya Kapoor,employee1721@company.local,Marketing,Business Analyst,4.4,2014-01-06,"NLP, Django",Available,54.9,5,80.6
EMP2284,Vivek Raj,employee2284@company.local,IT,Team Lead,5.8,2019-08-05,"Python, NLP",Available,67.6,6,65.8
EMP683,Sneha Joshi,employee683@company.local,Operations,Developer,4.1,2012-03-07,"React, Deep Learning",Busy,79.2,4,80.2
EMP4900,Arun Verma,employee4900@company.local,Marketing,Developer,12.9,2019-11-12,Django,Busy,47.9,4,75.6
EMP1513,Pooja Kapoor,employee1513@company.local,Marketing,Analyst,6.0,2025-07-31,"SQL, Deep Learning, Machine Learning, React",Available,60.4,5,59.3
EMP788,Rohit Verma,employee788@company.local,Sales,Data Scientist,5.3,2021-11-18,"Deep Learning, Machine Learning, SQL, NLP",Available,83.4,7,58.6
EMP4084,Vivek Verma,employee4084@company.local,Finance,Senior Developer,2.6,2016-05-26,Finance,Available,16.6,2,50.3
EMP542,Rahul Das,employee542@company.local,Marketing,Business Analyst,6.2,2020-01-30,"React, Project Management, Excel, Computer Vision",Available,51.9,6,96.2
EMP2018,Manoj Mishra,employee2018@company.local,Operations,Finance Analyst,3.7,2013-07-19,"Project Management, Machine Learning, Deep Learning",Available,54.2,2,56.2
EMP4544,Vivek Kumar,employee4544@company.local,Engineering,Analyst,6.1,2025-04-10,Data Analysis,Available,83.7,5,75.6
EMP2074,Nikhil Patel,employee2074@company.local,Engineering,Team Lead,5.5,2013-02-19,"NLP, Deep Learning",Available,72.5,4,79.0
EMP4020,Arun Verma,employee4020@company.local,Finance,Finance Analyst,9.6,2016-10-05,"Machine Learning, Computer Vision, Django",Busy,83.6,7,85.9
EMP3329,Meera Reddy,employee3329@company.local,Engineering,HR Executive,8.7,2019-11-08,Project Management,Available,42.3,4,77.8
EMP521,Priya Kapoor,employee521@company.local,Operations,Senior Developer,5.6,2017-10-27,SQL,Available,55.1,2,71.1
EMP4447,Neha Iyer,employee4447@company.local,Operations,Project Manager,7.3,2018-11-13,"Python, Excel, Computer Vision, Django",Busy,86.3,7,65.4
EMP3971,Divya Sharma,employee3971@company.local,HR,Analyst,10.1,2019-02-18,"Data Analysis, Computer Vision",Available,96.1,7,66.0
EMP2101,Priya Menon,employee2101@company.local,IT,Business Analyst,6.7,2018-06-23,"Django, NLP, Project Management, Excel",On Leave,43.7,2,69.4
EMP3265,Anita Reddy,employee3265@company.local,IT,HR Executive,5.3,2020-07-10,"Data Analysis, Machine Learning",Available,69.7,4,73.8
EMP2022,Rahul Thomas,employee2022@company.local,Data Science,Team Lead,7.8,2022-10-01,"React, Data Analysis, NLP",Busy,30.2,3,76.2
EMP4860,Arun Raj,employee4860@company.local,Engineering,Project Manager,10.0,2012-06-10,"Django, SQL, Excel, React",Available,61.8,4,75.6
EMP1300,Arun Verma,employee1300@company.local,Sales,HR Executive,5.6,2022-10-25,"Project Management, Excel",Available,100.0,6,58.0
EMP3721,Priya Kapoor,employee3721@company.local,Finance,Developer,3.8,2015-02-26,"Computer Vision, Machine Learning",Busy,79.0,5,63.0
EMP1204,Vivek Verma,employee1204@company.local,Finance,Analyst,5.8,2025-07-13,NLP,Available,47.4,5,75.3
EMP3706,Kiran Patel,employee3706@company.local,Data Science,Developer,1.3,2016-11-16,"Data Analysis, NLP, Project Management",Available,25.9,0,46.3
EMP902,Rahul Thomas,employee902@company.local,Sales,Data Scientist,3.7,2024-06-12,Deep Learning,Busy,16.6,1,72.3
EMP4008,Rohit Singh,employee4008@company.local,HR,HR Executive,10.5,2023-09-28,Python,Available,49.4,2,67.2
EMP4653,Pooja Pillai,employee4653@company.local,IT,Finance Analyst,3.9,2023-05-17,Data Analysis,Available,51.5,5,80.5
EMP4942,Rahul Das,employee4942@company.local,Engineering,Team Lead,2.2,2019-12-31,"Project Management, Excel",Busy,90.9,7,68.5
EMP4434,Nikhil Mishra,employee4434@company.local,HR,Team Lead,13.6,2022-09-12,"SQL, Deep Learning, Computer Vision",Available,20.7,0,68.7
EMP498,Manoj Mishra,employee498@company.local,IT,Project Manager,9.8,2025-06-11,Machine Learning,Busy,48.7,4,75.1
EMP1600,Arun Kumar,employee1600@company.local,IT,Business Analyst,5.3,2017-04-18,"Computer Vision, Django, Finance, Deep Learning",Available,49.8,4,64.0
EMP3806,Kiran Das,employee3806@company.local,Engineering,Business Analyst,4.7,2020-08-04,"Python, Deep Learning, Project Management, Machine Learning",Available,39.0,1,75.1
EMP2979,Isha Sharma,employee2979@company.local,Marketing,Project Manager,17.0,2025-07-03,"Finance, Machine Learning, Computer Vision, SQL",Busy,28.1,1,87.6
EMP898,Manoj Mishra,employee898@company.local,Operations,Business Analyst,4.6,2020-01-01,"Project Management, Machine Learning",Available,21.1,1,61.5
EMP3781,Priya Menon,employee3781@company.local,Sales,Developer,12.0,2015-02-23,"Computer Vision, React, Finance, Excel",Busy,82.6,6,89.2
EMP3990,Amit Thomas,employee3990@company.local,IT,Business Analyst,1.8,2020-01-05,React,Available,66.1,4,70.0
EMP2077,Swati Pillai,employee2077@company.local,IT,Analyst,7.3,2025-04-28,"Data Analysis, Deep Learning, Django",Busy,52.3,4,61.9
EMP4457,Swati Kapoor,employee4457@company.local,Operations,Team Lead,14.7,2023-01-13,"React, Django, NLP",Available,64.2,4,88.0
EMP2317,Not specified,employee2317@company.local,HR,Developer,5.8,2022-08-18,"Python, Data Analysis, Computer Vision",Available,63.3,4,55.2
EMP4849,Meera Reddy,employee4849@company.local,Marketing,Business Analyst,6.4,2019-07-26,Machine Learning,Busy,40.9,1,69.8
EMP782,Rahul Das,employee782@company.local,Operations,HR Executive,10.2,2021-09-22,"Machine Learning, Deep Learning, Django, NLP",Available,38.6,3,77.9
EMP4679,Isha Nair,employee4679@company.local,Sales,Team Lead,1.5,2012-04-01,"Excel, Finance, Python, SQL",Available,62.8,3,69.9
EMP3599,Isha Iyer,employee3599@company.local,Marketing,Project Manager,4.1,2016-11-04,Data Analysis,Available,64.9,5,72.6
EMP2190,Amit Das,employee2190@company.local,Operations,Project Manager,12.2,2014-11-29,"Data Analysis, Project Management, SQL",Available,71.1,5,77.7
EMP1226,Kiran Patel,employee1226@company.local,HR,Finance Analyst,14.9,2017-04-21,"Django, Machine Learning",Busy,28.3,2,69.4
EMP473,Pooja Kapoor,employee473@company.local,Engineering,Business Analyst,1.0,2018-04-13,"Machine Learning, SQL, Python, Django",Available,32.9,3,61.5
EMP4199,Isha Nair,employee4199@company.local,Finance,Business Analyst,3.7,2022-06-30,"React, Finance, Python, NLP",Available,99.4,8,69.4
EMP4227,Neha Sharma,employee4227@company.local,Data Science,HR Executive,12.5,2023-05-10,Deep Learning,Available,51.5,4,93.8
EMP4650,Amit Patel,employee4650@company.local,Operations,HR Executive,8.6,2024-06-14,"Excel, Python, Deep Learning, Machine Learning",Available,48.7,1,88.6
EMP1440,Arun Kumar,employee1440@company.local,Engineering,Team Lead,3.8,2013-01-29,"Finance, Excel",Available,52.1,3,35.2
EMP513,Pooja Reddy,employee513@company.local,Sales,HR Executive,7.6,2025-02-02,"Data Analysis, Excel",Available,44.6,5,69.4
EMP213,Pooja Menon,employee213@company.local,Data Science,HR Executive,11.2,2021-01-16,Excel,Available,59.6,6,85.4
EMP438,Manoj Thomas,employee438@company.local,Data Science,Data Scientist,17.2,2015-04-03,Deep Learning,Unknown,41.4,3,78.3
EMP1565,Anita Pillai,employee1565@company.local,Engineering,Project Manager,5.6,2021-10-15,Machine Learning,Available,43.7,2,71.5
EMP1142,Rahul Thomas,employee1142@company.local,Marketing,Analyst,7.8,2019-06-30,"React, Python, Data Analysis, Deep Learning",Busy,33.1,2,67.5
EMP835,Kavya Sharma,employee835@company.local,Engineering,HR Executive,6.4,2021-09-20,"React, SQL",Busy,58.7,3,63.9
EMP4014,Nikhil Das,employee4014@company.local,Operations,Analyst,11.7,2015-05-20,"Deep Learning, SQL, Python, Django",Busy,55.7,6,70.6
EMP3469,Meera Pillai,employee3469@company.local,Data Science,Project Manager,3.3,2023-10-05,NLP,Available,32.7,1,74.0
EMP363,Sneha Joshi,employee363@company.local,Operations,HR Executive,11.0,2013-01-31,React,Busy,41.8,1,73.1
EMP058,Manoj Patel,employee058@company.local,IT,Analyst,13.6,2013-06-24,"Computer Vision, React",Busy,79.5,5,82.1
EMP2274,Nikhil Mishra,employee2274@company.local,Engineering,Project Manager,2.0,2013-05-21,"React, Project Management, Machine Learning",Available,47.5,3,65.5
EMP1744,Vivek Kumar,employee1744@company.local,Marketing,Developer,5.9,2021-10-03,Computer Vision,Unknown,12.7,1,66.4
EMP2195,Kavya Sharma,employee2195@company.local,IT,Project Manager,1.5,2021-11-26,"Finance, Django",Available,47.4,3,54.2
EMP1284,Vivek Verma,employee1284@company.local,IT,Data Scientist,7.0,2025-06-03,"Deep Learning, Excel, React",Available,5.2,2,70.7
EMP3300,Arun Verma,employee3300@company.local,Data Science,Developer,6.1,2025-09-08,Machine Learning,Busy,76.9,3,67.9
EMP2769,Meera Reddy,employee2769@company.local,Data Science,HR Executive,10.0,2021-05-16,"Python, Django, Finance",Available,87.9,8,72.9
EMP329,Meera Kapoor,employee329@company.local,Marketing,HR Executive,9.0,2017-10-27,"SQL, Machine Learning",Available,41.6,3,67.2
EMP2312,Sanjay Singh,employee2312@company.local,HR,Finance Analyst,2.2,2022-12-23,"Django, React, NLP, Python",Available,5.7,1,57.1
EMP3812,Sanjay Verma,employee3812@company.local,Marketing,HR Executive,5.6,2020-01-20,"Finance, Deep Learning, Python",Available,55.7,5,78.7
EMP3946,Kiran Patel,employee3946@company.local,Operations,Developer,3.2,2022-12-30,"Python, React, Data Analysis",Available,79.6,7,83.2
EMP1410,Amit Mishra,employee1410@company.local,Data Science,HR Executive,0.3,2019-10-07,"Python, Django",Busy,43.7,2,60.2
EMP3984,Vivek Kumar,employee3984@company.local,HR,Business Analyst,3.6,2019-02-27,"NLP, Machine Learning, Finance, Excel",Available,29.3,2,65.5
EMP3787,Neha Joshi,employee3787@company.local,Data Science,HR Executive,5.1,2019-02-03,"Data Analysis, Excel, Machine Learning, Django",Available,58.9,4,64.1
EMP4427,Neha Joshi,employee4427@company.local,IT,Senior Developer,0.2,2021-09-12,Computer Vision,Busy,68.9,3,65.6
EMP3070,Amit Das,employee3070@company.local,IT,Finance Analyst,2.8,2013-04-15,"Excel, Computer Vision, Deep Learning",Available,82.7,5,35.5
EMP947,Neha Sharma,employee947@company.local,IT,Analyst,3.6,2016-09-16,"React, Excel",Available,41.3,3,70.3
EMP2869,Meera Menon,employee2869@company.local,Engineering,Developer,2.1,2018-02-08,Excel,Busy,75.5,5,51.9
EMP3156,Aditya Verma,employee3156@company.local,Sales,Finance Analyst,4.5,2019-10-17,"Project Management, Finance, Django",Available,47.3,5,57.5
EMP2951,Divya Nair,employee2951@company.local,Marketing,Team Lead,4.8,2023-11-12,"SQL, Project Management, NLP, Computer Vision",Available,72.0,3,54.8
EMP1781,Priya Menon,employee1781@company.local,Engineering,Data Scientist,0.9,2019-12-31,"Django, Data Analysis",Busy,16.9,2,84.4
EMP720,Arun Kumar,employee720@company.local,Engineering,Finance Analyst,7.8,2012-06-21,"NLP, SQL, Excel",Busy,81.0,5,83.6
EMP2950,Amit Thomas,employee2950@company.local,Sales,HR Executive,5.0,2021-02-01,Excel,Available,43.1,3,74.7
EMP3085,Anita Pillai,employee3085@company.local,HR,Developer,8.0,2024-07-25,Machine Learning,Available,46.8,3,90.7
EMP015,Kavya Iyer,employee015@company.local,HR,Business Analyst,2.8,2015-01-25,"Finance, React, Django",Available,28.1,1,69.0
EMP3589,Meera Menon,employee3589@company.local,IT,HR Executive,7.1,2020-02-13,"Finance, NLP, Machine Learning, Deep Learning",Busy,51.4,5,77.6
EMP1245,Anita Pillai,employee1245@company.local,Sales,Developer,1.0,2013-12-28,"Deep Learning, Machine Learning",Available,100.0,7,45.0
EMP4181,Priya Menon,employee4181@company.local,Data Science,Senior Developer,7.7,2016-10-28,Data Analysis,Available,42.1,3,65.6
EMP3999,Isha Iyer,employee3999@company.local,IT,Developer,13.6,2015-12-27,"Excel, Deep Learning",Available,25.4,2,91.9
EMP3954,Nikhil Mishra,employee3954@company.local,Sales,Team Lead,8.1,2013-04-04,Machine Learning,Busy,62.0,4,61.7
EMP4360,Arun Singh,employee4360@company.local,IT,Analyst,5.9,2019-08-16,"Finance, Machine Learning",Available,40.3,3,66.3
EMP755,Kavya Sharma,employee755@company.local,Engineering,Finance Analyst,0.9,2017-06-19,Deep Learning,Available,25.4,4,69.4
EMP746,Kiran Patel,employee746@company.local,HR,Finance Analyst,4.7,2025-03-04,"Excel, Machine Learning, Data Analysis",Busy,53.7,2,71.0
EMP503,Sneha Nair,employee503@company.local,Marketing,HR Executive,3.8,2025-06-20,"Python, NLP, Computer Vision, Data Analysis",Busy,55.7,3,62.5
EMP2121,Priya Kapoor,employee2121@company.local,Data Science,Senior Developer,9.7,2016-10-22,"Machine Learning, Deep Learning, Project Management",Busy,28.5,1,75.5
EMP2008,Rohit Singh,employee2008@company.local,Operations,Team Lead,22.0,2020-06-03,"Machine Learning, Deep Learning, Data Analysis, Excel",Available,78.7,4,95.1
EMP2741,Priya Menon,employee2741@company.local,IT,Business Analyst,8.3,2015-05-03,"Deep Learning, SQL, Computer Vision",Busy,81.2,6,62.7
EMP3514,Nikhil Patel,employee3514@company.local,IT,Team Lead,17.2,2022-08-10,"Python, Django, Computer Vision, Deep Learning",Available,27.0,2,67.7
EMP3357,Swati Pillai,employee3357@company.local,Sales,Analyst,11.1,2025-05-28,Django,Busy,46.6,5,79.5
EMP1001,Priya Kapoor,employee1001@company.local,Marketing,Team Lead,7.8,2016-06-15,"Project Management, React",Busy,63.5,4,63.6
EMP1729,Meera Reddy,employee1729@company.local,IT,Analyst,13.8,2013-07-25,"Project Management, SQL",Busy,22.8,1,72.6
EMP507,Neha Joshi,employee507@company.local,IT,Finance Analyst,4.1,2022-10-23,"Computer Vision, Project Management, Python",Busy,27.2,2,68.1
EMP4304,Vivek Kumar,employee4304@company.local,Sales,Analyst,4.2,2016-08-03,Computer Vision,Available,36.3,4,62.6
EMP623,Sneha Iyer,employee623@company.local,Marketing,Analyst,8.4,2016-05-17,"Finance, NLP, Data Analysis, React",Available,84.2,6,62.9
EMP4652,Sanjay Raj,employee4652@company.local,Marketing,Finance Analyst,3.4,2018-04-02,NLP,Available,49.4,2,67.2
EMP4369,Meera Reddy,employee4369@company.local,Finance,Senior Developer,13.7,2015-08-08,"Finance, Project Management",Available,46.4,5,70.2
EMP1218,Manoj Mishra,employee1218@company.local,Data Science,Analyst,11.0,2016-12-09,"React, Python, Excel",On Leave,72.8,3,76.3
EMP2262,Rahul Thomas,employee2262@company.local,Engineering,Senior Developer,4.9,2021-06-18,Machine Learning,Available,27.8,4,60.9
EMP4471,Divya Nair,employee4471@company.local,Data Science,Project Manager,4.9,2014-09-25,"React, Finance",Available,57.7,6,71.0
EMP1975,Kavya Nair,employee1975@company.local,Sales,Analyst,3.1,2021-05-01,"Deep Learning, Python, Machine Learning",Available,78.9,6,59.6
EMP2728,Rohit Singh,employee2728@company.local,IT,Analyst,2.8,2022-11-20,Project Management,Available,1.6,0,62.4
EMP3337,Swati Kapoor,employee3337@company.local,Data Science,Team Lead,6.0,2020-10-14,"Deep Learning, Django",Available,75.7,4,62.0
EMP1759,Isha Iyer,employee1759@company.local,Engineering,Analyst,0.6,2021-03-12,"SQL, Deep Learning, Computer Vision",Available,66.8,5,68.9
EMP1617,Swati Reddy,employee1617@company.local,Data Science,Project Manager,10.9,2022-12-23,"Excel, Python, Data Analysis, Django",Available,62.6,3,56.0
EMP1872,Sanjay Kumar,employee1872@company.local,Operations,HR Executive,2.5,2016-09-22,"Finance, Project Management, Deep Learning, React",Available,25.3,3,60.2
EMP1650,Amit Mishra,employee1650@company.local,Sales,Business Analyst,6.4,2020-11-04,NLP,Available,83.7,6,69.1
EMP1829,Meera Menon,employee1829@company.local,IT,Senior Developer,1.0,2022-08-08,"SQL, Machine Learning, Computer Vision",Available,51.8,4,52.6
EMP2356,Aditya Verma,employee2356@company.local,Sales,Finance Analyst,3.6,2015-12-19,Finance,Busy,21.8,2,72.1
EMP2232,Sanjay Singh,employee2232@company.local,Data Science,Analyst,9.5,2012-09-16,"Machine Learning, Django, NLP, Computer Vision",Available,52.5,1,78.3
EMP4377,Swati Kapoor,employee4377@company.local,Engineering,Analyst,14.4,2018-09-12,"Machine Learning, Python, Data Analysis",Available,40.5,4,66.5
EMP2019,Isha Sharma,employee2019@company.local,Operations,Analyst,2.5,2019-09-11,"Python, React, Finance",Available,66.0,5,63.2
EMP4975,Kavya Iyer,employee4975@company.local,Operations,Business Analyst,8.7,2018-02-24,Data Analysis,Available,96.3,7,77.6
EMP2552,Sanjay Singh,employee2552@company.local,HR,Data Scientist,2.9,2022-06-19,"Project Management, Computer Vision, NLP, Python",Busy,70.0,5,78.8
EMP2533,Pooja Menon,employee2533@company.local,Finance,Senior Developer,1.7,2015-11-13,"Deep Learning, Machine Learning, Computer Vision",Busy,13.3,1,73.4
EMP3927,Neha Nair,employee3927@company.local,Engineering,Analyst,5.9,2019-07-31,SQL,Available,54.6,5,75.8
EMP4016,Aditya Kumar,employee4016@company.local,Engineering,Team Lead,22.0,2017-03-30,"Project Management, Computer Vision, Finance",Busy,51.3,5,79.8
EMP4294,Nikhil Thomas,employee4294@company.local,Sales,Developer,16.2,2017-07-08,Machine Learning,Available,23.9,3,89.1
EMP1502,Rahul Das,employee1502@company.local,Finance,Data Scientist,5.0,2014-02-23,"SQL, React",Available,55.7,4,61.3
EMP3517,Swati Pillai,employee3517@company.local,Operations,HR Executive,6.9,2012-11-22,"Machine Learning, NLP",Available,58.1,3,51.7
EMP1465,Anita Kapoor,employee1465@company.local,Operations,Data Scientist,6.9,2012-01-11,"React, Python, Deep Learning, SQL",Available,90.8,8,57.3
EMP752,Sanjay Kumar,employee752@company.local,Engineering,Team Lead,4.5,2023-08-25,"Data Analysis, React, Project Management, Finance",Available,73.9,5,69.4
EMP4386,Kiran Mishra,employee4386@company.local,Marketing,Senior Developer,4.7,2014-04-23,"Machine Learning, Python, NLP, SQL",Available,82.1,7,56.7
EMP3053,Pooja Pillai,employee3053@company.local,IT,Business Analyst,18.5,2025-01-29,Excel,Available,87.3,6,89.1
EMP500,Arun Verma,employee500@company.local,Engineering,HR Executive,2.0,2023-04-06,"SQL, NLP",Available,36.6,2,59.4
EMP1048,Rohit Singh,employee1048@company.local,Engineering,Senior Developer,3.6,2019-12-22,"Data Analysis, Django, Python, Deep Learning",Available,20.4,2,55.8
EMP083,Sneha Sharma,employee083@company.local,HR,Project Manager,8.6,2012-09-26,"Computer Vision, NLP, Deep Learning",Busy,71.3,6,61.9
EMP3032,Sanjay Singh,employee3032@company.local,Marketing,HR Executive,1.9,2017-10-04,"Django, Excel",Busy,12.0,0,67.0
EMP4664,Vivek Singh,employee4664@company.local,IT,HR Executive,3.7,2012-01-23,"Deep Learning, SQL, React",Busy,22.5,1,67.6
EMP4349,Meera Pillai,employee4349@company.local,Finance,HR Executive,3.9,2013-07-10,"Excel, Python, Django, Machine Learning",Available,36.2,3,67.6
EMP4870,Amit Thomas,employee4870@company.local,HR,Project Manager,5.0,2018-04-20,"Finance, Deep Learning, Computer Vision",Available,39.1,0,78.6
EMP2338,Manoj Mishra,employee2338@company.local,Engineering,Developer,2.6,2013-04-22,"Machine Learning, Excel, Project Management, Django",Unknown,21.5,0,74.7
EMP4439,Isha Nair,employee4439@company.local,Operations,Finance Analyst,6.4,2021-11-02,"Finance, Project Management, Deep Learning",Available,100.0,7,60.6
EMP2286,Kiran Das,employee2286@company.local,Marketing,Team Lead,7.0,2022-08-27,"Project Management, Django, React",Available,77.1,5,49.2
EMP2096,Aditya Kumar,employee2096@company.local,Sales,Project Manager,2.3,2019-09-21,SQL,Available,75.4,5,71.9
EMP4032,Sanjay Kumar,employee4032@company.local,IT,Senior Developer,3.8,2020-08-09,"Python, Machine Learning, Data Analysis, Computer Vision",Busy,73.2,5,55.5
EMP1516,Aditya Raj,employee1516@company.local,Data Science,Analyst,13.5,2022-06-23,"Project Management, SQL, Django, Excel",Available,44.8,2,86.6
EMP1680,Arun Kumar,employee1680@company.local,Data Science,Business Analyst,4.6,2020-02-24,Excel,Available,27.7,2,59.3
EMP4378,Manoj Patel,employee4378@company.local,HR,Business Analyst,6.7,2012-11-12,"Deep Learning, NLP, SQL",Available,47.7,3,69.4
EMP4104,Vivek Singh,employee4104@company.local,Marketing,Team Lead,2.3,2019-02-02,"React, Deep Learning, Python",Busy,56.4,3,65.5
EMP2473,Pooja Kapoor,employee2473@company.local,IT,Project Manager,6.2,2015-07-28,"Data Analysis, Computer Vision, SQL, Django",Busy,35.6,1,77.0
EMP3950,Amit Das,employee3950@company.local,Operations,Senior Developer,5.6,2021-12-23,"Deep Learning, React",Available,52.7,2,67.9
EMP440,Arun Singh,employee440@company.local,IT,HR Executive,20.0,2016-11-13,Finance,Busy,35.4,3,84.0
EMP135,Kavya Nair,employee135@company.local,Data Science,Finance Analyst,3.4,2014-06-27,"Python, SQL, Data Analysis",Available,79.1,4,64.5
EMP3404,Vivek Raj,employee3404@company.local,Data Science,Data Scientist,2.4,2015-10-09,"NLP, Project Management, Machine Learning",Available,32.5,1,52.7
EMP4477,Swati Pillai,employee4477@company.local,Finance,HR Executive,4.1,2017-03-01,Python,Busy,71.3,6,68.6
EMP2439,Isha Nair,employee2439@company.local,Engineering,Data Scientist,4.7,2017-11-16,"Computer Vision, Django",On Leave,53.1,3,67.1
EMP1106,Kiran Mishra,employee1106@company.local,Finance,Business Analyst,9.3,2014-07-18,"Data Analysis, Django",Available,54.6,3,70.7
EMP2659,Isha Sharma,employee2659@company.local,Sales,Senior Developer,11.9,2021-09-14,"React, Data Analysis",Available,42.1,5,83.9
EMP3775,Kavya Iyer,employee3775@company.local,HR,Senior Developer,4.4,2021-05-18,"Computer Vision, Data Analysis, Finance",Available,39.0,2,69.4
EMP1840,Arun Kumar,employee1840@company.local,IT,Team Lead,11.0,2015-04-26,"React, Project Management, SQL",Available,74.2,7,86.1
EMP1267,Neha Sharma,employee1267@company.local,Marketing,Finance Analyst,22.0,2018-01-02,"Python, Excel, Computer Vision, Machine Learning",Busy,79.0,7,69.8
EMP4287,Neha Iyer,employee4287@company.local,Finance,Senior Developer,4.4,2024-01-25,"Machine Learning, Finance, Project Management",Available,23.6,1,64.8
EMP204,Vivek Raj,employee204@company.local,Operations,Project Manager,2.5,2020-11-27,"Django, Excel, Machine Learning",Busy,51.5,4,56.5
EMP979,Isha Sharma,employee979@company.local,Data Science,HR Executive,3.5,2023-12-24,"SQL, Machine Learning, Excel, Project Management",Available,43.9,4,53.0
EMP2268,Rohit Raj,employee2268@company.local,Data Science,Business Analyst,6.5,2017-06-26,"Deep Learning, Django, Machine Learning, NLP",Available,49.4,4,82.1
EMP1614,Nikhil Das,employee1614@company.local,Sales,Data Scientist,6.1,2023-11-23,"Data Analysis, Project Management, Machine Learning, Finance",On Leave,68.8,5,65.3
EMP1795,Kavya Sharma,employee1795@company.local,Sales,Project Manager,3.4,2023-09-07,"Django, Python, Deep Learning, Project Management",Busy,89.7,4,69.3
EMP4780,Arun Raj,employee4780@company.local,Engineering,Senior Developer,9.2,2014-06-08,"Excel, Data Analysis, NLP, Django",Available,62.8,4,84.2
EMP3215,Kavya Iyer,employee3215@company.local,Engineering,Business Analyst,9.7,2018-02-10,"Excel, Data Analysis, Machine Learning, NLP",Busy,31.0,2,72.6
EMP3250,Amit Mishra,employee3250@company.local,Finance,Data Scientist,6.3,2021-08-31,Computer Vision,Available,49.0,2,74.7
EMP1766,Kiran Thomas,employee1766@company.local,Marketing,Project Manager,9.9,2025-02-06,React,Available,59.8,4,80.6
EMP2397,Swati Pillai,employee2397@company.local,Engineering,Project Manager,15.0,2018-01-01,SQL,Available,66.8,4,97.6
EMP1846,Kiran Thomas,employee1846@company.local,Marketing,HR Executive,3.1,2013-07-16,Python,Available,93.5,6,71.1
EMP2862,Rahul Das,employee2862@company.local,IT,HR Executive,7.8,2018-05-03,Data Analysis,On Leave,42.0,4,73.8
EMP2785,Anita Reddy,employee2785@company.local,Data Science,Project Manager,10.9,2016-03-27,"Finance, Deep Learning",Available,28.0,0,64.4
EMP2774,Nikhil Thomas,employee2774@company.local,Finance,Project Manager,0.6,2021-05-17,Finance,Available,55.3,5,78.5
EMP566,Kiran Thomas,employee566@company.local,HR,Data Scientist,2.9,2013-09-14,"Excel, Deep Learning, Django",Available,55.7,5,65.7
EMP4675,Kavya Sharma,employee4675@company.local,HR,Business Analyst,8.7,2023-12-01,SQL,Available,18.2,3,80.0
EMP527,Neha Iyer,employee527@company.local,Sales,Data Scientist,2.9,2022-08-02,"Finance, Deep Learning, SQL",On Leave,42.2,4,74.1
EMP3885,Anita Pillai,employee3885@company.local,Operations,Business Analyst,5.2,2015-01-07,React,Busy,68.9,6,65.4
EMP4066,Kiran Mishra,employee4066@company.local,Sales,Finance Analyst,2.8,2012-03-28,"SQL, Computer Vision, React, Data Analysis",On Leave,64.0,4,72.6
EMP3634,Nikhil Mishra,employee3634@company.local,Marketing,Project Manager,6.1,2022-08-23,"Data Analysis, Python",Available,53.7,4,87.9
EMP390,Amit Thomas,employee390@company.local,Engineering,Team Lead,2.6,2017-03-20,Data Analysis,Available,100.0,6,60.4
EMP810,Amit Patel,employee810@company.local,Sales,Business Analyst,11.6,2015-03-30,"NLP, Computer Vision, Excel",Busy,54.1,2,71.9
EMP2899,Isha Sharma,employee2899@company.local,Engineering,Team Lead,6.1,2024-02-10,"NLP, React, Project Management",Available,79.5,6,72.5
EMP2197,Swati Menon,employee2197@company.local,Engineering,Senior Developer,6.6,2020-12-06,Excel,Available,56.0,3,77.0
EMP035,Kavya Sharma,employee035@company.local,IT,Developer,8.7,2021-06-09,"Data Analysis, React, Deep Learning, Django",Available,86.6,4,79.1
EMP2240,Arun Kumar,employee2240@company.local,Sales,Team Lead,8.5,2024-06-02,SQL,Available,50.7,3,62.9
EMP3928,Rohit Singh,employee3928@company.local,Engineering,Developer,9.5,2024-10-08,"NLP, Machine Learning, Excel",Busy,35.1,0,71.5
EMP3488,Rohit Kumar,employee3488@company.local,Finance,Data Scientist,10.3,2015-04-28,"Finance, Data Analysis",Available,41.7,3,74.1
EMP1646,Kiran Das,employee1646@company.local,Operations,Senior Developer,6.3,2013-04-28,"Machine Learning, Deep Learning, Excel, React",Available,62.5,6,58.3
EMP3225,Anita Kapoor,employee3225@company.local,Operations,Data Scientist,2.0,2024-04-04,"SQL, Project Management, Data Analysis, Machine Learning",Available,45.9,4,53.8
EMP2858,Manoj Patel,employee2858@company.local,Sales,Data Scientist,6.0,2023-02-13,"Python, Deep Learning",On Leave,60.4,4,56.9
EMP1247,Neha Iyer,employee1247@company.local,HR,Developer,9.5,2019-02-12,"React, Deep Learning, Machine Learning",Available,84.4,5,80.0
EMP3813,Pooja Menon,employee3813@company.local,Data Science,Business Analyst,5.3,2023-04-21,"Data Analysis, Finance, Machine Learning",Busy,66.0,6,76.3
EMP4278,Manoj Thomas,employee4278@company.local,Sales,Analyst,8.4,2015-03-26,"Python, SQL, Django, Data Analysis",Available,60.5,1,83.2
EMP4226,Kiran Mishra,employee4226@company.local,Engineering,Developer,1.0,2013-04-04,"Machine Learning, Django",Available,62.8,6,83.0
EMP3055,Kavya Iyer,employee3055@company.local,HR,Finance Analyst,2.7,2021-05-31,"SQL, Machine Learning, Project Management, Django",Available,80.0,5,53.6
EMP2428,Rohit Raj,employee2428@company.local,Operations,Business Analyst,4.0,2019-05-10,"Django, Machine Learning, Finance, Deep Learning",Available,59.5,6,64.7
EMP2526,Kiran Das,employee2526@company.local,IT,Project Manager,2.1,2022-12-16,"NLP, Excel",Busy,67.2,4,48.8
EMP1597,Swati Pillai,employee1597@company.local,Operations,Senior Developer,13.9,2012-08-27,"Project Management, Computer Vision, Finance, NLP",Available,20.6,4,86.8
EMP1666,Kiran Mishra,employee1666@company.local,Finance,Senior Developer,4.3,2023-11-21,"NLP, SQL",Available,41.2,0,63.6
EMP1674,Not specified,employee1674@company.local,Engineering,Developer,16.7,2020-08-18,"Project Management, Django, Deep Learning",Available,38.0,4,86.0
EMP2275,Kavya Sharma,employee2275@company.local,Sales,Project Manager,6.9,2023-07-20,"Computer Vision, Python",Available,24.0,0,61.5
EMP1055,Kavya Iyer,employee1055@company.local,Data Science,Data Scientist,13.2,2019-12-15,"Python, Finance",Busy,22.8,1,83.2
EMP3291,Divya Joshi,employee3291@company.local,Engineering,Developer,11.0,2019-06-19,"Deep Learning, Excel",Available,60.7,4,75.8
EMP971,Divya Joshi,employee971@company.local,Data Science,Senior Developer,10.2,2017-06-09,"SQL, Django, React, Data Analysis",Busy,100.0,5,65.0
EMP4573,Pooja Pillai,employee4573@company.local,Engineering,HR Executive,1.6,2024-06-17,"Computer Vision, SQL, Machine Learning",Busy,52.8,4,69.9
EMP4503,Sneha Nair,employee4503@company.local,Data Science,Analyst,6.2,2017-12-08,"Python, NLP, Excel, SQL",Available,47.2,4,88.6
EMP3622,Rahul Thomas,employee3622@company.local,Operations,Finance Analyst,3.7,2019-10-05,Python,Available,55.7,5,70.7
EMP2654,Nikhil Das,employee2654@company.local,HR,Data Scientist,9.3,2015-06-06,"NLP, Computer Vision",Available,42.1,0,76.0
EMP674,Nikhil Mishra,employee674@company.local,HR,HR Executive,5.7,2025-01-07,NLP,Busy,66.7,3,68.6
EMP682,Rahul Patel,employee682@company.local,HR,Business Analyst,2.7,2022-08-26,"Project Management, NLP, Python",Available,64.8,5,66.2
EMP3669,Meera Menon,employee3669@company.local,Engineering,Finance Analyst,9.3,2017-02-18,"React, Finance, Deep Learning",Available,59.1,4,57.9
EMP2120,Arun Singh,employee2120@company.local,Sales,Senior Developer,6.0,2012-12-20,"Python, Excel",Available,50.4,4,72.4
EMP4632,Sanjay Singh,employee4632@company.local,Engineering,Finance Analyst,3.6,2022-08-27,"Computer Vision, Django, Python, Data Analysis",Busy,4.8,0,66.0
EMP2841,Priya Kapoor,employee2841@company.local,Operations,Analyst,4.4,2019-01-22,"Computer Vision, Finance, Machine Learning, React",Available,43.3,3,67.3
EMP506,Kiran Patel,employee506@company.local,Data Science,Business Analyst,7.0,2020-12-21,NLP,Available,54.0,2,85.0
EMP1526,Kiran Thomas,employee1526@company.local,Operations,Analyst,4.7,2017-04-18,"Finance, Excel, Project Management, Python",On Leave,24.0,1,48.3
EMP3018,Not specified,employee3018@company.local,Finance,Business Analyst,5.2,2012-03-14,"SQL, Excel",Available,84.5,7,70.2
EMP1008,Rohit Kumar,employee1008@company.local,Engineering,Finance Analyst,2.2,2014-12-14,"Data Analysis, Computer Vision",Busy,83.1,4,61.2
EMP2857,Swati Kapoor,employee2857@company.local,Engineering,Team Lead,8.3,2025-07-24,"SQL, Excel, Machine Learning",Available,40.8,5,72.7
EMP1223,Sneha Nair,employee1223@company.local,Operations,HR Executive,2.1,2019-04-17,Computer Vision,Available,46.7,1,66.0
EMP4483,Sneha Sharma,employee4483@company.local,Finance,HR Executive,4.3,2021-10-11,"React, Machine Learning, Finance",Busy,91.2,5,58.9
EMP697,Swati Kapoor,employee697@company.local,Operations,Business Analyst,2.3,2017-11-13,"Finance, Deep Learning, Python",Available,45.8,2,83.7
EMP2580,Arun Verma,employee2580@company.local,Finance,Developer,14.9,2016-07-19,Finance,Busy,79.8,7,82.8
EMP4326,Kiran Thomas,employee4326@company.local,Engineering,Developer,10.1,2022-09-06,"Django, Excel",On Leave,62.9,6,72.7
EMP1670,Amit Thomas,employee1670@company.local,IT,Team Lead,4.1,2021-04-19,"Machine Learning, Django, Excel, Computer Vision",Busy,52.2,3,75.8
EMP400,Arun Kumar,employee400@company.local,Finance,Project Manager,11.6,2022-08-10,Django,Busy,83.4,6,73.3
EMP2787,Neha Sharma,employee2787@company.local,Sales,Developer,5.6,2018-07-19,"Project Management, Django",On Leave,43.1,2,80.4
EMP3858,Manoj Mishra,employee3858@company.local,HR,HR Executive,4.0,2013-04-08,"NLP, Finance",Available,60.6,6,62.5
EMP4475,Kavya Joshi,employee4475@company.local,Sales,Project Manager,2.3,2021-06-26,"Excel, React, Computer Vision, NLP",Available,50.6,3,67.9
EMP3681,Priya Reddy,employee3681@company.local,Marketing,Business Analyst,14.3,2016-08-10,"React, NLP, Machine Learning",Available,59.1,4,69.4
EMP568,Rohit Singh,employee568@company.local,Finance,Data Scientist,4.1,2018-11-23,Machine Learning,On Leave,74.9,5,68.5
EMP2229,Meera Menon,employee2229@company.local,Data Science,Developer,10.4,2021-05-13,SQL,Busy,57.5,4,69.8
EMP3912,Sanjay Singh,employee3912@company.local,Finance,HR Executive,1.0,2012-08-03,Excel,Busy,47.6,0,57.4
EMP3992,Sanjay Singh,employee3992@company.local,Engineering,Finance Analyst,1.9,2012-10-07,Python,Busy,42.2,3,51.7
EMP4068,Rohit Verma,employee4068@company.local,Finance,Data Scientist,3.5,2014-06-21,"NLP, Python, Data Analysis",Busy,43.5,1,72.0
EMP4706,Kiran Mishra,employee4706@company.local,Engineering,Senior Developer,5.6,2014-04-19,React,Available,56.4,4,77.7
EMP1246,Kiran Das,employee1246@company.local,Marketing,Analyst,4.8,2024-08-05,"Computer Vision, Project Management, Excel",Busy,57.4,3,64.5
EMP2090,Amit Patel,employee2090@company.local,HR,Finance Analyst,6.4,2025-05-17,"Python, SQL, Machine Learning",Available,13.4,3,70.9
EMP3258,Manoj Patel,employee3258@company.local,HR,HR Executive,8.2,2018-08-05,"Data Analysis, Excel, Finance, Project Management",Busy,55.2,1,84.4
EMP2879,Isha Iyer,employee2879@company.local,Engineering,Team Lead,2.3,2015-10-14,Deep Learning,Available,37.7,3,71.0
EMP4141,Priya Pillai,employee4141@company.local,IT,Data Scientist,11.8,2022-01-28,React,Busy,86.5,5,66.3
EMP4347,Neha Joshi,employee4347@company.local,Sales,Senior Developer,2.0,2021-05-29,"Django, Project Management",Available,58.0,3,75.7
EMP2073,Pooja Kapoor,employee2073@company.local,Engineering,Team Lead,0.8,2018-10-11,React,Available,100.0,6,72.8
EMP2375,Kavya Nair,employee2375@company.local,Marketing,HR Executive,3.8,2017-04-01,"Python, Django, SQL",Available,16.2,0,73.3
EMP4639,Isha Iyer,employee4639@company.local,Engineering,Project Manager,3.9,2016-04-06,Data Analysis,Available,13.2,0,59.0
EMP4431,Divya Iyer,employee4431@company.local,Marketing,Developer,7.4,2014-09-01,"Finance, SQL, Python",Available,48.1,5,67.6
EMP4093,Pooja Pillai,employee4093@company.local,IT,Senior Developer,9.5,2025-08-22,"Excel, Django, Deep Learning",Available,63.7,5,84.8
EMP2855,Kavya Nair,employee2855@company.local,Finance,Senior Developer,7.0,2012-01-11,"Project Management, NLP, Data Analysis, React",Available,53.3,2,60.9
EMP3390,Amit Das,employee3390@company.local,Data Science,Team Lead,5.1,2016-03-19,"Finance, Python, NLP, Machine Learning",Available,51.5,3,54.1
EMP2327,Neha Nair,employee2327@company.local,Engineering,Team Lead,5.0,2024-07-24,Excel,Available,68.0,4,80.9
EMP1316,Aditya Verma,employee1316@company.local,Marketing,Senior Developer,3.7,2023-08-13,Excel,Busy,27.3,3,86.0
EMP158,Manoj Das,employee158@company.local,IT,Developer,5.5,2023-07-09,"NLP, Django, SQL, Machine Learning",Available,100.0,6,52.2
EMP1153,Pooja Reddy,employee1153@company.local,Operations,Developer,1.5,2017-06-05,Python,Available,75.5,5,63.5
EMP2305,Anita Reddy,employee2305@company.local,IT,Team Lead,11.8,2019-03-11,"Deep Learning, Machine Learning",Busy,35.7,3,73.1
EMP052,Sanjay Verma,employee052@company.local,IT,Project Manager,0.6,2025-08-14,"Computer Vision, Project Management, SQL, Django",Available,40.3,5,70.0
EMP2280,Arun Singh,employee2280@company.local,Marketing,Analyst,4.4,2019-05-01,Django,Available,20.8,0,60.2
EMP4085,Anita Menon,employee4085@company.local,Finance,Developer,2.3,2023-02-16,"React, Excel, SQL, Machine Learning",Busy,47.8,1,67.4
EMP3054,Nikhil Das,employee3054@company.local,Marketing,Business Analyst,2.5,2021-09-29,"Excel, React",Available,81.7,6,91.8
EMP2725,Anita Menon,employee2725@company.local,IT,Developer,5.0,2016-12-04,Data Analysis,Busy,31.1,2,68.4
EMP2363,Sneha Joshi,employee2363@company.local,Finance,Developer,14.1,2016-04-16,"SQL, Excel, React, Finance",Available,70.9,5,78.6
EMP159,Isha Iyer,employee159@company.local,Engineering,Developer,6.6,2021-04-21,"Finance, Machine Learning, Excel, Python",Available,64.6,5,68.4
EMP1368,Rohit Singh,employee1368@company.local,Engineering,Analyst,4.4,2013-09-13,"Python, Project Management",Available,68.9,5,68.1
EMP2225,Anita Reddy,employee2225@company.local,Engineering,Developer,7.7,2013-12-18,Python,Available,17.5,1,70.9
EMP4173,Pooja Pillai,employee4173@company.local,Marketing,HR Executive,4.4,2022-04-27,"Deep Learning, Project Management, Machine Learning",Busy,93.1,7,62.1
EMP4157,Swati Pillai,employee4157@company.local,Finance,Senior Developer,13.2,2012-12-03,"NLP, React",Available,43.8,4,69.4
EMP3059,Isha Sharma,employee3059@company.local,Engineering,Team Lead,2.3,2014-10-23,"Data Analysis, Django, Computer Vision",Available,49.4,3,57.8
EMP1313,Pooja Reddy,employee1313@company.local,Finance,Data Scientist,6.3,2024-05-23,"Computer Vision, SQL, Finance, Machine Learning",Available,54.9,5,63.8
EMP1827,Neha Sharma,employee1827@company.local,HR,Business Analyst,2.6,2023-03-13,NLP,Available,32.0,2,77.2
EMP681,Priya Kapoor,employee681@company.local,Data Science,Data Scientist,1.8,2018-08-24,Data Analysis,Available,64.2,4,76.4
EMP4198,Manoj Thomas,employee4198@company.local,Marketing,Developer,10.1,2016-11-02,"React, Excel, Machine Learning",Available,78.9,7,78.6
EMP1995,Kavya Joshi,employee1995@company.local,Data Science,Finance Analyst,3.1,2020-02-16,"Excel, Computer Vision",Available,55.4,6,73.4
EMP3847,Neha Nair,employee3847@company.local,Engineering,Team Lead,7.6,2021-02-14,"NLP, Data Analysis",Available,74.4,7,67.2
EMP295,Kavya Nair,employee295@company.local,Operations,Data Scientist,3.5,2022-08-02,"React, SQL",Busy,27.8,1,79.5
EMP1599,Isha Iyer,employee1599@company.local,Data Science,Senior Developer,6.1,2012-05-23,SQL,Busy,44.5,4,71.2
EMP2564,Vivek Verma,employee2564@company.local,Finance,Finance Analyst,11.9,2023-10-17,"Data Analysis, Computer Vision",Available,71.9,5,92.6
EMP1587,Neha Sharma,employee1587@company.local,Finance,Analyst,6.2,2019-12-24,"Excel, Finance",Available,21.7,3,74.6
EMP1476,Aditya Verma,employee1476@company.local,IT,Team Lead,22.0,2020-10-14,"SQL, Finance, Django",Busy,45.6,3,80.1
EMP394,Nikhil Patel,employee394@company.local,IT,Project Manager,3.7,2017-02-06,React,Available,82.3,7,80.1
EMP1884,Vivek Raj,employee1884@company.local,Data Science,Project Manager,4.1,2017-05-01,"Computer Vision, Python",Available,100.0,4,63.5
EMP671,Divya Iyer,employee671@company.local,Sales,Team Lead,6.0,2014-12-26,"Project Management, React, Machine Learning, Python",Available,47.1,4,62.2
EMP3184,Vivek Kumar,employee3184@company.local,Data Science,Finance Analyst,3.5,2018-12-06,Machine Learning,Available,28.1,2,66.2
EMP2589,Meera Pillai,employee2589@company.local,IT,Team Lead,11.3,2019-05-31,"SQL, Deep Learning, Django, Machine Learning",Available,51.4,4,80.4
EMP181,Priya Menon,employee181@company.local,Operations,HR Executive,4.6,2020-05-27,"NLP, Finance, Django",Busy,55.5,2,70.8
EMP1263,Sneha Iyer,employee1263@company.local,Data Science,HR Executive,2.4,2021-11-09,Django,Available,50.3,4,73.9
EMP3603,Sneha Sharma,employee3603@company.local,IT,HR Executive,4.2,2022-09-27,Finance,Busy,87.7,7,58.7
EMP3786,Kiran Patel,employee3786@company.local,IT,Business Analyst,4.8,2018-04-28,"Deep Learning, NLP, Project Management",Busy,18.3,1,59.0
EMP1866,Kiran Patel,employee1866@company.local,Marketing,Developer,8.9,2015-03-28,"Project Management, Django, SQL, Deep Learning",Available,88.1,5,69.1
EMP4258,Manoj Mishra,employee4258@company.local,Finance,HR Executive,4.3,2020-03-14,Project Management,Available,49.6,3,68.1
EMP4512,Sanjay Kumar,employee4512@company.local,IT,Finance Analyst,5.1,2020-05-29,"Finance, Python",Available,67.9,4,55.4
EMP2290,Amit Mishra,employee2290@company.local,Sales,Analyst,4.1,2021-06-27,"Deep Learning, Project Management, Machine Learning, Computer Vision",Available,52.2,2,56.2
EMP3477,Swati Menon,employee3477@company.local,Marketing,Project Manager,1.9,2016-09-24,"Project Management, Finance, Django, Machine Learning",Available,71.5,3,63.1
EMP1756,Aditya Raj,employee1756@company.local,IT,Senior Developer,16.7,2020-11-04,Machine Learning,Busy,57.6,3,74.1
EMP4661,Priya Menon,employee4661@company.local,IT,Business Analyst,11.8,2020-09-01,"React, Excel, Data Analysis",On Leave,35.8,3,70.6
EMP1903,Sneha Iyer,employee1903@company.local,Sales,HR Executive,5.0,2020-08-22,"SQL, React, Deep Learning",Available,62.5,7,61.2
EMP3794,Nikhil Mishra,employee3794@company.local,Engineering,Project Manager,5.6,2015-06-18,Deep Learning,Available,58.6,5,89.0
EMP4183,Sneha Nair,employee4183@company.local,Engineering,Developer,7.9,2020-05-24,"Excel, Django, Project Management",Available,69.5,4,68.7
EMP1923,Sneha Sharma,employee1923@company.local,Engineering,Team Lead,5.7,2012-10-07,"Project Management, Excel, Python, Computer Vision",Busy,95.3,7,70.9
EMP4152,Sanjay Singh,employee4152@company.local,HR,Finance Analyst,0.4,2013-01-22,Deep Learning,Available,68.8,7,40.2
EMP2520,Arun Singh,employee2520@company.local,Finance,Data Scientist,10.2,2020-06-08,"Data Analysis, Project Management",Busy,59.3,5,68.8
EMP1107,Neha Sharma,employee1107@company.local,IT,Analyst,3.6,2016-03-27,"React, Django",Busy,61.4,4,72.1
EMP4799,Isha Iyer,employee4799@company.local,Finance,Developer,6.4,2015-09-29,NLP,Available,33.3,1,63.7
EMP2643,Sneha Sharma,employee2643@company.local,HR,Team Lead,6.0,2023-09-14,"React, Project Management",Available,55.3,3,68.7
EMP756,Aditya Verma,employee756@company.local,Engineering,Team Lead,7.1,2024-07-11,"SQL, Machine Learning, Computer Vision",Available,100.0,8,64.3
EMP4971,Divya Joshi,employee4971@company.local,Engineering,Analyst,6.1,2020-07-16,Django,Available,36.5,2,57.1
EMP3001,Priya Kapoor,employee3001@company.local,Engineering,Developer,5.4,2015-07-30,"NLP, Data Analysis, Django",On Leave,74.1,4,76.5
EMP4610,Amit Mishra,employee4610@company.local,Marketing,Finance Analyst,12.3,2018-09-04,"Python, Excel, Django, Deep Learning",Busy,48.8,1,78.8
EMP4658,Manoj Mishra,employee4658@company.local,Data Science,HR Executive,1.3,2023-08-17,Machine Learning,Busy,64.1,3,49.3
EMP594,Nikhil Mishra,employee594@company.local,Data Science,Project Manager,4.8,2024-07-14,Django,Available,37.7,1,67.1
EMP201,Priya Kapoor,employee201@company.local,Operations,Data Scientist,5.6,2015-12-22,"Finance, Excel",Available,52.6,3,81.0
EMP2607,Neha Iyer,employee2607@company.local,IT,Business Analyst,8.0,2020-11-30,"Computer Vision, Django",Available,57.8,2,69.5
EMP4636,Aditya Raj,employee4636@company.local,Engineering,Business Analyst,5.5,2018-03-10,"Project Management, Django",Available,76.9,5,64.3
EMP3026,Kiran Mishra,employee3026@company.local,Marketing,Finance Analyst,6.3,2017-01-03,"Project Management, Python, NLP",Busy,11.8,1,42.5
EMP081,Priya Reddy,employee081@company.local,Data Science,Business Analyst,6.4,2022-06-07,"SQL, Machine Learning",Available,57.9,5,69.7
EMP4534,Nikhil Thomas,employee4534@company.local,Engineering,HR Executive,5.6,2013-04-06,Deep Learning,Available,28.4,2,58.9
EMP4012,Sanjay Raj,employee4012@company.local,Marketing,Business Analyst,0.3,2014-05-14,"Django, NLP",Busy,48.2,3,53.2
EMP1993,Pooja Kapoor,employee1993@company.local,HR,Project Manager,4.0,2013-05-06,"Excel, NLP",Available,58.2,3,68.6
EMP1163,Not specified,employee1163@company.local,Engineering,Finance Analyst,11.3,2018-02-04,"React, Django, Data Analysis",Available,44.0,2,67.4
EMP2024,Vivek Singh,employee2024@company.local,Engineering,Project Manager,2.6,2022-12-11,Finance,Busy,76.0,5,53.0
EMP1303,Sneha Nair,employee1303@company.local,Sales,Developer,1.8,2015-02-05,React,Available,67.6,3,69.4
EMP338,Manoj Mishra,employee338@company.local,IT,Business Analyst,8.5,2020-05-11,"Deep Learning, Django, Finance",Available,22.4,2,45.1
EMP4344,Vivek Singh,employee4344@company.local,Data Science,Business Analyst,5.7,2025-04-28,"Finance, Project Management, SQL",Busy,25.7,1,79.6
EMP4985,Anita Kapoor,employee4985@company.local,Sales,Senior Developer,12.5,2024-11-06,"React, Excel",Available,88.2,6,77.8
EMP601,Priya Kapoor,employee601@company.local,HR,Finance Analyst,9.6,2023-01-14,"Finance, Computer Vision, NLP, SQL",Available,44.5,5,72.3
EMP4028,Rohit Raj,employee4028@company.local,Sales,Senior Developer,8.1,2014-01-20,Project Management,Available,55.8,4,66.5
EMP609,Meera Reddy,employee609@company.local,Finance,Business Analyst,4.2,2014-08-01,"Project Management, Excel, React",Available,0.4,1,65.7
EMP1626,Kiran Patel,employee1626@company.local,Finance,Developer,4.1,2024-12-22,"Machine Learning, React, NLP",Busy,36.1,3,70.2
EMP4514,Nikhil Mishra,employee4514@company.local,Engineering,HR Executive,12.8,2024-12-25,"NLP, SQL",Available,54.5,4,69.2
EMP1424,Vivek Kumar,employee1424@company.local,Marketing,Analyst,7.4,2020-10-06,"Django, Project Management",Available,55.7,2,86.3
EMP4830,Amit Das,employee4830@company.local,Finance,Data Scientist,4.2,2022-05-29,"Excel, NLP, Computer Vision",Available,67.7,5,77.5
EMP1252,Sanjay Verma,employee1252@company.local,Engineering,Analyst,6.8,2017-02-14,"Project Management, NLP, React, Finance",Available,52.1,5,81.2
EMP1928,Rohit Singh,employee1928@company.local,Engineering,Senior Developer,3.5,2021-11-16,"Django, Machine Learning, Computer Vision, Project Management",Available,72.5,5,66.2
EMP463,Sneha Iyer,employee463@company.local,Sales,Finance Analyst,6.5,2024-03-01,"Project Management, Python",Available,41.8,2,53.8
EMP3797,Swati Menon,employee3797@company.local,Engineering,Data Scientist,10.7,2022-11-14,"Excel, Data Analysis, Computer Vision",Available,45.2,2,79.3
EMP4297,Swati Kapoor,employee4297@company.local,Operations,HR Executive,5.0,2015-04-28,"Django, NLP, Project Management, Python",Busy,55.7,2,61.8
EMP1457,Swati Reddy,employee1457@company.local,IT,Finance Analyst,5.6,2021-08-13,Django,On Leave,66.8,4,69.4
EMP4772,Sanjay Verma,employee4772@company.local,Finance,Data Scientist,5.6,2023-05-22,"Project Management, Excel, NLP",Available,81.4,5,68.9
EMP4091,Not specified,employee4091@company.local,Data Science,Team Lead,13.0,2022-02-18,Python,Busy,72.2,4,69.2
EMP3015,Kavya Nair,employee3015@company.local,HR,Developer,16.4,2024-06-29,"Django, Excel",Available,55.1,3,85.1
EMP1360,Arun Kumar,employee1360@company.local,Operations,Team Lead,8.7,2015-04-09,"Data Analysis, Computer Vision, Deep Learning, Finance",Available,9.0,0,80.6
EMP3692,Sanjay Raj,employee3692@company.local,Engineering,Business Analyst,8.0,2017-04-20,"Python, NLP, Django",Available,83.5,6,69.5
EMP2157,Swati Pillai,employee2157@company.local,Sales,Analyst,4.7,2024-03-23,Finance,Busy,47.9,4,62.3
EMP4566,Kiran Thomas,employee4566@company.local,Data Science,Finance Analyst,8.4,2014-07-20,"Django, Computer Vision, Finance",Available,61.6,2,76.6
EMP4006,Kiran Thomas,employee4006@company.local,Sales,Senior Developer,5.6,2022-12-25,"Finance, NLP",Available,73.1,5,56.8
EMP1227,Neha Joshi,employee1227@company.local,Operations,Finance Analyst,2.7,2024-01-16,"Machine Learning, Excel, React, Deep Learning",Busy,52.1,5,66.2
EMP2597,Swati Menon,employee2597@company.local,IT,Developer,2.7,2017-09-26,"Project Management, Computer Vision, Data Analysis",Available,71.2,5,65.6
EMP1893,Pooja Menon,employee1893@company.local,Operations,Developer,5.5,2013-04-07,NLP,Available,55.2,2,61.2
EMP1244,Vivek Raj,employee1244@company.local,HR,Project Manager,11.2,2022-07-22,"Python, Project Management",Available,84.5,6,64.0
EMP4280,Arun Singh,employee4280@company.local,Operations,Developer,3.4,2018-01-04,"Excel, Machine Learning, Project Management",Available,41.8,3,73.6
EMP891,Divya Joshi,employee891@company.local,IT,Senior Developer,19.0,2020-10-28,"Computer Vision, Excel",Available,85.4,6,84.5
EMP3208,Rohit Singh,employee3208@company.local,Engineering,Analyst,5.5,2023-11-14,"Computer Vision, SQL",Busy,83.5,5,67.3
EMP4656,Aditya Kumar,employee4656@company.local,Sales,Senior Developer,3.4,2023-11-06,"Excel, Finance",Available,78.3,5,73.3
EMP579,Isha Sharma,employee579@company.local,Engineering,Project Manager,10.2,2020-01-16,"React, Project Management, Excel",On Leave,56.5,5,69.3
EMP3355,Kavya Joshi,employee3355@company.local,Marketing,Team Lead,3.5,2012-07-05,"Project Management, Finance",Available,71.8,5,64.2
EMP1045,Anita Menon,employee1045@company.local,Marketing,HR Executive,5.5,2020-08-23,"SQL, React, Data Analysis, Computer Vision",Busy,82.1,6,58.4
EMP638,Manoj Das,employee638@company.local,Operations,Finance Analyst,13.2,2022-09-13,Django,Busy,76.8,5,94.3
EMP276,Aditya Verma,employee276@company.local,Finance,Developer,5.6,2016-08-26,React,Busy,37.0,3,70.1
EMP2301,Priya Pillai,employee2301@company.local,Engineering,Project Manager,9.4,2024-06-04,Deep Learning,Available,28.9,3,71.0
EMP3941,Priya Menon,employee3941@company.local,Engineering,HR Executive,3.2,2013-09-23,"Machine Learning, Python, Data Analysis, Excel",Busy,56.0,4,58.7
EMP572,Sanjay Raj,employee572@company.local,Sales,Project Manager,1.2,2013-09-14,Finance,Available,0.8,1,76.8
EMP677,Swati Menon,employee677@company.local,IT,HR Executive,14.4,2022-02-14,"Computer Vision, Finance, Project Management",Available,64.5,6,76.1
EMP4771,Divya Sharma,employee4771@company.local,IT,Project Manager,14.8,2012-12-31,"Django, Computer Vision, React, Data Analysis",Busy,35.7,2,62.1
EMP2959,Isha Iyer,employee2959@company.local,HR,Developer,1.5,2019-01-31,"Deep Learning,Computer Vision,Excel",Available,61.3,4,85.5
EMP1151,Divya Iyer,employee1151@company.local,IT,Data Scientist,2.0,2023-02-05,"SQL, Finance",On Leave,43.7,1,66.8
EMP4504,Not specified,employee4504@company.local,Operations,HR Executive,19.9,2016-05-13,"Python, Computer Vision, Machine Learning",Busy,67.4,5,69.4
EMP3005,Anita Pillai,employee3005@company.local,HR,Project Manager,2.9,2021-09-24,Data Analysis,Busy,51.7,5,69.4
EMP4497,Swati Reddy,employee4497@company.local,HR,Business Analyst,3.6,2024-01-10,"NLP, Django",Busy,53.2,3,73.5
EMP018,Manoj Mishra,employee018@company.local,Data Science,HR Executive,0.4,2020-09-29,"Excel, Project Management",Available,53.3,1,73.5
EMP1130,Amit Patel,employee1130@company.local,HR,Finance Analyst,3.7,2017-06-04,"Django, Machine Learning, Finance, Project Management",Busy,38.1,4,56.0
EMP3696,Aditya Kumar,employee3696@company.local,Sales,Data Scientist,4.2,2014-12-23,"Python, Finance, Project Management",Available,54.3,5,75.7
EMP3344,Vivek Kumar,employee3344@company.local,IT,Analyst,6.1,2025-02-13,Finance,Available,25.4,4,65.3
EMP2366,Kiran Das,employee2366@company.local,Sales,Business Analyst,4.9,2012-04-02,"Finance, NLP, React, Data Analysis",Available,47.6,3,62.4
EMP1560,Arun Singh,employee1560@company.local,Engineering,Project Manager,22.0,2024-01-02,"SQL, Machine Learning, Computer Vision, Project Management",Available,44.8,3,69.4
EMP885,Anita Menon,employee885@company.local,Data Science,Senior Developer,5.4,2013-02-07,"Excel, Project Management, React, Finance",Available,75.3,6,82.1
EMP1699,Isha Sharma,employee1699@company.local,Engineering,Analyst,5.0,2022-06-16,"SQL, Django, React, NLP",Busy,57.5,4,75.0
EMP4357,Swati Menon,employee4357@company.local,Engineering,Project Manager,10.7,2016-10-07,Finance,Busy,45.9,3,76.3
EMP1021,Priya Pillai,employee1021@company.local,IT,Senior Developer,5.6,2024-12-12,"Machine Learning, Computer Vision, Deep Learning, Project Management",Available,43.7,2,72.8
EMP1046,Kiran Thomas,employee1046@company.local,IT,Finance Analyst,1.2,2022-04-24,"Django, Excel, React",Available,93.5,6,76.6
EMP567,Neha Nair,employee567@company.local,Sales,Team Lead,3.8,2023-12-25,NLP,Available,89.8,9,85.5
EMP1103,Sneha Iyer,employee1103@company.local,Data Science,Project Manager,9.7,2013-10-03,Python,Available,72.8,3,77.9
EMP2082,Rahul Mishra,employee2082@company.local,Engineering,Business Analyst,11.4,2017-06-16,Python,Available,48.7,5,77.0
EMP1338,Manoj Patel,employee1338@company.local,HR,Finance Analyst,5.0,2019-10-12,"SQL, Data Analysis, Finance",Available,55.1,1,75.0
EMP002,Rahul Mishra,employee002@company.local,Finance,Team Lead,16.6,2013-02-18,Project Management,Available,33.6,1,86.5
EMP4917,Swati Menon,employee4917@company.local,Engineering,Finance Analyst,6.6,2013-02-08,Machine Learning,Busy,70.2,3,72.0
EMP1708,Rohit Raj,employee1708@company.local,Data Science,Data Scientist,1.2,2017-01-07,"SQL, Excel",Available,82.1,5,69.4
EMP860,Arun Raj,employee860@company.local,IT,Data Scientist,13.5,2015-03-23,"Project Management, Machine Learning",Busy,43.1,4,78.2
EMP1214,Nikhil Das,employee1214@company.local,Engineering,Developer,4.3,2021-12-19,"SQL, Finance",Available,65.8,7,73.0
EMP2893,Pooja Pillai,employee2893@company.local,Marketing,Analyst,4.7,2023-04-29,"Finance, Excel",Available,100.0,8,60.3
EMP4079,Isha Iyer,employee4079@company.local,IT,Project Manager,16.5,2020-09-11,"Data Analysis, Django",Available,55.7,3,69.4
EMP4251,Divya Joshi,employee4251@company.local,Engineering,Team Lead,10.6,2023-01-13,"Machine Learning, Computer Vision, Python, React",Available,40.4,4,89.6
EMP787,Neha Sharma,employee787@company.local,Marketing,Senior Developer,6.6,2016-02-09,"Excel, Django",Available,75.4,7,75.9
EMP3450,Amit Patel,employee3450@company.local,Marketing,Data Scientist,7.4,2013-06-17,"Python, Machine Learning, SQL, Deep Learning",Busy,74.5,7,62.3
EMP399,Isha Iyer,employee399@company.local,Finance,Team Lead,6.4,2016-01-17,Data Analysis,Available,37.3,3,64.0
EMP4572,Sanjay Raj,employee4572@company.local,Operations,Developer,1.6,2017-06-01,"Project Management, Python",Available,72.9,5,61.9
EMP3443,Sneha Sharma,employee3443@company.local,Engineering,Developer,11.5,2012-05-26,"Machine Learning, NLP",Available,74.1,4,75.9
EMP2716,Aditya Raj,employee2716@company.local,Sales,Project Manager,11.1,2023-05-23,"Project Management, NLP, Python, React",Available,28.3,1,67.5
EMP1924,Vivek Verma,employee1924@company.local,Data Science,Analyst,2.4,2015-09-10,"React, Excel",Available,9.4,1,65.2
EMP1306,Kiran Patel,employee1306@company.local,Sales,Analyst,9.3,2015-08-20,"Project Management, SQL, Finance",Available,60.4,4,88.7
EMP4482,Rahul Mishra,employee4482@company.local,HR,Senior Developer,17.4,2023-05-16,"Computer Vision, Python",Available,64.8,4,78.0
EMP2081,Priya Reddy,employee2081@company.local,IT,Team Lead,10.4,2017-12-23,"Project Management, Computer Vision",Available,57.8,4,79.6
EMP4484,Vivek Verma,employee4484@company.local,IT,Analyst,5.0,2023-10-18,"SQL, Python, Excel",Available,74.3,4,61.0
EMP3261,Priya Pillai,employee3261@company.local,Engineering,HR Executive,6.6,2015-10-28,"React, Deep Learning, Django",Available,29.2,3,62.7
EMP2005,Anita Menon,employee2005@company.local,Sales,Data Scientist,12.2,2012-07-13,Data Analysis,Available,65.6,3,79.3
EMP090,Amit Patel,employee090@company.local,Marketing,Finance Analyst,2.1,2016-05-13,NLP,Available,56.1,2,64.9
EMP4531,Divya Sharma,employee4531@company.local,Operations,Developer,14.6,2024-06-16,Project Management,On Leave,100.0,6,65.9
EMP930,Amit Mishra,employee930@company.local,IT,Finance Analyst,2.1,2013-10-25,NLP,On Leave,51.1,4,61.6
EMP647,Neha Nair,employee647@company.local,Sales,Analyst,11.1,2016-07-20,"Django, Python, Project Management",Busy,65.1,3,71.8
EMP1822,Rahul Das,employee1822@company.local,Data Science,Data Scientist,4.4,2022-10-30,Django,Available,38.7,2,61.5
EMP2150,Amit Thomas,employee2150@company.local,IT,Business Analyst,4.1,2015-01-17,"Finance, Django, Machine Learning",Available,100.0,9,70.5
EMP1118,Manoj Das,employee1118@company.local,IT,Data Scientist,1.0,2013-09-06,React,Available,80.5,5,69.7
EMP3374,Nikhil Das,employee3374@company.local,Engineering,Finance Analyst,6.5,2024-12-19,"Python, Machine Learning, Data Analysis",Available,63.5,4,78.3
EMP2403,Sneha Sharma,employee2403@company.local,Data Science,Team Lead,15.2,2016-05-05,"React, Project Management, Deep Learning, Machine Learning",Available,42.3,4,69.4
EMP2889,Meera Kapoor,employee2889@company.local,Data Science,Data Scientist,8.5,2020-04-11,Data Analysis,Available,62.5,3,71.9
EMP296,Aditya Singh,employee296@company.local,HR,Project Manager,11.9,2018-10-24,"SQL, Excel",Busy,49.5,4,75.6
EMP2139,Isha Joshi,employee2139@company.local,HR,Project Manager,3.4,2013-01-08,"NLP, Machine Learning, Data Analysis, Python",Available,55.2,6,72.7
EMP115,Kavya Sharma,employee115@company.local,Data Science,Finance Analyst,3.2,2017-12-30,Machine Learning,Available,34.9,2,67.7
EMP4797,Swati Pillai,employee4797@company.local,IT,HR Executive,0.3,2013-06-14,"Deep Learning, Django, Excel",Busy,59.4,4,53.4
EMP2985,Anita Kapoor,employee2985@company.local,IT,Finance Analyst,6.4,2022-01-21,Machine Learning,Available,55.7,5,73.8
EMP2272,Sanjay Kumar,employee2272@company.local,Sales,Project Manager,7.1,2025-03-15,"Django, Data Analysis, Computer Vision",Available,51.0,6,66.2
EMP4182,Rahul Thomas,employee4182@company.local,Finance,Developer,3.2,2019-05-13,Data Analysis,Available,40.8,3,77.9
EMP331,Divya Joshi,employee331@company.local,Data Science,Finance Analyst,7.3,2013-04-10,Python,Available,35.8,2,71.3
EMP4840,Arun Singh,employee4840@company.local,Data Science,Senior Developer,5.3,2013-04-03,"Django, NLP",Available,72.2,4,77.6
EMP2491,Divya Joshi,employee2491@company.local,Sales,Project Manager,4.5,2024-02-12,"NLP, SQL",Available,52.6,3,46.2
EMP3726,Kiran Das,employee3726@company.local,Sales,Analyst,4.8,2023-12-17,Django,Busy,22.6,2,75.0
EMP4875,Kavya Joshi,employee4875@company.local,Engineering,Finance Analyst,4.0,2021-06-13,"Excel, Django",Available,55.7,4,64.4
EMP4097,Swati Reddy,employee4097@company.local,Marketing,Senior Developer,3.7,2025-01-08,"Data Analysis, React",Busy,61.3,5,73.1
EMP3547,Neha Joshi,employee3547@company.local,HR,HR Executive,5.3,2022-05-04,"Computer Vision, Python, Machine Learning, Django",Available,27.4,2,65.9
EMP2913,Not specified,employee2913@company.local,Finance,Finance Analyst,9.5,2018-04-15,"Computer Vision, Excel, Finance",Available,39.5,3,75.0
EMP3052,Sanjay Raj,employee3052@company.local,Sales,HR Executive,2.2,2015-07-02,"Machine Learning, Computer Vision, Finance",Available,42.0,4,66.4
EMP3545,Anita Kapoor,employee3545@company.local,Sales,Senior Developer,3.1,2020-11-27,NLP,Available,56.9,5,75.3
EMP4393,Pooja Kapoor,employee4393@company.local,IT,HR Executive,20.9,2023-07-04,Deep Learning,Available,100.0,9,77.2
EMP2078,Manoj Das,employee2078@company.local,HR,Finance Analyst,2.6,2015-01-01,"NLP, Machine Learning, Finance",Available,53.9,2,47.3
EMP2136,Aditya Singh,employee2136@company.local,IT,Team Lead,3.7,2024-11-12,Excel,Available,62.3,7,59.4
EMP2981,Priya Menon,employee2981@company.local,Engineering,Business Analyst,3.8,2018-05-01,"Excel, Finance, Django, Project Management",Unknown,36.0,3,58.2
EMP3808,Rohit Kumar,employee3808@company.local,IT,Team Lead,2.0,2015-09-15,"SQL, Excel",Available,46.4,0,63.8
EMP3077,Swati Menon,employee3077@company.local,IT,Business Analyst,3.8,2019-06-29,"Django, Excel, NLP, Python",Busy,44.3,5,69.4
EMP3139,Isha Sharma,employee3139@company.local,IT,Developer,3.1,2018-04-08,"Data Analysis, Finance",Available,51.4,6,67.1
EMP2938,Manoj Patel,employee2938@company.local,IT,Developer,1.9,2016-01-03,"Python, Project Management, SQL",Available,74.4,4,56.0
EMP1090,Amit Mishra,employee1090@company.local,Operations,Developer,5.6,2021-06-16,"NLP, Machine Learning, Finance",Busy,55.4,4,77.6
EMP409,Meera Kapoor,employee409@company.local,Engineering,Finance Analyst,12.4,2013-10-21,"SQL, Excel, Finance, Data Analysis",Available,68.1,5,75.8
EMP4283,Sneha Joshi,employee4283@company.local,Finance,HR Executive,3.0,2020-06-13,"SQL, Computer Vision, Excel",Busy,58.0,2,62.5
EMP994,Nikhil Mishra,employee994@company.local,Operations,Finance Analyst,4.8,2012-07-29,"Python, NLP, Project Management, Data Analysis",Available,55.7,4,62.6
EMP260,Arun Verma,employee260@company.local,HR,Business Analyst,8.9,2024-11-27,"React, Deep Learning",Available,79.5,5,68.1
EMP430,Amit Das,employee430@company.local,Marketing,Business Analyst,13.4,2020-12-23,Django,Available,46.4,2,77.9
EMP3299,Isha Sharma,employee3299@company.local,HR,Project Manager,6.5,2019-09-14,"SQL, Data Analysis, Python",Available,48.7,4,69.4
EMP875,Kavya Joshi,employee875@company.local,HR,Project Manager,0.9,2021-01-18,NLP,Available,29.2,3,65.8
EMP480,Arun Kumar,employee480@company.local,Marketing,Project Manager,11.8,2023-08-19,"NLP, Computer Vision, Project Management",Available,28.0,2,71.6
EMP3023,Sneha Iyer,employee3023@company.local,Data Science,Finance Analyst,9.3,2019-08-02,Python,Available,27.0,2,59.4
EMP154,Nikhil Patel,employee154@company.local,Data Science,Developer,12.6,2022-03-13,SQL,Busy,73.8,4,76.2
EMP3178,Manoj Patel,employee3178@company.local,Data Science,Team Lead,3.7,2022-12-25,"Machine Learning, Python, Deep Learning, Excel",Available,43.6,4,87.0
EMP3493,Pooja Menon,employee3493@company.local,Finance,Project Manager,6.3,2020-06-07,"Python, SQL, Finance, Machine Learning",Available,53.0,4,69.1
EMP3317,Swati Menon,employee3317@company.local,Marketing,Analyst,2.6,2025-01-03,"Finance, Django",Available,52.1,2,57.7
EMP2816,Aditya Kumar,employee2816@company.local,Data Science,Senior Developer,5.1,2014-09-27,"Machine Learning, Computer Vision, Project Management, Deep Learning",Available,65.2,4,70.4
EMP2798,Manoj Das,employee2798@company.local,Marketing,Developer,15.7,2018-03-06,Python,Available,100.0,6,81.6
EMP284,Vivek Raj,employee284@company.local,Operations,HR Executive,10.9,2015-12-01,Data Analysis,Busy,36.8,1,84.2
EMP2665,Anita Kapoor,employee2665@company.local,Finance,Developer,4.6,2020-01-03,NLP,Busy,49.2,2,52.8
EMP3336,Aditya Singh,employee3336@company.local,Operations,Data Scientist,3.0,2016-01-12,Project Management,Busy,84.7,5,57.2
EMP4307,Neha Sharma,employee4307@company.local,Engineering,Business Analyst,3.7,2022-07-12,"Finance, Machine Learning, SQL",Available,61.1,4,56.3
EMP606,Kiran Das,employee606@company.local,HR,HR Executive,2.2,2020-12-11,"Deep Learning, Machine Learning, Finance, React",Available,100.0,2,75.9
EMP025,Anita Kapoor,employee025@company.local,IT,Data Scientist,2.1,2017-12-14,Finance,Available,45.0,2,78.4
EMP1715,Kavya Sharma,employee1715@company.local,Finance,Senior Developer,5.1,2013-02-20,"Python, Deep Learning, NLP, Machine Learning",Available,95.4,6,62.6
EMP3152,Sanjay Kumar,employee3152@company.local,Data Science,Senior Developer,2.6,2015-07-06,"NLP, React",Available,59.9,4,71.0
EMP4488,Rohit Singh,employee4488@company.local,Engineering,Team Lead,4.8,2024-04-17,"Project Management, SQL",Busy,77.7,6,61.7
EMP2387,Neha Sharma,employee2387@company.local,Data Science,Finance Analyst,4.4,2022-02-12,"Project Management, Deep Learning, Data Analysis, SQL",Busy,22.0,4,67.4
EMP4455,Kavya Nair,employee4455@company.local,Operations,HR Executive,3.6,2015-09-20,"Data Analysis, Python, Excel",Busy,82.5,5,47.4
EMP1364,Vivek Verma,employee1364@company.local,Marketing,HR Executive,5.8,2014-12-01,Data Analysis,Available,70.8,6,69.4
EMP358,Manoj Thomas,employee358@company.local,IT,Analyst,1.6,2016-04-07,Data Analysis,Available,44.0,2,58.6
EMP3136,Aditya Kumar,employee3136@company.local,Engineering,Analyst,1.8,2024-12-12,"Django, Machine Learning, React, Data Analysis",Busy,52.7,3,73.5
EMP305,Anita Reddy,employee305@company.local,Engineering,Data Scientist,5.8,2024-12-05,"Deep Learning, Project Management, Data Analysis, Computer Vision",Available,50.1,3,57.6
EMP1561,Priya Kapoor,employee1561@company.local,Engineering,Data Scientist,2.5,2024-11-28,Python,Available,77.1,4,61.7
EMP2856,Aditya Singh,employee2856@company.local,Data Science,Data Scientist,10.0,2014-02-20,"SQL, Machine Learning, Deep Learning",Busy,28.4,1,81.1
EMP3497,Swati Kapoor,employee3497@company.local,Sales,Developer,2.3,2016-09-19,"SQL, Django",Available,65.8,6,69.5
EMP2267,Neha Joshi,employee2267@company.local,Marketing,Team Lead,4.7,2019-01-24,"Python, React, Computer Vision",Available,25.6,2,55.3
EMP2955,Kavya Joshi,employee2955@company.local,Marketing,Project Manager,8.4,2015-01-08,"Machine Learning, Computer Vision, Project Management",Available,100.0,3,78.9
EMP4641,Priya Reddy,employee4641@company.local,Finance,HR Executive,1.7,2015-07-12,Python,On Leave,34.3,1,68.0
EMP2642,Rahul Mishra,employee2642@company.local,Finance,Senior Developer,1.6,2017-02-17,"React, Excel, Machine Learning",Available,32.8,2,72.8
EMP4768,Rohit Kumar,employee4768@company.local,Finance,Analyst,15.2,2022-07-10,"NLP, React, Machine Learning, Deep Learning",Available,56.4,5,88.9
EMP1131,Divya Joshi,employee1131@company.local,Marketing,Data Scientist,8.9,2022-03-04,"Django, Deep Learning, SQL",Available,50.5,4,67.1
EMP4038,Manoj Thomas,employee4038@company.local,Operations,Business Analyst,15.0,2012-04-02,"NLP, Excel",Available,44.6,2,97.3
EMP4203,Sneha Joshi,employee4203@company.local,Data Science,Finance Analyst,4.6,2015-04-16,"Deep Learning, Finance",Busy,27.4,1,69.8
EMP2310,Amit Thomas,employee2310@company.local,IT,Finance Analyst,7.7,2024-02-08,"Data Analysis, Excel",Available,55.0,3,75.6
EMP690,Amit Mishra,employee690@company.local,Sales,Project Manager,4.6,2025-01-12,"Project Management, SQL, Finance",Available,81.2,5,71.5
EMP1478,Manoj Thomas,employee1478@company.local,Marketing,HR Executive,2.8,2024-03-19,"Data Analysis, Project Management",Available,28.2,2,63.7
EMP4055,Kavya Nair,employee4055@company.local,Marketing,Project Manager,6.0,2013-05-05,Django,Unknown,82.6,3,74.4
EMP4310,Amit Thomas,employee4310@company.local,Data Science,Senior Developer,1.7,2012-05-16,"Project Management, Excel",Busy,91.8,5,56.4
EMP732,Sanjay Raj,employee732@company.local,Finance,Business Analyst,6.9,2025-08-22,"Deep Learning, Machine Learning, SQL, React",Available,60.1,6,74.5
EMP176,Aditya Kumar,employee176@company.local,Engineering,Senior Developer,1.9,2015-02-28,"Project Management, NLP, Python, Excel",Busy,61.0,2,72.0
EMP590,Amit Das,employee590@company.local,IT,Finance Analyst,7.7,2014-06-22,"Project Management, Computer Vision",Busy,100.0,2,64.2
EMP2030,Amit Das,employee2030@company.local,Data Science,HR Executive,3.9,2014-12-15,"Django, NLP, Project Management",Busy,37.6,2,67.4
EMP2679,Isha Nair,employee2679@company.local,Finance,Finance Analyst,5.5,2015-03-23,"Computer Vision, Machine Learning, Deep Learning",Busy,60.9,4,87.3
EMP3254,Nikhil Thomas,employee3254@company.local,Engineering,Senior Developer,5.5,2021-12-18,NLP,Available,74.6,4,54.6
EMP990,Amit Das,employee990@company.local,Finance,Senior Developer,1.1,2016-12-14,"Machine Learning, Django, Excel, Deep Learning",Busy,16.0,0,62.4
EMP2592,Sanjay Kumar,employee2592@company.local,Data Science,Senior Developer,6.1,2019-07-28,"React, Excel",Available,47.9,2,84.6
EMP1110,Amit Thomas,employee1110@company.local,Data Science,Finance Analyst,5.3,2024-10-08,"Deep Learning, Finance, Machine Learning",Available,44.9,1,57.5
EMP1346,Kiran Mishra,employee1346@company.local,HR,Business Analyst,5.0,2023-08-29,"Deep Learning, SQL, Finance, Django",Available,42.3,2,60.1
EMP2831,Divya Iyer,employee2831@company.local,Data Science,Developer,10.1,2013-02-03,Project Management,Available,83.6,6,74.0
EMP2962,Rahul Mishra,employee2962@company.local,IT,Data Scientist,1.7,2022-10-07,"Computer Vision, Data Analysis",Available,96.7,7,47.5
EMP1602,Rahul Mishra,employee1602@company.local,Engineering,Project Manager,3.4,2017-11-24,Excel,Busy,64.7,1,64.2
EMP3893,Pooja Menon,employee3893@company.local,Finance,Project Manager,3.5,2014-09-20,Deep Learning,Busy,40.2,2,74.4
EMP4743,Sneha Nair,employee4743@company.local,IT,Data Scientist,4.0,2023-12-12,"Finance, Data Analysis, Computer Vision",Busy,100.0,4,64.9
EMP4090,Amit Patel,employee4090@company.local,Data Science,Business Analyst,3.5,2014-03-29,"Data Analysis, Computer Vision, React",Busy,56.6,5,77.1
EMP1383,Sneha Nair,employee1383@company.local,Sales,HR Executive,3.6,2017-09-10,"Deep Learning, Data Analysis, React, Python",Available,48.6,4,67.0
EMP868,Rohit Verma,employee868@company.local,Engineering,Senior Developer,2.7,2025-04-24,"SQL, Computer Vision, Python",Available,80.1,5,53.3
EMP3400,Arun Singh,employee3400@company.local,Marketing,Team Lead,3.6,2012-03-08,"Deep Learning, Finance, Machine Learning, SQL",Available,29.5,2,64.9
EMP950,Amit Thomas,employee950@company.local,Data Science,Project Manager,0.7,2013-03-03,Excel,Available,55.3,6,49.4
EMP900,Arun Verma,employee900@company.local,Operations,Business Analyst,4.1,2013-07-10,"Django, Data Analysis",Busy,60.8,3,72.7
EMP3614,Nikhil Das,employee3614@company.local,Sales,Developer,2.9,2020-11-22,"Django, Machine Learning, Project Management, Data Analysis",Available,62.5,5,76.1
EMP350,Amit Das,employee350@company.local,Operations,Senior Developer,2.3,2020-03-30,"NLP, Python, Excel, Computer Vision",Available,0.0,0,92.3
EMP587,Neha Joshi,employee587@company.local,Engineering,Analyst,4.9,2019-05-15,"Python, SQL",Busy,68.6,3,63.8
EMP164,Vivek Verma,employee164@company.local,Operations,HR Executive,1.4,2016-07-02,"SQL, Python",Available,54.1,2,56.3
EMP2957,Swati Pillai,employee2957@company.local,HR,Senior Developer,0.4,2025-03-11,"Deep Learning, Machine Learning",Available,62.7,6,69.4
EMP3498,Manoj Patel,employee3498@company.local,HR,Business Analyst,3.9,2014-04-01,"Python, Machine Learning, Project Management, React",Available,0.0,0,63.5
EMP080,Arun Kumar,employee080@company.local,Data Science,Team Lead,4.0,2012-10-06,"Project Management, Django, NLP",On Leave,48.7,3,53.9
EMP2466,Kiran Mishra,employee2466@company.local,Data Science,Business Analyst,1.5,2019-03-19,"Machine Learning, Project Management",On Leave,73.7,5,69.4
EMP1776,Aditya Kumar,employee1776@company.local,Data Science,Project Manager,8.0,2023-07-08,"Machine Learning, React, NLP",Busy,67.5,4,98.2
EMP3923,Sneha Sharma,employee3923@company.local,Engineering,Finance Analyst,7.5,2025-04-08,"SQL, Data Analysis, Finance",Busy,47.6,4,79.8
EMP2585,Anita Kapoor,employee2585@company.local,IT,Senior Developer,3.8,2021-10-18,"Project Management, Deep Learning, NLP, React",Unknown,67.5,4,68.4
EMP987,Neha Joshi,employee987@company.local,Engineering,Finance Analyst,5.2,2023-04-17,"Machine Learning, Django, Excel, Project Management",Available,35.9,5,59.6
EMP3583,Sneha Iyer,employee3583@company.local,IT,Business Analyst,0.7,2017-01-25,Django,Available,48.2,5,48.6
EMP696,Aditya Singh,employee696@company.local,Marketing,HR Executive,1.7,2017-02-01,"Machine Learning, SQL, NLP, Finance",Available,92.5,6,60.9
EMP2131,Divya Sharma,employee2131@company.local,Sales,Data Scientist,7.5,2018-01-24,"Computer Vision, Deep Learning, Python, Finance",Available,31.2,5,69.4
EMP4792,Sanjay Singh,employee4792@company.local,Engineering,Developer,0.3,2017-05-27,"Excel, Python, NLP",Unknown,54.2,4,60.1
EMP4232,Sanjay Singh,employee4232@company.local,Engineering,Project Manager,17.2,2014-12-18,"Data Analysis, SQL, Computer Vision",Available,55.7,2,72.8
EMP1208,Rohit Singh,employee1208@company.local,Operations,Business Analyst,1.4,2025-05-29,Python,Busy,100.0,7,48.7
EMP4417,Swati Reddy,employee4417@company.local,Finance,Data Scientist,5.0,2014-11-10,Finance,Busy,42.8,2,67.6
EMP5000,Arun Singh,employee5000@company.local,Marketing,Data Scientist,10.0,2013-03-25,Django,Busy,32.5,0,82.3
EMP2579,Isha Sharma,employee2579@company.local,Engineering,Business Analyst,3.6,2013-07-16,"Project Management, Finance, SQL, Excel",Available,47.8,4,70.0
EMP2983,Sneha Nair,employee2983@company.local,Data Science,Analyst,13.0,2015-01-09,"Data Analysis, React, SQL",Available,100.0,6,73.8
EMP958,Manoj Das,employee958@company.local,Sales,Developer,6.4,2014-04-23,Deep Learning,Available,64.0,2,85.5
EMP1591,Divya Nair,employee1591@company.local,HR,Finance Analyst,5.8,2021-02-05,"Finance, Python, SQL",Busy,43.3,3,47.1
EMP3360,Arun Kumar,employee3360@company.local,Finance,Senior Developer,9.3,2022-09-27,"Data Analysis, Deep Learning",Available,52.5,5,73.1
EMP490,Amit Patel,employee490@company.local,Engineering,Data Scientist,4.7,2022-11-26,"Deep Learning, Excel, Computer Vision, SQL",Busy,23.1,1,66.4
EMP230,Amit Thomas,employee230@company.local,Marketing,Team Lead,7.4,2012-07-24,"React, SQL",Available,69.4,7,68.2
EMP4744,Vivek Singh,employee4744@company.local,IT,Project Manager,11.5,2023-06-20,Finance,Available,40.8,2,82.0
EMP3759,Isha Iyer,employee3759@company.local,Engineering,Business Analyst,1.0,2016-03-15,"Finance, Python, Data Analysis, Django",Available,79.9,5,65.3
EMP2650,Amit Patel,employee2650@company.local,Operations,Data Scientist,3.7,2025-05-01,"Data Analysis, React, Deep Learning",Busy,42.4,2,72.7
EMP812,Sanjay Raj,employee812@company.local,Marketing,Finance Analyst,3.8,2021-08-11,"Deep Learning, Project Management, NLP",Busy,51.6,3,67.6
EMP188,Rohit Raj,employee188@company.local,Engineering,Project Manager,17.6,2019-06-11,Project Management,Available,61.9,4,68.8
EMP4323,Sneha Sharma,employee4323@company.local,Operations,HR Executive,7.1,2023-07-27,"Finance, Machine Learning",Available,68.0,5,74.4
EMP4593,Pooja Reddy,employee4593@company.local,Data Science,Team Lead,6.0,2016-03-21,"Data Analysis, Deep Learning",Busy,58.2,4,69.8
EMP1521,Priya Reddy,employee1521@company.local,Engineering,Developer,1.1,2016-05-16,"Excel, Python, Machine Learning, NLP",On Leave,54.7,5,65.9
EMP2062,Rahul Das,employee2062@company.local,Engineering,Senior Developer,6.1,2018-06-11,"React, Django, SQL, Computer Vision",Available,18.5,1,80.5
EMP4864,Vivek Kumar,employee4864@company.local,Data Science,Analyst,6.6,2019-02-14,"Machine Learning, Computer Vision",Busy,35.6,2,40.0
EMP076,Aditya Raj,employee076@company.local,Finance,Team Lead,12.0,2024-06-30,"Computer Vision, Project Management, Finance",Available,16.2,2,85.5
EMP3543,Sneha Nair,employee3543@company.local,Sales,Senior Developer,4.7,2014-12-28,"Data Analysis, SQL",Available,22.5,2,73.7
EMP841,Priya Kapoor,employee841@company.local,Finance,HR Executive,5.3,2016-10-25,"React, NLP",Available,61.8,5,69.4
EMP4376,Aditya Singh,employee4376@company.local,Data Science,Senior Developer,5.9,2018-06-23,React,Available,69.0,5,57.0
EMP367,Neha Iyer,employee367@company.local,Marketing,Senior Developer,0.9,2016-12-16,"React, Deep Learning",Busy,55.6,2,71.9
EMP4899,Isha Sharma,employee4899@company.local,HR,Business Analyst,7.4,2012-09-17,"Machine Learning, Data Analysis, Python",Available,55.5,3,80.2
EMP3810,Amit Mishra,employee3810@company.local,Marketing,Developer,18.1,2018-11-05,"Django, NLP",Available,83.2,8,93.8
EMP3898,Manoj Patel,employee3898@company.local,Engineering,Developer,9.5,2018-05-23,"SQL, Project Management, Deep Learning",Busy,36.9,3,60.2
EMP2138,Manoj Patel,employee2138@company.local,Engineering,Business Analyst,6.8,2021-02-07,"Django, SQL, Machine Learning, NLP",Unknown,39.8,3,57.1
EMP4220,Arun Raj,employee4220@company.local,Engineering,Finance Analyst,7.7,2025-03-18,"Deep Learning, Excel",Available,100.0,8,59.1
EMP1651,Divya Sharma,employee1651@company.local,Engineering,Team Lead,5.1,2024-11-30,"SQL, Project Management",On Leave,67.9,5,65.3
EMP3585,Anita Reddy,employee3585@company.local,Engineering,HR Executive,3.7,2022-07-28,NLP,Busy,74.3,2,57.3
EMP3020,Arun Raj,employee3020@company.local,HR,Developer,15.0,2023-08-31,"NLP, Project Management, Computer Vision, Finance",Available,76.0,4,82.6
EMP3220,Arun Verma,employee3220@company.local,Operations,HR Executive,10.7,2013-04-16,"Python, Finance, Computer Vision, Excel",Available,60.6,5,57.8
EMP4188,Rohit Raj,employee4188@company.local,Finance,Developer,3.7,2018-11-21,SQL,Available,47.8,3,65.7
EMP3146,Kiran Patel,employee3146@company.local,Finance,Senior Developer,6.7,2019-01-14,NLP,Available,43.7,2,84.8
EMP3268,Rohit Verma,employee3268@company.local,IT,Data Scientist,5.7,2015-02-01,"Django, React, SQL",Busy,55.7,3,62.6
EMP1397,Swati Menon,employee1397@company.local,Data Science,HR Executive,6.9,2015-06-12,"SQL,Finance,Python,Data Analysis",Busy,67.8,3,68.4
EMP3986,Kiran Mishra,employee3986@company.local,Data Science,Senior Developer,7.3,2020-05-25,"Project Management,NLP,React",Available,67.7,6,61.7
EMP3942,Rahul Thomas,employee3942@company.local,IT,Senior Developer,5.9,2025-08-19,"Excel, React, SQL",On Leave,75.5,3,67.9
EMP4070,Amit Thomas,employee4070@company.local,IT,HR Executive,8.9,2014-08-27,"Python, Data Analysis, SQL, Finance",Available,26.1,3,72.8
EMP3230,Amit Das,employee3230@company.local,Operations,Analyst,3.5,2014-03-23,"Data Analysis, React",Available,73.9,4,57.6
EMP4808,Rohit Singh,employee4808@company.local,Sales,Developer,8.8,2018-01-09,"Computer Vision, Machine Learning",Available,70.5,3,73.9
EMP3687,Neha Nair,employee3687@company.local,Finance,Analyst,3.9,2013-05-16,"Data Analysis, NLP",Available,77.5,4,74.5
EMP1996,Aditya Raj,employee1996@company.local,Operations,Developer,11.5,2014-01-10,Python,Busy,94.8,5,62.2
EMP2709,Meera Menon,employee2709@company.local,Data Science,Project Manager,12.1,2012-05-04,Project Management,Available,88.0,5,73.0
EMP302,Rahul Das,employee302@company.local,Data Science,Business Analyst,1.3,2022-04-16,Data Analysis,Busy,55.8,5,54.6
EMP2118,Manoj Thomas,employee2118@company.local,IT,Business Analyst,6.3,2012-06-29,"Data Analysis, Computer Vision",Busy,63.4,4,64.9
EMP1921,Priya Reddy,employee1921@company.local,Marketing,Team Lead,5.3,2023-12-03,"React, Data Analysis, Excel",Available,75.8,5,70.2
EMP2758,Manoj Thomas,employee2758@company.local,Engineering,HR Executive,1.5,2016-11-11,"Django, React, Excel, Finance",Available,47.8,2,54.2
EMP799,Isha Iyer,employee799@company.local,Data Science,Project Manager,6.4,2013-11-12,"Django, Machine Learning, Project Management, React",Busy,12.6,2,61.0
EMP3280,Arun Kumar,employee3280@company.local,HR,Finance Analyst,2.8,2022-09-20,"Deep Learning, Data Analysis",Available,59.8,4,67.5
EMP2194,Nikhil Mishra,employee2194@company.local,IT,Analyst,7.8,2013-07-20,"Deep Learning, Django, Project Management",Available,55.7,7,64.4
EMP3481,Priya Kapoor,employee3481@company.local,IT,Business Analyst,5.4,2015-10-18,"Python, React, Finance",Available,11.6,1,65.2
EMP2342,Rahul Thomas,employee2342@company.local,Finance,HR Executive,6.5,2016-12-24,"Computer Vision, Deep Learning, Python, Data Analysis",Available,68.2,5,49.6
EMP4418,Manoj Mishra,employee4418@company.local,Data Science,Finance Analyst,2.4,2017-10-10,"React, Excel, Python, Django",Available,68.8,7,74.4
EMP4422,Rahul Thomas,employee4422@company.local,Sales,Analyst,0.6,2021-08-08,"Excel, Machine Learning, Python",Available,44.0,3,65.0
EMP2984,Vivek Singh,employee2984@company.local,HR,Developer,2.2,2022-11-18,"SQL, Deep Learning, Python, Django",Available,91.1,5,69.4
EMP1982,Rahul Das,employee1982@company.local,Data Science,Senior Developer,5.4,2017-06-14,"Project Management, Excel, React, SQL",Available,55.7,5,79.0
EMP3154,Nikhil Mishra,employee3154@company.local,Engineering,Team Lead,0.8,2013-05-16,"SQL, Django, Excel, Finance",Available,41.9,3,61.3
EMP822,Rahul Thomas,employee822@company.local,Operations,Business Analyst,5.6,2017-12-08,Excel,Busy,91.7,5,67.2
EMP4567,Neha Nair,employee4567@company.local,Marketing,Project Manager,8.5,2013-09-27,Computer Vision,Available,63.6,5,73.1
EMP4299,Isha Joshi,employee4299@company.local,Finance,Analyst,6.0,2014-10-16,"Computer Vision, NLP, Deep Learning",Available,31.6,1,68.1
EMP3920,Arun Kumar,employee3920@company.local,HR,Developer,5.8,2022-11-02,"React, Deep Learning, NLP",Available,52.0,3,75.0
EMP2721,Priya Reddy,employee2721@company.local,Finance,Team Lead,6.3,2017-09-28,"SQL, Finance, Python",Available,27.9,2,57.1
EMP1261,Priya Pillai,employee1261@company.local,Sales,Data Scientist,7.3,2017-12-05,"Excel, Finance, Computer Vision, Machine Learning",Available,77.2,7,68.3
EMP3124,Vivek Verma,employee3124@company.local,Engineering,Team Lead,4.9,2020-04-29,"NLP, Deep Learning",Available,24.4,4,70.9
EMP741,Priya Menon,employee741@company.local,Marketing,HR Executive,11.6,2020-06-18,"Project Management, Data Analysis, Excel, Python",Available,34.0,3,81.1
EMP523,Sneha Joshi,employee523@company.local,Sales,Business Analyst,1.7,2015-08-18,"Django, SQL, NLP, Computer Vision",Available,24.6,2,65.1
EMP1850,Amit Patel,employee1850@company.local,Finance,Developer,6.6,2019-07-21,"Python, Computer Vision",Available,80.2,6,63.0
EMP3114,Nikhil Patel,employee3114@company.local,Finance,Senior Developer,3.9,2020-01-24,"Machine Learning, Project Management",Available,100.0,4,65.9
EMP3550,Amit Das,employee3550@company.local,Engineering,Business Analyst,11.7,2013-07-07,"React, Machine Learning",Available,59.7,4,78.8
EMP1067,Neha Joshi,employee1067@company.local,IT,Team Lead,6.2,2024-07-22,"Data Analysis, Computer Vision",Available,84.2,5,69.4
EMP4026,Kiran Patel,employee4026@company.local,Engineering,Senior Developer,3.3,2014-04-02,Excel,Busy,0.0,1,56.6
EMP3708,Rohit Raj,employee3708@company.local,Operations,Finance Analyst,2.2,2021-06-28,Excel,Available,3.5,0,73.7
EMP2999,Isha Nair,employee2999@company.local,HR,Data Scientist,11.5,2019-10-06,"Deep Learning, NLP, Machine Learning",Available,57.5,5,78.5
EMP4596,Aditya Verma,employee4596@company.local,Engineering,Developer,3.2,2012-06-13,"Computer Vision, Machine Learning",Available,33.2,2,70.5
EMP169,Meera Kapoor,employee169@company.local,Engineering,Business Analyst,5.6,2025-07-26,"Python, Project Management, Django",Busy,24.2,2,77.3
EMP3864,Vivek Singh,employee3864@company.local,Engineering,Developer,7.4,2023-12-12,"Machine Learning, NLP, Django",Available,85.7,6,69.5
EMP2720,Arun Kumar,employee2720@company.local,Engineering,Developer,10.1,2019-01-26,"SQL, Excel, Computer Vision",Available,73.5,5,61.9
EMP2472,Sanjay Singh,employee2472@company.local,Operations,Finance Analyst,2.2,2016-04-28,"SQL, Python",Available,26.5,0,73.6
EMP4081,Priya Reddy,employee4081@company.local,Engineering,Business Analyst,6.7,2025-02-03,"Finance, Excel",Available,40.0,3,69.8
EMP4988,Rohit Raj,employee4988@company.local,Finance,Project Manager,7.5,2015-01-23,"Excel, Project Management, Finance, React",Available,66.3,4,69.1
EMP3341,Priya Pillai,employee3341@company.local,Engineering,Team Lead,13.4,2012-02-12,"Project Management, SQL, Finance",Available,100.0,5,69.4
EMP1771,Divya Joshi,employee1771@company.local,HR,Senior Developer,2.8,2020-09-19,"React, Computer Vision",Busy,100.0,7,71.4
EMP4430,Amit Das,employee4430@company.local,Sales,Senior Developer,9.4,2021-12-20,"Computer Vision, Data Analysis",On Leave,75.4,3,98.0
EMP364,Vivek Raj,employee364@company.local,Operations,Project Manager,5.7,2023-11-05,Data Analysis,Busy,34.3,3,59.8
EMP633,Pooja Kapoor,employee633@company.local,Marketing,Data Scientist,11.8,2016-08-31,"Deep Learning, Project Management, Computer Vision",Available,72.7,4,72.9
EMP3518,Manoj Das,employee3518@company.local,Finance,Developer,19.6,2015-02-03,Excel,Available,26.0,2,91.9
EMP1989,Meera Menon,employee1989@company.local,Data Science,Finance Analyst,11.8,2016-07-29,SQL,Available,81.4,4,78.3
EMP4938,Manoj Patel,employee4938@company.local,Marketing,Business Analyst,5.6,2017-05-23,NLP,Available,57.3,4,61.8
EMP2044,Vivek Raj,employee2044@company.local,Engineering,Data Scientist,1.6,2017-01-05,"Finance, Deep Learning, Project Management, NLP",Busy,68.6,4,47.2
EMP122,Rahul Patel,employee122@company.local,Marketing,Team Lead,7.1,2025-02-14,Python,Available,89.8,4,61.2
EMP829,Meera Pillai,employee829@company.local,Marketing,HR Executive,2.8,2013-11-05,"Python, Excel, Computer Vision",Available,51.5,3,64.7
EMP4657,Not specified,employee4657@company.local,Engineering,Business Analyst,3.7,2019-03-04,"NLP, Deep Learning, React, Python",Available,93.4,9,83.1
EMP3425,Anita Reddy,employee3425@company.local,Sales,Senior Developer,5.2,2022-02-04,Django,Busy,43.9,3,89.8
EMP3943,Sneha Nair,employee3943@company.local,Marketing,Senior Developer,1.3,2015-12-02,"Computer Vision, Deep Learning, React",Busy,66.3,4,69.4
EMP3505,Anita Reddy,employee3505@company.local,Finance,Data Scientist,1.0,2015-12-06,"Machine Learning, SQL, Deep Learning, Excel",Available,47.6,6,62.2
EMP1564,Vivek Raj,employee1564@company.local,Operations,Data Scientist,4.9,2024-04-30,"Django, Excel",Available,91.7,7,63.5
EMP3199,Isha Iyer,employee3199@company.local,Finance,Developer,2.4,2020-02-21,"NLP, Excel, Project Management, Deep Learning",Busy,46.2,2,69.2
EMP2123,Not specified,employee2123@company.local,Marketing,Data Scientist,11.4,2022-02-02,Data Analysis,Available,24.3,2,72.9
EMP1743,Sneha Iyer,employee1743@company.local,Operations,Data Scientist,6.7,2021-10-20,"Deep Learning, Excel",Available,55.7,2,60.7
EMP3298,Not specified,employee3298@company.local,Sales,Developer,13.9,2019-02-27,"Deep Learning, SQL, React",Available,72.5,5,86.3
EMP981,Priya Menon,employee981@company.local,Sales,HR Executive,5.4,2017-05-07,"Computer Vision, Django, Data Analysis",Available,75.9,4,68.1
EMP4937,Swati Kapoor,employee4937@company.local,HR,Business Analyst,6.0,2023-09-14,"Deep Learning, Django",Busy,51.5,4,75.7
EMP3776,Aditya Kumar,employee3776@company.local,Finance,Project Manager,6.4,2016-11-19,SQL,Available,75.7,5,70.6
EMP1665,Anita Reddy,employee1665@company.local,Data Science,Data Scientist,5.7,2017-01-14,"NLP, Django, React, Deep Learning",Available,88.0,5,65.3
EMP1297,Swati Reddy,employee1297@company.local,Data Science,Team Lead,5.4,2012-08-06,"SQL, Computer Vision, Deep Learning, NLP",Busy,68.6,4,67.1
EMP1964,Vivek Raj,employee1964@company.local,Data Science,Developer,11.2,2017-10-02,"React, Data Analysis, Python, Django",Available,61.9,6,73.5
EMP3323,Sneha Joshi,employee3323@company.local,Data Science,Data Scientist,6.8,2016-07-12,"React, Data Analysis, Python",Available,55.9,2,71.3
EMP1189,Meera Menon,employee1189@company.local,Finance,HR Executive,8.1,2016-01-05,"React, Python, Machine Learning, NLP",Available,59.0,3,83.2
EMP3873,Pooja Reddy,employee3873@company.local,Engineering,Senior Developer,8.1,2023-09-14,"Excel, NLP, Project Management",Busy,6.6,0,55.6
EMP4045,Anita Pillai,employee4045@company.local,HR,Team Lead,8.9,2016-02-12,Django,Available,74.6,5,76.0
EMP4062,Rahul Das,employee4062@company.local,Operations,Data Scientist,2.2,2016-08-17,NLP,Busy,64.4,4,59.8
EMP1381,Priya Menon,employee1381@company.local,IT,HR Executive,6.2,2021-04-14,"Machine Learning, React",Available,49.4,4,70.9
EMP1091,Divya Sharma,employee1091@company.local,Sales,Data Scientist,2.8,2023-07-16,NLP,Available,60.8,4,67.7
EMP1807,Neha Iyer,employee1807@company.local,IT,Developer,9.2,2019-03-30,"Python, Excel, Project Management, Data Analysis",Available,30.1,2,64.4
EMP673,Pooja Reddy,employee673@company.local,Operations,Developer,11.3,2021-10-30,"Excel, Machine Learning, Deep Learning, React",Available,9.5,2,78.0
EMP3919,Isha Iyer,employee3919@company.local,Data Science,Analyst,8.3,2018-12-09,"Finance, Data Analysis, SQL, Computer Vision",Busy,61.1,3,79.1
EMP4318,Manoj Das,employee4318@company.local,Engineering,Data Scientist,0.7,2017-07-05,"NLP, Deep Learning",Available,49.3,3,69.4
EMP694,Nikhil Thomas,employee694@company.local,IT,Team Lead,5.2,2013-07-21,Finance,On Leave,39.9,1,73.0
EMP508,Rohit Raj,employee508@company.local,Engineering,HR Executive,5.6,2014-03-25,Data Analysis,Busy,54.9,2,59.3
EMP100,Arun Verma,employee100@company.local,Finance,Finance Analyst,1.8,2016-02-29,"Finance, Python",Available,68.1,5,79.4
EMP2390,Amit Thomas,employee2390@company.local,Data Science,Project Manager,3.7,2025-02-20,"Finance, Python, React, NLP",Available,41.0,4,76.2
EMP1955,Kavya Sharma,employee1955@company.local,IT,Analyst,5.4,2018-12-15,"React, Machine Learning",Busy,23.4,4,63.0
EMP3896,Aditya Singh,employee3896@company.local,Sales,Analyst,11.8,2018-12-07,"React, Deep Learning, Django, Project Management",Busy,73.8,6,84.2
EMP719,Isha Iyer,employee719@company.local,Operations,Project Manager,3.2,2017-04-08,"Data Analysis, Excel, Django, Python",Busy,75.2,7,60.9
EMP2386,Kiran Mishra,employee2386@company.local,Marketing,HR Executive,7.8,2018-03-08,"React, Deep Learning, Data Analysis",On Leave,85.3,7,59.0
EMP254,Nikhil Das,employee254@company.local,Sales,Team Lead,7.0,2025-01-04,Project Management,Available,72.3,4,78.6
EMP2917,Swati Menon,employee2917@company.local,Marketing,Business Analyst,5.6,2013-09-04,Machine Learning,Available,56.0,4,85.6
EMP3074,Nikhil Mishra,employee3074@company.local,Engineering,Developer,5.6,2014-10-31,React,Available,56.9,3,63.0
EMP3314,Nikhil Mishra,employee3314@company.local,IT,Project Manager,2.2,2016-04-15,"Finance, Computer Vision, Data Analysis",Available,64.1,4,66.0
EMP4974,Nikhil Das,employee4974@company.local,Engineering,Team Lead,1.9,2012-05-25,"Computer Vision, SQL, Python, Machine Learning",Available,61.3,5,56.2
EMP4674,Nikhil Mishra,employee4674@company.local,IT,Senior Developer,11.4,2014-08-16,"Computer Vision, Python, Excel, NLP",Available,67.0,6,80.8
EMP2438,Manoj Thomas,employee2438@company.local,IT,Team Lead,6.1,2024-05-19,"Project Management, Finance, Python",Available,29.0,3,55.8
EMP1890,Amit Mishra,employee1890@company.local,Marketing,Team Lead,22.0,2013-10-31,"Python, Excel",Available,66.2,3,82.3
EMP1150,Amit Das,employee1150@company.local,Operations,Analyst,4.7,2018-04-09,"Computer Vision, NLP, Finance",Available,62.5,3,56.2
EMP656,Aditya Kumar,employee656@company.local,Data Science,HR Executive,0.5,2019-11-30,"NLP, Deep Learning, React, Computer Vision",Busy,29.8,1,66.7
EMP3122,Rahul Mishra,employee3122@company.local,Operations,Developer,7.3,2014-08-14,"NLP, Deep Learning",On Leave,64.7,4,72.4
EMP2915,Kavya Sharma,employee2915@company.local,HR,Data Scientist,4.3,2012-01-09,"React, Deep Learning",Available,55.6,6,45.7
EMP4191,Divya Iyer,employee4191@company.local,Finance,Finance Analyst,8.0,2019-06-27,"Python, Excel, React",Busy,55.7,4,57.9
EMP4948,Rohit Verma,employee4948@company.local,Sales,Project Manager,17.4,2025-08-26,"Computer Vision, Excel",Busy,90.7,5,92.8
EMP1981,Priya Pillai,employee1981@company.local,Sales,Developer,5.8,2013-03-26,NLP,Unknown,43.1,4,65.9
EMP1139,Isha Sharma,employee1139@company.local,HR,Finance Analyst,5.5,2020-07-21,"Machine Learning, SQL",Busy,58.4,4,75.6
EMP2013,Pooja Pillai,employee2013@company.local,Engineering,Project Manager,17.8,2016-07-29,"SQL, Finance, Deep Learning",Available,73.0,4,65.7
EMP1979,Isha Joshi,employee1979@company.local,Operations,Senior Developer,2.9,2022-03-05,"React, Project Management, Data Analysis, Excel",Available,44.3,5,66.5
EMP297,Swati Kapoor,employee297@company.local,Engineering,HR Executive,0.5,2017-10-01,"Finance, Machine Learning, Excel",Available,58.6,5,60.1
EMP2797,Swati Pillai,employee2797@company.local,Marketing,Business Analyst,0.6,2020-06-10,SQL,Available,76.6,6,52.7
EMP4465,Anita Reddy,employee4465@company.local,Finance,Finance Analyst,5.1,2025-05-01,Data Analysis,Busy,2.1,1,68.7
EMP2353,Pooja Reddy,employee2353@company.local,HR,Senior Developer,8.9,2016-09-26,Computer Vision,Available,38.5,2,86.3
EMP808,Rohit Singh,employee808@company.local,Marketing,Analyst,5.0,2019-06-08,"React, Excel",Busy,11.6,1,68.0
EMP2354,Nikhil Mishra,employee2354@company.local,Operations,Senior Developer,7.7,2018-02-10,"Excel, Django",Busy,76.3,5,81.3
EMP4718,Manoj Das,employee4718@company.local,Data Science,Senior Developer,0.8,2018-06-23,"Deep Learning, Project Management, React, NLP",Available,24.3,2,58.0
EMP795,Kavya Joshi,employee795@company.local,Sales,Finance Analyst,10.9,2013-08-07,"Data Analysis, Deep Learning, Machine Learning",Busy,27.3,2,68.2
EMP050,Amit Mishra,employee050@company.local,HR,Developer,5.7,2019-06-12,"Finance, Data Analysis",Available,29.1,1,70.6
EMP2556,Aditya Raj,employee2556@company.local,Engineering,Analyst,1.8,2024-03-11,"Computer Vision, Project Management, Excel",Available,55.9,2,80.3
EMP4994,Nikhil Mishra,employee4994@company.local,IT,Senior Developer,6.7,2015-08-24,"NLP, React, Python, SQL",Available,98.3,7,51.5
EMP1433,Pooja Kapoor,employee1433@company.local,Finance,Finance Analyst,8.2,2015-10-24,"Deep Learning, Project Management",Available,49.2,5,68.1
EMP4524,Vivek Raj,employee4524@company.local,Operations,Finance Analyst,3.0,2017-05-05,"Project Management, SQL, React",Busy,53.2,5,59.4
EMP839,Isha Nair,employee839@company.local,Finance,Project Manager,4.7,2022-08-20,"Deep Learning, Computer Vision",On Leave,50.5,2,67.9
EMP3398,Manoj Thomas,employee3398@company.local,Sales,Finance Analyst,6.7,2016-04-24,"Django, Python",Busy,78.4,6,84.3
EMP1133,Pooja Pillai,employee1133@company.local,HR,HR Executive,3.6,2019-12-22,NLP,Busy,97.8,7,55.7
EMP3566,Kiran Das,employee3566@company.local,IT,Team Lead,2.4,2021-01-05,"NLP, React",Available,39.5,1,63.7
EMP4702,Rahul Das,employee4702@company.local,Engineering,Analyst,4.4,2024-04-01,Python,Available,58.2,4,71.8
EMP324,Vivek Verma,employee324@company.local,Operations,Developer,9.7,2017-03-01,"Deep Learning, Project Management",Available,21.6,2,78.6
EMP1520,Arun Kumar,employee1520@company.local,Data Science,Analyst,3.9,2017-02-02,"Project Management, Computer Vision, Machine Learning, React",Available,29.3,3,67.4
EMP3552,Sanjay Kumar,employee3552@company.local,Finance,Business Analyst,9.5,2022-11-30,"Data Analysis, Machine Learning",Busy,39.3,3,71.6
EMP3162,Rahul Patel,employee3162@company.local,IT,Project Manager,5.3,2024-02-12,"Django, React, Deep Learning, NLP",Busy,67.2,4,79.2
EMP3133,Pooja Pillai,employee3133@company.local,Operations,Project Manager,7.4,2016-09-23,"Python, React, NLP",Busy,40.9,3,80.3
EMP4343,Sneha Nair,employee4343@company.local,Finance,Developer,8.8,2024-07-24,"Project Management, Python, SQL",Available,38.9,3,76.0
EMP3429,Meera Menon,employee3429@company.local,Data Science,Data Scientist,6.5,2024-03-07,"NLP, Django",Available,75.7,5,63.8
EMP1176,Aditya Singh,employee1176@company.local,Data Science,Project Manager,3.1,2022-01-01,"NLP, Deep Learning, React, Finance",On Leave,47.4,4,66.3
EMP3165,Anita Pillai,employee3165@company.local,Engineering,Data Scientist,7.4,2019-09-24,"Finance, Deep Learning, React",Available,50.0,2,59.0
EMP1886,Kiran Das,employee1886@company.local,Operations,Project Manager,9.1,2013-11-14,"Machine Learning, React, Django, Excel",On Leave,37.7,4,73.6
EMP3855,Kavya Iyer,employee3855@company.local,IT,Project Manager,2.9,2017-02-14,Finance,Busy,70.1,4,64.6
EMP3567,Neha Iyer,employee3567@company.local,Operations,Team Lead,11.5,2017-02-19,"Excel, Data Analysis",Busy,46.7,4,63.5
EMP4642,Rahul Mishra,employee4642@company.local,IT,Developer,9.7,2024-12-20,"Data Analysis, Finance, Excel, Deep Learning",Available,68.6,5,71.3
EMP2145,Anita Reddy,employee2145@company.local,Marketing,Project Manager,3.9,2023-02-11,Data Analysis,Available,68.2,5,48.5
EMP3263,Sneha Iyer,employee3263@company.local,Engineering,Senior Developer,6.8,2014-06-17,Excel,Busy,64.2,7,84.4
EMP1686,Kiran Thomas,employee1686@company.local,HR,HR Executive,3.7,2021-12-31,Project Management,Busy,68.0,3,70.0
EMP082,Rahul Mishra,employee082@company.local,Finance,Analyst,1.7,2013-02-01,"Computer Vision, Django, Python, Data Analysis",Available,49.0,4,66.2
EMP1421,Priya Pillai,employee1421@company.local,Engineering,Project Manager,9.5,2022-12-01,"Machine Learning, SQL, NLP",Available,72.5,3,85.9
EMP1696,Aditya Kumar,employee1696@company.local,Data Science,Developer,7.9,2022-12-31,"Django, Computer Vision, Deep Learning",Available,69.8,5,80.0
EMP4069,Meera Menon,employee4069@company.local,Operations,Data Scientist,5.9,2012-04-10,"Python, Finance, Deep Learning",Available,77.2,5,75.4
EMP4739,Isha Sharma,employee4739@company.local,Engineering,Developer,2.7,2018-12-19,"Computer Vision, Machine Learning",Busy,31.0,6,72.2
EMP1237,Swati Menon,employee1237@company.local,HR,Senior Developer,8.6,2013-06-27,SQL,Busy,56.5,5,63.6
EMP1079,Isha Nair,employee1079@company.local,Data Science,Project Manager,10.5,2019-10-09,"Python, Deep Learning, Django",Available,100.0,6,70.8
EMP4053,Pooja Menon,employee4053@company.local,Engineering,Team Lead,7.0,2021-12-03,"Python, Data Analysis, React, Computer Vision",Available,47.0,3,90.8
EMP2237,Swati Pillai,employee2237@company.local,Engineering,Business Analyst,4.9,2015-02-23,"Machine Learning, SQL, Python, React",Busy,69.6,3,64.2
EMP2687,Neha Iyer,employee2687@company.local,Sales,Senior Developer,1.3,2015-08-30,"SQL, NLP, Deep Learning",Available,6.5,0,56.7
EMP2595,Kavya Sharma,employee2595@company.local,Finance,Senior Developer,1.8,2012-03-01,Python,Available,66.6,5,52.5
EMP2135,Kavya Nair,employee2135@company.local,Marketing,Team Lead,8.4,2019-07-19,"Deep Learning, SQL",Available,83.7,5,66.0
EMP3371,Divya Joshi,employee3371@company.local,IT,Developer,2.9,2015-06-06,"Django, Deep Learning, Data Analysis, Machine Learning",Busy,73.0,3,46.9
EMP661,Priya Menon,employee661@company.local,HR,Project Manager,6.8,2014-02-03,"Computer Vision, SQL, Django",Available,73.9,5,57.5
EMP1730,Amit Mishra,employee1730@company.local,Finance,HR Executive,8.8,2020-04-14,"Finance, Deep Learning, Project Management",Available,60.0,4,63.6
EMP040,Arun Singh,employee040@company.local,Data Science,Senior Developer,0.7,2013-03-23,Project Management,On Leave,63.6,4,63.7
EMP3882,Rahul Patel,employee3882@company.local,Data Science,HR Executive,10.8,2025-08-23,"Data Analysis, Finance",Busy,98.1,6,77.0
EMP2382,Rahul Das,employee2382@company.local,Marketing,Developer,13.7,2014-04-02,"Machine Learning, Django",On Leave,68.6,5,86.9
EMP3562,Rahul Patel,employee3562@company.local,Engineering,Data Scientist,3.5,2022-11-28,Project Management,Busy,74.3,6,77.7
EMP2570,Amit Patel,employee2570@company.local,Sales,Senior Developer,5.9,2025-02-08,"Excel, Machine Learning, Django",Available,44.9,1,74.7
EMP2108,Rohit Raj,employee2108@company.local,IT,Business Analyst,2.6,2017-09-02,"Data Analysis, Project Management, Python",Available,86.3,6,73.0
EMP3252,Sanjay Verma,employee3252@company.local,Engineering,Business Analyst,19.8,2016-05-25,"Finance, Data Analysis, Project Management, Machine Learning",Available,28.9,5,99.0
EMP319,Isha Iyer,employee319@company.local,Engineering,Developer,13.6,2016-11-15,"NLP, React, Data Analysis",Available,43.1,3,77.4
EMP1762,Rahul Mishra,employee1762@company.local,Sales,Finance Analyst,14.8,2020-01-12,Computer Vision,Busy,49.2,5,72.1
EMP1488,Rohit Kumar,employee1488@company.local,Sales,Team Lead,3.6,2021-09-16,"Django, Machine Learning, Computer Vision, React",Busy,16.3,1,82.0
EMP4255,Kavya Iyer,employee4255@company.local,Operations,Analyst,13.0,2012-03-21,"Django, SQL",Available,61.7,4,90.8
EMP4279,Isha Nair,employee4279@company.local,Marketing,Team Lead,7.3,2016-07-20,"Project Management, Machine Learning, Excel",Available,37.4,3,69.0
EMP686,Kiran Das,employee686@company.local,Operations,Senior Developer,7.5,2012-02-25,"React, Computer Vision, Finance, Django",Available,45.2,3,79.3
EMP2239,Isha Iyer,employee2239@company.local,Engineering,Developer,5.3,2013-11-05,"Data Analysis, Excel, Project Management, Finance",Available,73.5,6,79.4
EMP1972,Sanjay Verma,employee1972@company.local,HR,Project Manager,5.2,2015-08-26,Python,Busy,52.7,2,48.9
EMP1765,Anita Menon,employee1765@company.local,IT,Developer,5.3,2020-11-18,Excel,Busy,21.5,2,63.9
EMP3905,Anita Reddy,employee3905@company.local,Engineering,Team Lead,5.0,2025-03-15,Python,Available,42.9,2,58.4
EMP2183,Sneha Nair,employee2183@company.local,Data Science,Team Lead,2.4,2021-10-12,Deep Learning,Available,54.1,4,70.6
EMP4879,Isha Iyer,employee4879@company.local,Sales,Business Analyst,10.9,2021-01-21,"Python, Project Management, SQL",Busy,24.5,1,79.3
EMP3413,Pooja Menon,employee3413@company.local,Engineering,Senior Developer,5.4,2012-07-17,"Finance, Django, React",Busy,95.1,3,67.1
EMP1528,Rohit Singh,employee1528@company.local,Finance,Senior Developer,1.4,2018-04-18,"Python, NLP, Django",Available,81.9,6,63.5
EMP2836,Aditya Verma,employee2836@company.local,Data Science,Developer,8.6,2024-11-25,"NLP, Deep Learning, Python",Available,28.9,3,80.2
EMP714,Nikhil Patel,employee714@company.local,Sales,Project Manager,7.0,2014-12-26,"Finance, Deep Learning, Excel",Busy,59.7,2,68.4
EMP3432,Sanjay Singh,employee3432@company.local,Engineering,Project Manager,5.6,2015-09-11,"Django, Finance, React, Data Analysis",Available,53.8,4,66.7
EMP3690,Amit Patel,employee3690@company.local,Engineering,Project Manager,9.3,2013-11-05,"Machine Learning, Deep Learning, Data Analysis, Python",Available,36.7,1,69.6
EMP4523,Sneha Joshi,employee4523@company.local,Sales,Business Analyst,1.9,2021-01-17,"Data Analysis, Project Management, Python",Available,48.0,4,59.6
EMP1427,Neha Sharma,employee1427@company.local,Finance,Developer,3.9,2016-02-26,"NLP, Excel, Data Analysis",Available,100.0,5,60.8
EMP3676,Aditya Raj,employee3676@company.local,Engineering,Team Lead,8.2,2014-08-04,"Excel, Project Management, SQL, Django",Busy,48.7,3,71.0
EMP760,Arun Singh,employee760@company.local,Operations,Business Analyst,4.6,2023-04-06,SQL,Available,78.1,5,53.0
EMP4570,Amit Patel,employee4570@company.local,Engineering,Finance Analyst,2.3,2016-04-14,Data Analysis,Available,60.3,5,61.2
EMP4682,Rahul Patel,employee4682@company.local,HR,Finance Analyst,5.8,2012-01-18,Python,Available,68.4,6,58.2
EMP306,Kiran Mishra,employee306@company.local,Data Science,HR Executive,5.9,2014-02-24,"Django, Python, Excel, Finance",On Leave,45.0,2,78.5
EMP4923,Sneha Joshi,employee4923@company.local,Data Science,Project Manager,5.2,2025-01-05,Data Analysis,Busy,82.6,6,54.3
EMP3444,Vivek Verma,employee3444@company.local,Sales,HR Executive,2.5,2015-06-01,"Computer Vision, Deep Learning, React, SQL",Available,84.3,6,56.0
EMP1604,Vivek Verma,employee1604@company.local,Sales,Data Scientist,1.4,2016-02-09,"Finance, SQL, Project Management",Available,59.5,4,69.4
EMP1092,Sanjay Verma,employee1092@company.local,IT,Data Scientist,7.4,2021-08-06,"Machine Learning, NLP, Project Management, Django",Busy,57.5,5,61.4
EMP2357,Swati Menon,employee2357@company.local,Sales,Team Lead,7.2,2013-07-17,Deep Learning,Available,44.3,1,80.5
EMP4703,Sneha Iyer,employee4703@company.local,Operations,Developer,4.4,2024-11-19,"Finance, NLP, Machine Learning",Busy,71.9,5,74.5
EMP4546,Kiran Mishra,employee4546@company.local,Data Science,Team Lead,4.2,2015-03-12,"SQL, React",Busy,49.0,6,60.8
EMP170,Amit Patel,employee170@company.local,IT,Data Scientist,0.9,2014-10-19,"Computer Vision, Django, Project Management, Excel",Busy,46.7,3,42.8
EMP4125,Anita Pillai,employee4125@company.local,Engineering,Data Scientist,3.2,2014-04-26,"Finance, Project Management",Available,75.4,5,51.5
EMP3509,Meera Menon,employee3509@company.local,Engineering,Developer,21.1,2016-01-24,"NLP, Project Management, React",On Leave,56.7,3,89.5
EMP3367,Neha Nair,employee3367@company.local,Engineering,Finance Analyst,2.3,2023-06-01,"NLP, Computer Vision, Django",Busy,59.0,3,59.5
EMP2040,Not specified,employee2040@company.local,Finance,Project Manager,14.0,2014-03-14,Deep Learning,Available,85.1,7,80.4
EMP1358,Manoj Das,employee1358@company.local,IT,HR Executive,7.7,2024-05-12,"Deep Learning, Python, Machine Learning",Available,80.2,5,54.7
EMP2204,Vivek Raj,employee2204@company.local,Engineering,HR Executive,9.4,2019-08-01,Finance,Busy,49.2,2,74.7
EMP2885,Anita Menon,employee2885@company.local,Finance,Finance Analyst,7.9,2022-10-20,Finance,On Leave,57.2,2,64.6
EMP4844,Vivek Raj,employee4844@company.local,Operations,HR Executive,14.0,2013-03-01,"Machine Learning, Finance",Available,57.2,6,77.5
EMP3183,Sneha Iyer,employee3183@company.local,Engineering,Analyst,14.3,2025-06-22,Project Management,Available,80.4,5,74.6
EMP483,Sneha Sharma,employee483@company.local,Engineering,Analyst,0.9,2025-08-25,"Computer Vision, NLP",Available,0.0,0,64.7
EMP2396,Aditya Raj,employee2396@company.local,Engineering,Data Scientist,0.7,2014-11-26,"React, Data Analysis, Machine Learning",Available,75.2,2,65.0
EMP3581,Priya Pillai,employee3581@company.local,Sales,Analyst,4.0,2013-01-16,Deep Learning,Available,41.1,2,63.0
EMP1124,Vivek Verma,employee1124@company.local,Data Science,Project Manager,5.5,2022-10-18,"Deep Learning, Computer Vision, SQL, React",Busy,60.1,2,63.2
EMP1785,Anita Kapoor,employee1785@company.local,Engineering,Analyst,9.5,2018-08-11,Python,Available,49.7,2,64.0
EMP2117,Swati Menon,employee2117@company.local,Engineering,Project Manager,3.4,2012-09-20,"Machine Learning, Data Analysis, Python, SQL",Available,84.0,6,72.3
EMP3698,Manoj Mishra,employee3698@company.local,IT,HR Executive,3.5,2014-01-04,Django,Busy,73.0,4,64.7
EMP1192,Sanjay Singh,employee1192@company.local,IT,Team Lead,9.7,2016-09-18,"Django, Finance, Data Analysis",Available,50.0,1,79.2
EMP1740,Arun Raj,employee1740@company.local,IT,Team Lead,2.9,2012-06-15,"SQL, Project Management, Deep Learning",Unknown,46.0,3,63.7
EMP2059,Isha Joshi,employee2059@company.local,HR,Senior Developer,4.0,2016-06-09,Machine Learning,Available,12.2,2,74.0
EMP2252,Sanjay Raj,employee2252@company.local,Data Science,Analyst,3.3,2013-09-29,Machine Learning,Unknown,48.4,5,70.2
EMP369,Meera Reddy,employee369@company.local,Sales,Business Analyst,1.7,2024-01-15,"Machine Learning, Project Management, Data Analysis",Busy,64.2,3,53.2
EMP986,Kiran Patel,employee986@company.local,Operations,Data Scientist,5.0,2015-02-16,"Finance, Deep Learning, Excel",Busy,27.3,3,57.2
EMP632,Sanjay Singh,employee632@company.local,Finance,Team Lead,1.8,2025-05-06,"Machine Learning, NLP",Available,57.0,4,62.9
EMP4424,Vivek Singh,employee4424@company.local,HR,Project Manager,13.0,2012-04-16,"Data Analysis, Machine Learning, Deep Learning, NLP",Busy,40.4,2,88.9
EMP1631,Divya Iyer,employee1631@company.local,Data Science,Project Manager,4.8,2020-12-18,"SQL, React, Finance, Excel",Busy,61.1,3,61.3
EMP771,Divya Sharma,employee771@company.local,Sales,Finance Analyst,2.5,2015-07-08,"Python, NLP, Computer Vision, React",Available,100.0,6,57.3
EMP4392,Sanjay Singh,employee4392@company.local,IT,Team Lead,1.3,2022-06-01,Computer Vision,Busy,62.3,4,63.9
EMP2085,Anita Menon,employee2085@company.local,HR,Data Scientist,5.1,2013-02-16,"Project Management, React",Available,82.9,5,60.7
EMP192,Sanjay Kumar,employee192@company.local,HR,Team Lead,2.9,2018-02-23,Computer Vision,Available,65.3,5,77.1
EMP882,Rahul Mishra,employee882@company.local,Operations,Team Lead,8.7,2025-03-16,Project Management,Available,43.2,3,68.9
EMP1737,Swati Kapoor,employee1737@company.local,IT,Senior Developer,1.9,2019-09-02,"Project Management, Finance, Excel",Busy,53.4,2,83.2
EMP4388,Rohit Verma,employee4388@company.local,Data Science,Business Analyst,6.5,2016-12-04,React,Available,40.1,2,64.0
EMP3241,Priya Kapoor,employee3241@company.local,Data Science,Data Scientist,5.4,2018-05-01,"Django, Computer Vision, Finance, SQL",Busy,81.2,6,64.4
EMP2605,Anita Pillai,employee2605@company.local,Operations,HR Executive,3.3,2014-05-30,"NLP, Django, Computer Vision, Python",Available,95.8,7,60.0
EMP1389,Meera Pillai,employee1389@company.local,Marketing,Business Analyst,2.5,2014-08-25,Computer Vision,Available,34.0,1,76.2
EMP2827,Neha Joshi,employee2827@company.local,HR,Data Scientist,7.9,2024-06-16,Django,Available,78.1,6,62.7
EMP2436,Aditya Verma,employee2436@company.local,Finance,Developer,10.0,2020-04-29,SQL,Busy,61.4,5,72.0
EMP1575,Kavya Nair,employee1575@company.local,Operations,Senior Developer,1.7,2018-09-14,"Data Analysis, Computer Vision, Excel, Project Management",Available,60.3,6,50.0
EMP3321,Priya Kapoor,employee3321@company.local,Marketing,Developer,5.9,2014-03-06,"Computer Vision, Django, Deep Learning",Available,0.0,1,45.3
EMP4802,Rahul Mishra,employee4802@company.local,Data Science,Team Lead,0.9,2018-09-22,"Python, Deep Learning, React, SQL",Available,37.9,1,74.0
EMP4761,Priya Kapoor,employee4761@company.local,Data Science,Business Analyst,6.6,2014-10-11,"Project Management, Machine Learning, Python",Available,51.2,5,64.0
EMP2260,Arun Verma,employee2260@company.local,Engineering,Analyst,6.8,2020-10-25,"Deep Learning, React, Project Management",Available,53.6,3,61.9
EMP1963,Sneha Joshi,employee1963@company.local,Engineering,Project Manager,8.1,2015-07-19,"React, NLP",Available,66.9,3,86.4
EMP1620,Arun Verma,employee1620@company.local,Finance,Team Lead,2.3,2021-02-07,"NLP, Machine Learning",Available,55.7,3,64.0
EMP4589,Meera Pillai,employee4589@company.local,Engineering,Analyst,13.1,2023-09-01,"Project Management, Finance, Data Analysis",Available,97.7,7,59.3
EMP3478,Manoj Thomas,employee3478@company.local,HR,Team Lead,2.5,2014-01-20,"Data Analysis, React, Machine Learning",Available,50.0,5,75.0
EMP1051,Divya Joshi,employee1051@company.local,Engineering,Developer,1.4,2024-10-14,"React, SQL",Available,66.6,4,78.9
EMP1009,Meera Reddy,employee1009@company.local,Marketing,Team Lead,7.4,2019-02-04,Python,Available,57.5,6,82.3
EMP1942,Rahul Thomas,employee1942@company.local,Engineering,Data Scientist,11.1,2012-10-29,"SQL, Data Analysis, Excel",Busy,40.4,2,81.3
EMP4177,Swati Reddy,employee4177@company.local,Engineering,Analyst,17.1,2017-03-17,Machine Learning,Available,81.2,7,91.3
EMP2529,Meera Reddy,employee2529@company.local,Data Science,HR Executive,4.8,2019-08-27,"Python, Machine Learning, React, SQL",Available,67.2,3,76.9
EMP4631,Divya Nair,employee4631@company.local,Engineering,Business Analyst,12.5,2015-08-16,NLP,Busy,41.5,1,79.9
EMP001,Priya Reddy,employee001@company.local,Engineering,Business Analyst,2.4,2021-10-28,"React, NLP",Busy,53.9,3,65.3
EMP4804,Vivek Verma,employee4804@company.local,Finance,Finance Analyst,4.8,2020-12-11,Python,Busy,35.7,4,69.4
EMP4498,Manoj Mishra,employee4498@company.local,Marketing,Data Scientist,7.3,2019-03-03,"NLP, Django, Computer Vision, Machine Learning",Busy,62.9,7,52.2
EMP1446,Kiran Thomas,employee1446@company.local,Finance,Project Manager,4.9,2024-02-10,Finance,Available,43.1,3,61.1
EMP3640,Arun Singh,employee3640@company.local,Operations,Analyst,6.3,2012-07-11,Computer Vision,Busy,23.7,4,64.5
EMP221,Priya Pillai,employee221@company.local,IT,Analyst,8.7,2018-03-12,"Computer Vision, SQL, NLP",Busy,24.5,2,80.6
EMP2621,Priya Pillai,employee2621@company.local,IT,Developer,1.0,2018-07-23,Django,Available,90.7,5,56.8
EMP2522,Rahul Patel,employee2522@company.local,IT,Data Scientist,7.9,2016-12-02,"Python, Data Analysis",Busy,82.2,4,51.1
EMP2868,Rohit Verma,employee2868@company.local,Engineering,Analyst,18.4,2017-11-29,"React, Python, Machine Learning, SQL",Busy,73.6,5,72.7
EMP2027,Neha Joshi,employee2027@company.local,Engineering,HR Executive,3.6,2014-03-17,"Data Analysis, Finance",Available,63.2,6,73.7
EMP1871,Divya Iyer,employee1871@company.local,Sales,Finance Analyst,3.9,2018-03-20,"SQL, Deep Learning, Computer Vision, Data Analysis",Busy,48.2,4,77.1
EMP2699,Isha Joshi,employee2699@company.local,HR,Business Analyst,3.7,2016-12-18,"NLP, Machine Learning, Computer Vision",Available,43.6,4,66.5
EMP3495,Kavya Nair,employee3495@company.local,HR,HR Executive,8.2,2016-01-24,"Computer Vision, Excel, Project Management",Available,72.3,4,66.8
EMP2100,Arun Verma,employee2100@company.local,Engineering,Developer,3.4,2013-01-14,"Machine Learning, Python, Project Management, Data Analysis",Busy,35.0,2,60.6
EMP4904,Vivek Singh,employee4904@company.local,Marketing,Senior Developer,5.7,2020-12-18,"Deep Learning, Data Analysis, SQL, Django",Busy,66.9,5,62.4
EMP3465,Anita Kapoor,employee3465@company.local,Engineering,Data Scientist,5.0,2020-07-25,"Finance, Computer Vision, SQL",Available,67.4,3,49.7
EMP2168,Rohit Singh,employee2168@company.local,Engineering,Senior Developer,6.2,2012-05-07,Project Management,Available,59.4,6,75.0
EMP2517,Swati Menon,employee2517@company.local,Engineering,Analyst,5.6,2021-10-09,"Python, Excel",Available,16.1,0,80.3
EMP2964,Vivek Verma,employee2964@company.local,Finance,Senior Developer,4.9,2024-08-15,"Finance, Data Analysis, NLP",Busy,83.8,4,61.7
EMP3494,Nikhil Thomas,employee3494@company.local,Engineering,Team Lead,15.7,2021-11-02,Excel,Busy,50.5,4,81.2
EMP1407,Neha Iyer,employee1407@company.local,Data Science,HR Executive,16.9,2020-12-30,"Data Analysis, Django, Machine Learning, Deep Learning",Available,70.1,3,68.8
EMP1102,Rahul Das,employee1102@company.local,Operations,HR Executive,7.5,2015-02-19,"React, SQL",Available,100.0,7,62.3
EMP1104,Vivek Kumar,employee1104@company.local,Marketing,Business Analyst,7.4,2023-12-02,"React, NLP, Deep Learning, Data Analysis",Available,100.0,7,78.1
EMP649,Meera Kapoor,employee649@company.local,Operations,Senior Developer,5.4,2018-07-19,"Machine Learning, NLP, Deep Learning",Available,67.1,4,74.4
EMP1885,Anita Pillai,employee1885@company.local,Engineering,Business Analyst,3.2,2013-12-25,"SQL, React, Project Management, Finance",Available,0.0,0,65.7
EMP257,Swati Reddy,employee257@company.local,IT,Team Lead,6.6,2024-12-21,"Excel, Machine Learning, SQL",Available,76.7,6,79.7
EMP4263,Sneha Nair,employee4263@company.local,HR,Data Scientist,4.0,2019-02-14,"NLP, Deep Learning, Project Management, Excel",Busy,54.2,4,64.3
EMP2080,Arun Kumar,employee2080@company.local,IT,Project Manager,4.7,2019-12-29,"Machine Learning, Excel, Django",Busy,2.5,1,74.6
EMP4582,Rahul Thomas,employee4582@company.local,Finance,Business Analyst,0.4,2012-02-28,"Deep Learning, NLP, Project Management, Computer Vision",Available,35.0,3,48.1
EMP3572,Sanjay Verma,employee3572@company.local,Sales,Senior Developer,2.7,2024-07-18,NLP,Available,83.9,5,70.1
EMP2015,Kavya Iyer,employee2015@company.local,IT,Data Scientist,3.7,2024-11-11,React,Available,18.8,1,72.3
EMP3801,Priya Kapoor,employee3801@company.local,Operations,Business Analyst,8.0,2023-09-01,Project Management,Available,59.9,3,73.2
EMP798,Manoj Das,employee798@company.local,Operations,Data Scientist,0.8,2015-03-23,"Django, Deep Learning, Excel, Project Management",On Leave,49.2,2,69.4
EMP1751,Divya Nair,employee1751@company.local,Engineering,Developer,2.2,2019-12-18,NLP,Available,55.3,3,69.8
EMP332,Sanjay Raj,employee332@company.local,Marketing,Data Scientist,13.3,2021-07-30,NLP,Available,46.1,4,72.8
EMP1195,Kavya Joshi,employee1195@company.local,Engineering,Analyst,0.3,2012-02-10,"Data Analysis, Finance",Busy,73.6,4,63.7
EMP1171,Divya Sharma,employee1171@company.local,HR,Finance Analyst,5.5,2015-10-11,"React, Python, Machine Learning",On Leave,30.2,4,74.7
EMP2127,Neha Iyer,employee2127@company.local,Engineering,Developer,2.4,2022-10-27,"Python, Django, NLP",On Leave,15.2,0,74.7
EMP3205,Anita Menon,employee3205@company.local,IT,Developer,12.2,2025-03-13,"Django, SQL, Data Analysis, Machine Learning",Available,49.6,5,68.5
EMP708,Rohit Verma,employee708@company.local,HR,Senior Developer,7.9,2015-10-14,"Deep Learning, Machine Learning",Available,76.3,5,88.3
EMP4230,Amit Thomas,employee4230@company.local,Data Science,Developer,3.1,2014-12-16,"Deep Learning, SQL, Finance, Excel",Busy,22.5,1,61.7
EMP1554,Nikhil Mishra,employee1554@company.local,Operations,Business Analyst,0.8,2015-08-03,NLP,On Leave,75.5,6,64.1
EMP388,Rohit Verma,employee388@company.local,Sales,Data Scientist,7.9,2021-02-20,React,Available,61.1,4,73.0
EMP4120,Arun Singh,employee4120@company.local,Engineering,Project Manager,1.1,2012-05-03,"Python, Finance, React, Excel",Available,78.8,6,67.6
EMP4419,Isha Sharma,employee4419@company.local,Engineering,Analyst,3.1,2020-05-03,"NLP, Machine Learning, Data Analysis, Python",Available,64.2,4,73.1
EMP1120,Arun Kumar,employee1120@company.local,Operations,Team Lead,3.4,2012-01-21,"Project Management, Machine Learning, Computer Vision, React",Available,77.9,7,65.7
EMP560,Arun Kumar,employee560@company.local,HR,Data Scientist,22.0,2014-06-16,"Finance, Deep Learning",Busy,48.0,2,94.1
EMP977,Swati Reddy,employee977@company.local,Sales,Analyst,2.4,2013-10-24,"SQL, React",Available,39.8,2,65.8
EMP1612,Sanjay Raj,employee1612@company.local,Operations,Finance Analyst,9.5,2012-07-28,"Python, Excel, Finance, React",On Leave,32.1,1,69.5
EMP1589,Meera Menon,employee1589@company.local,Data Science,Analyst,1.8,2023-09-21,"Project Management, Deep Learning, Machine Learning, NLP",Available,91.0,7,50.3
EMP098,Manoj Mishra,employee098@company.local,Sales,Team Lead,6.9,2015-03-01,"Computer Vision, Excel",Busy,99.3,9,72.7
EMP3682,Rahul Mishra,employee3682@company.local,HR,HR Executive,4.8,2022-02-11,"Data Analysis, React, Django",Busy,29.2,3,80.8
EMP1814,Nikhil Thomas,employee1814@company.local,Operations,Senior Developer,13.9,2016-10-09,"Excel, Computer Vision, SQL, React",On Leave,72.0,4,87.2
EMP395,Kavya Joshi,employee395@company.local,Finance,Developer,1.7,2012-07-02,"NLP, Django, Deep Learning, Computer Vision",Available,57.1,2,69.1
EMP4468,Rohit Verma,employee4468@company.local,Marketing,Finance Analyst,4.4,2022-12-23,"Finance, React, Data Analysis",Busy,44.2,1,59.6
EMP1496,Aditya Singh,employee1496@company.local,HR,Finance Analyst,12.4,2022-03-29,"Django, Deep Learning, React",Busy,57.9,4,83.4
EMP1777,Swati Reddy,employee1777@company.local,Finance,Developer,10.1,2020-10-24,"Machine Learning, Deep Learning",Busy,48.9,2,79.1
EMP1328,Rohit Kumar,employee1328@company.local,Sales,Senior Developer,7.2,2020-07-06,"Computer Vision, SQL, React, Finance",Available,72.0,2,78.3
EMP2746,Kiran Patel,employee2746@company.local,Data Science,Senior Developer,9.9,2020-05-01,Project Management,Available,66.3,5,54.6
EMP4522,Rahul Patel,employee4522@company.local,Engineering,Data Scientist,13.2,2023-08-05,"Deep Learning, Python, SQL, Machine Learning",Busy,63.1,5,80.0
EMP1852,Sanjay Raj,employee1852@company.local,Engineering,Finance Analyst,4.9,2021-09-02,Finance,Available,84.5,5,67.1
EMP1344,Vivek Kumar,employee1344@company.local,IT,Analyst,1.4,2023-03-24,React,Busy,80.5,7,52.8
EMP1458,Manoj Mishra,employee1458@company.local,Marketing,Team Lead,2.3,2022-12-24,"Data Analysis, Django, Deep Learning, SQL",On Leave,55.7,4,69.4
EMP545,Anita Reddy,employee545@company.local,Operations,Developer,5.6,2023-06-06,"Deep Learning, NLP",Available,95.6,7,60.4
EMP1308,Rohit Raj,employee1308@company.local,Engineering,HR Executive,5.2,2019-09-01,Excel,Busy,29.4,3,82.2
EMP1155,Kavya Sharma,employee1155@company.local,Operations,Team Lead,10.9,2024-05-23,"Computer Vision, Deep Learning",Available,35.6,5,70.6
EMP993,Pooja Reddy,employee993@company.local,Operations,HR Executive,5.4,2016-11-05,Python,Busy,28.3,2,74.3
EMP1425,Anita Reddy,employee1425@company.local,HR,Developer,2.8,2015-12-26,"Excel, SQL",Available,43.6,3,63.6
EMP4627,Neha Sharma,employee4627@company.local,Engineering,Analyst,3.6,2015-04-26,React,Available,57.1,4,57.8
EMP2852,Sanjay Verma,employee2852@company.local,Data Science,Developer,2.8,2019-03-23,Data Analysis,Busy,65.6,3,68.8
EMP2759,Isha Nair,employee2759@company.local,Data Science,Data Scientist,4.5,2019-07-31,"Python, Finance, React, Project Management",Available,1.7,1,74.4
EMP4317,Swati Pillai,employee4317@company.local,HR,Business Analyst,6.2,2013-10-04,"Data Analysis, Machine Learning, SQL",On Leave,32.2,3,70.8
EMP4295,Kavya Nair,employee4295@company.local,Operations,Business Analyst,1.9,2019-10-09,Finance,Available,71.3,3,68.6
EMP4891,Divya Joshi,employee4891@company.local,Data Science,Data Scientist,5.7,2012-03-18,NLP,Available,97.3,7,75.9
EMP2748,Rohit Raj,employee2748@company.local,HR,Data Scientist,1.5,2013-05-22,"NLP, Computer Vision",Available,7.2,0,59.2
EMP4122,Rahul Patel,employee4122@company.local,Data Science,Business Analyst,8.7,2014-11-23,"Deep Learning, Django, Data Analysis, Excel",Available,53.2,2,58.4
EMP4058,Manoj Patel,employee4058@company.local,HR,Business Analyst,5.3,2014-11-04,"SQL, Finance, React",Busy,24.0,1,73.1
EMP1900,Arun Raj,employee1900@company.local,Sales,Analyst,4.3,2022-03-07,"Finance, Computer Vision, Excel",Available,51.8,1,74.6
EMP4784,Vivek Kumar,employee4784@company.local,Engineering,Project Manager,6.7,2018-03-16,SQL,Busy,72.6,5,84.6
EMP3667,Not specified,employee3667@company.local,HR,Project Manager,8.1,2017-01-02,React,Available,50.6,3,67.6
EMP871,Divya Nair,employee871@company.local,Operations,HR Executive,2.7,2025-03-22,"Deep Learning, Finance",Busy,92.2,6,73.0
EMP1060,Arun Verma,employee1060@company.local,IT,Analyst,6.0,2021-11-12,"Django, Project Management, Finance",Available,60.0,3,67.1
EMP2185,Anita Kapoor,employee2185@company.local,Data Science,Business Analyst,3.7,2023-01-28,"Deep Learning, Finance",Busy,45.6,4,52.1
EMP1404,Vivek Raj,employee1404@company.local,Engineering,HR Executive,13.8,2017-07-27,"Excel, Finance",Available,43.4,2,76.7
EMP1857,Swati Reddy,employee1857@company.local,HR,Senior Developer,5.6,2018-04-12,Machine Learning,Available,100.0,7,69.4
EMP2051,Divya Sharma,employee2051@company.local,Engineering,Team Lead,5.1,2018-04-06,"Finance, Python",Available,58.0,6,48.8
EMP1638,Manoj Thomas,employee1638@company.local,HR,Business Analyst,8.5,2022-08-08,"Python, Project Management",Available,74.9,6,57.8
EMP4374,Nikhil Thomas,employee4374@company.local,HR,Developer,7.4,2023-07-23,"React, Project Management, Computer Vision, SQL",Busy,74.9,5,82.7
EMP3522,Rahul Mishra,employee3522@company.local,HR,Business Analyst,7.4,2024-02-07,Excel,Busy,84.3,7,81.8
EMP180,Arun Verma,employee180@company.local,Data Science,Data Scientist,12.2,2021-09-15,"React, Python, Finance, Excel",Available,79.9,6,85.5
EMP4740,Arun Verma,employee4740@company.local,Finance,Data Scientist,3.0,2013-05-22,Excel,Busy,52.9,4,52.8
EMP2990,Amit Das,employee2990@company.local,Engineering,Developer,4.3,2025-02-12,"Machine Learning, Excel, SQL, NLP",Available,4.9,0,61.1
EMP2969,Meera Kapoor,employee2969@company.local,Operations,Data Scientist,12.5,2012-12-23,Excel,Available,82.9,4,71.5
EMP3007,Neha Iyer,employee3007@company.local,Sales,Analyst,1.5,2019-08-24,"Data Analysis, Machine Learning, Excel, Project Management",Available,48.3,2,48.5
EMP291,Divya Sharma,employee291@company.local,IT,Data Scientist,6.6,2012-03-19,Excel,Available,43.8,3,68.6
EMP2502,Rahul Thomas,employee2502@company.local,Data Science,Senior Developer,5.5,2021-09-27,"Computer Vision, NLP, Excel, Machine Learning",Available,76.6,9,74.0
EMP3236,Aditya Verma,employee3236@company.local,Marketing,Senior Developer,6.6,2017-06-01,Project Management,Busy,100.0,8,56.7
EMP4233,Pooja Kapoor,employee4233@company.local,HR,Team Lead,2.2,2016-11-01,"Django, Deep Learning, Data Analysis, Finance",Busy,27.7,3,74.0
EMP267,Neha Joshi,employee267@company.local,HR,HR Executive,11.1,2024-08-15,"React, SQL, NLP",Busy,67.8,3,86.6
EMP2147,Neha Sharma,employee2147@company.local,Engineering,Project Manager,13.1,2013-01-05,NLP,Available,38.8,1,73.1
EMP2064,Vivek Kumar,employee2064@company.local,Finance,Team Lead,6.2,2018-05-11,"Django, Computer Vision, Finance, SQL",Available,54.2,6,65.5
EMP1738,Manoj Patel,employee1738@company.local,IT,Business Analyst,7.5,2013-12-14,"Finance, Python, Data Analysis",Available,84.4,9,83.8
EMP3849,Meera Kapoor,employee3849@company.local,Finance,Finance Analyst,5.6,2025-07-25,"Finance, Python, Excel, Deep Learning",Busy,4.6,1,51.1
EMP1331,Divya Sharma,employee1331@company.local,Sales,Senior Developer,2.0,2016-01-23,Data Analysis,Available,39.8,4,45.7
EMP625,Anita Reddy,employee625@company.local,Operations,Project Manager,9.8,2013-02-06,"Finance, Django",Available,64.1,5,64.4
EMP3008,Rohit Kumar,employee3008@company.local,Data Science,Data Scientist,22.0,2025-03-13,"SQL, Finance",Busy,50.4,5,86.5
EMP3039,Isha Iyer,employee3039@company.local,Operations,HR Executive,6.3,2024-09-27,"React, Django, Computer Vision",Busy,45.2,4,59.3
EMP2322,Rahul Mishra,employee2322@company.local,Engineering,Team Lead,3.4,2016-09-16,"Machine Learning, Finance, Python",Busy,31.0,1,79.0
EMP2743,Sneha Nair,employee2743@company.local,Finance,HR Executive,5.1,2013-12-26,"SQL, Computer Vision",On Leave,43.6,5,50.7
EMP155,Kavya Joshi,employee155@company.local,Finance,Business Analyst,3.4,2025-04-15,"Django, Excel, Machine Learning, Finance",Available,36.0,3,58.9
EMP4982,Rahul Thomas,employee4982@company.local,Marketing,Developer,4.9,2018-09-04,SQL,Available,64.8,4,81.0
EMP851,Divya Sharma,employee851@company.local,Finance,Developer,3.7,2014-01-28,"Data Analysis, Machine Learning, Project Management, Finance",Busy,55.7,5,64.4
EMP1160,Arun Singh,employee1160@company.local,IT,Project Manager,3.0,2016-02-02,"React, Finance",Available,63.1,5,75.5
EMP2863,Sneha Iyer,employee2863@company.local,HR,Business Analyst,15.1,2014-11-29,"Python, Computer Vision",Busy,66.1,1,88.1
EMP013,Pooja Pillai,employee013@company.local,Finance,HR Executive,9.3,2012-08-18,"React, Excel, Project Management",Available,51.1,4,73.0
EMP1500,Arun Raj,employee1500@company.local,Operations,Data Scientist,22.0,2015-08-25,"Excel, Project Management, Computer Vision",Busy,17.1,1,99.0
EMP2374,Nikhil Thomas,employee2374@company.local,Marketing,Analyst,6.4,2015-08-14,"Excel, Finance, React, Python",Available,52.8,5,54.5
EMP285,Anita Pillai,employee285@company.local,Marketing,Data Scientist,4.8,2018-10-11,"React, Machine Learning, Data Analysis, Django",Available,76.4,3,51.8
EMP3631,Divya Iyer,employee3631@company.local,IT,Finance Analyst,0.7,2016-10-30,SQL,Available,52.3,2,47.1
EMP3818,Manoj Patel,employee3818@company.local,HR,HR Executive,1.8,2012-02-10,"Finance, React",Available,45.4,2,66.8
EMP4724,Vivek Verma,employee4724@company.local,Operations,Analyst,5.6,2021-06-15,"Machine Learning, Deep Learning, NLP",On Leave,36.7,3,57.0
EMP3918,Manoj Das,employee3918@company.local,Data Science,Data Scientist,14.2,2012-07-20,SQL,Busy,55.3,4,85.2
EMP3653,Pooja Menon,employee3653@company.local,Engineering,Project Manager,16.1,2023-03-11,"Project Management, React",Busy,70.1,5,71.0
EMP2908,Rohit Raj,employee2908@company.local,Engineering,Project Manager,11.7,2012-06-02,"SQL, Project Management, Django",Busy,34.1,1,78.7
EMP223,Sneha Iyer,employee223@company.local,Finance,Analyst,15.9,2024-05-26,"Machine Learning, Computer Vision, Python",Available,46.6,2,74.9
EMP1929,Meera Kapoor,employee1929@company.local,Finance,Senior Developer,0.8,2022-10-21,"SQL, Machine Learning, Excel, Django",Available,51.8,2,56.8
EMP849,Meera Reddy,employee849@company.local,Marketing,Project Manager,3.3,2023-01-24,"React, NLP, Data Analysis",Available,48.0,2,64.9
EMP2199,Isha Nair,employee2199@company.local,Marketing,HR Executive,7.7,2017-03-13,"Python, Deep Learning",Available,46.4,4,61.9
EMP1907,Neha Sharma,employee1907@company.local,IT,Data Scientist,5.5,2022-06-14,"Machine Learning, SQL, Deep Learning",Busy,100.0,8,66.5
EMP4027,Neha Joshi,employee4027@company.local,Marketing,HR Executive,2.5,2024-10-24,Machine Learning,Available,33.2,2,62.5
EMP3930,Amit Patel,employee3930@company.local,IT,HR Executive,8.2,2020-05-06,"Excel, Finance, Python",Busy,41.3,3,78.6
EMP4949,Meera Menon,employee4949@company.local,HR,Data Scientist,12.3,2020-03-04,"Finance, Django, Deep Learning",On Leave,84.3,6,98.1
EMP861,Priya Pillai,employee861@company.local,Finance,Project Manager,1.9,2018-04-07,"React, Django, NLP",Available,74.8,4,77.0
EMP2613,Pooja Menon,employee2613@company.local,Sales,Analyst,12.4,2016-07-17,Excel,Available,60.8,4,67.0
EMP2083,Sneha Sharma,employee2083@company.local,Engineering,Analyst,5.2,2013-09-06,"Machine Learning, NLP",Available,49.0,3,93.7
EMP1032,Sanjay Singh,employee1032@company.local,Finance,Finance Analyst,11.5,2016-08-06,"Excel, Python, Project Management, Machine Learning",Available,50.0,4,51.4
EMP1301,Priya Menon,employee1301@company.local,Marketing,Team Lead,11.7,2017-11-20,"Machine Learning, Finance",Available,55.8,6,71.2
EMP2186,Kiran Patel,employee2186@company.local,HR,Finance Analyst,3.7,2019-06-26,"NLP, Machine Learning, Data Analysis, Computer Vision",Busy,28.0,3,71.9
EMP4441,Priya Kapoor,employee4441@company.local,IT,Senior Developer,1.3,2016-09-06,NLP,Available,54.6,4,63.6
EMP780,Arun Raj,employee780@company.local,Sales,Senior Developer,8.5,2013-09-01,Python,Available,84.8,5,68.2
EMP4513,Pooja Reddy,employee4513@company.local,Data Science,Senior Developer,7.5,2018-08-30,"React, Machine Learning",On Leave,44.9,3,86.4
EMP4913,Pooja Reddy,employee4913@company.local,Data Science,Team Lead,2.4,2022-05-08,"React, Machine Learning, Deep Learning",Busy,48.0,4,69.0
EMP4558,Manoj Das,employee4558@company.local,IT,Data Scientist,4.3,2015-11-04,"Deep Learning, SQL",Available,100.0,6,64.8
EMP2507,Neha Joshi,employee2507@company.local,Operations,Senior Developer,4.9,2018-07-26,"React, Python, Computer Vision, Finance",Unknown,16.7,0,53.8
EMP3660,Arun Raj,employee3660@company.local,Marketing,Business Analyst,7.4,2015-09-14,Finance,Busy,20.1,0,85.8
EMP4677,Swati Menon,employee4677@company.local,Data Science,Team Lead,9.6,2012-12-10,"SQL, Python, Project Management",Busy,54.2,6,76.6
EMP2308,Rohit Verma,employee2308@company.local,Data Science,Business Analyst,14.7,2019-07-13,Finance,Busy,81.8,4,77.1
EMP4944,Vivek Kumar,employee4944@company.local,IT,Senior Developer,3.8,2018-01-31,"Data Analysis, NLP, Django",Available,37.4,1,69.4
EMP431,Divya Iyer,employee431@company.local,Finance,Senior Developer,5.6,2016-02-16,"React, Deep Learning, Finance",Available,13.8,2,56.4
EMP1396,Aditya Verma,employee1396@company.local,Operations,Team Lead,2.4,2020-03-20,"Machine Learning, Django",Available,5.3,0,64.4
EMP1007,Neha Iyer,employee1007@company.local,Sales,Developer,4.7,2018-04-08,"SQL, Django, Machine Learning",Available,53.5,4,56.0
EMP3411,Divya Sharma,employee3411@company.local,HR,Finance Analyst,14.0,2017-02-18,"SQL, Excel",Available,72.4,6,81.3
EMP3029,Meera Menon,employee3029@company.local,Sales,Business Analyst,3.0,2017-02-13,"Project Management, Finance",Available,84.3,5,60.3
EMP2429,Meera Pillai,employee2429@company.local,Engineering,Project Manager,6.6,2020-09-20,"Python, Django, Computer Vision, NLP",Available,79.6,6,69.4
EMP1718,Manoj Thomas,employee1718@company.local,HR,Business Analyst,1.1,2013-08-20,NLP,Available,69.5,4,67.7
EMP3957,Swati Menon,employee3957@company.local,Marketing,Finance Analyst,11.7,2016-04-20,"Data Analysis, Django, React",Unknown,48.9,4,71.9
EMP3772,Sanjay Raj,employee3772@company.local,IT,Developer,15.4,2021-05-01,"Finance, Django, SQL",Available,67.0,7,79.3
EMP3394,Nikhil Mishra,employee3394@company.local,Engineering,Analyst,1.5,2016-08-15,Data Analysis,Busy,32.0,2,68.2
EMP132,Sanjay Verma,employee132@company.local,Operations,Analyst,2.9,2022-06-05,"Finance, SQL, Project Management, Excel",Available,70.7,4,59.7
EMP1326,Kiran Das,employee1326@company.local,HR,Team Lead,2.6,2022-12-15,"Project Management, Python, Finance",Available,32.6,2,64.7
EMP1101,Priya Pillai,employee1101@company.local,HR,Project Manager,12.3,2019-12-14,React,Available,41.4,1,88.9
EMP046,Kiran Das,employee046@company.local,HR,Developer,9.5,2012-02-27,Computer Vision,Busy,57.6,2,76.7
EMP3238,Manoj Thomas,employee3238@company.local,Engineering,Finance Analyst,6.6,2018-10-15,"Deep Learning, Finance, SQL, React",Available,85.4,5,62.9
EMP2479,Isha Iyer,employee2479@company.local,Operations,Business Analyst,6.3,2024-03-19,"NLP, Django, Python",Available,49.4,3,61.1
EMP574,Nikhil Das,employee574@company.local,Finance,Team Lead,1.9,2021-05-30,"Python, NLP, React",Available,58.0,5,59.9
EMP2567,Neha Nair,employee2567@company.local,HR,Analyst,3.0,2012-01-17,Excel,Available,48.3,4,51.3
EMP3385,Anita Kapoor,employee3385@company.local,Engineering,Project Manager,12.0,2013-09-05,"Finance, Data Analysis",Available,24.0,4,74.9
EMP3186,Kiran Mishra,employee3186@company.local,Operations,HR Executive,15.7,2018-08-09,"Python, NLP, React, Machine Learning",Available,19.9,2,64.3
EMP3880,Arun Singh,employee3880@company.local,HR,Project Manager,7.5,2019-04-03,"Django, Python, Data Analysis",Busy,74.7,4,66.7
EMP2055,Kavya Nair,employee2055@company.local,Data Science,Senior Developer,2.8,2023-10-24,"Excel, Django, Deep Learning",Available,89.6,5,60.0
EMP3246,Kiran Das,employee3246@company.local,Engineering,HR Executive,3.9,2021-02-06,"Finance, Data Analysis, Python, Computer Vision",Available,84.1,3,55.4
EMP3749,Meera Menon,employee3749@company.local,IT,Business Analyst,6.4,2013-02-15,"Excel, React, Machine Learning",Busy,69.6,4,70.5
EMP3333,Pooja Menon,employee3333@company.local,Data Science,Business Analyst,3.5,2014-01-17,"Computer Vision, Project Management",Busy,86.5,5,69.4
EMP1166,Kiran Das,employee1166@company.local,Sales,Data Scientist,9.1,2019-03-20,"React, NLP, Finance, Machine Learning",Available,26.3,1,85.3
EMP1054,Nikhil Das,employee1054@company.local,Finance,Data Scientist,4.2,2020-01-13,"Data Analysis, Django",Available,42.8,5,60.6
EMP4352,Sanjay Kumar,employee4352@company.local,IT,HR Executive,4.1,2024-10-26,"Python, NLP, React, Finance",On Leave,26.3,1,65.8
EMP4723,Sneha Sharma,employee4723@company.local,Finance,Project Manager,9.1,2015-11-07,"Python, Computer Vision, Data Analysis",Available,67.8,3,60.8
EMP2809,Meera Kapoor,employee2809@company.local,Sales,Team Lead,4.6,2024-12-02,"Finance, Excel",Available,100.0,8,67.8
EMP2419,Isha Sharma,employee2419@company.local,Finance,HR Executive,0.3,2025-06-21,"Django, Excel",Busy,40.6,4,51.5
EMP4585,Anita Kapoor,employee4585@company.local,IT,Team Lead,9.3,2017-10-24,"Excel, Computer Vision, Deep Learning",Available,41.8,3,67.2
EMP301,Priya Pillai,employee301@company.local,Operations,Senior Developer,3.7,2023-07-21,"Machine Learning, Computer Vision",Available,49.2,4,75.1
EMP926,Kiran Das,employee926@company.local,Operations,Developer,2.0,2023-01-16,"Data Analysis, Excel, React",Available,0.9,2,54.0
EMP1015,Kavya Nair,employee1015@company.local,IT,Business Analyst,7.9,2013-12-27,Project Management,Available,79.7,7,66.1
EMP3140,Not specified,employee3140@company.local,HR,Senior Developer,7.5,2013-10-24,"Django, SQL, Computer Vision",Busy,21.7,1,69.4
EMP2540,Arun Raj,employee2540@company.local,Marketing,Finance Analyst,3.1,2012-12-29,"SQL, Finance, Project Management",Available,46.7,3,72.5
EMP348,Rohit Raj,employee348@company.local,Data Science,HR Executive,4.7,2019-10-27,Django,Available,60.1,2,76.6
EMP1206,Kiran Thomas,employee1206@company.local,Operations,Analyst,10.4,2020-01-28,"SQL, Excel, React, Project Management",Available,55.1,3,73.2
EMP088,Rohit Singh,employee088@company.local,Finance,Developer,2.0,2014-03-21,"Project Management, Python, Data Analysis, Computer Vision",Available,63.3,6,66.9
EMP3134,Nikhil Das,employee3134@company.local,IT,Project Manager,7.5,2021-02-18,"SQL, Machine Learning",On Leave,56.3,3,93.3
EMP786,Kiran Mishra,employee786@company.local,Operations,Business Analyst,12.0,2016-02-11,"Python, Computer Vision, Machine Learning, Project Management",Available,64.7,2,75.8
EMP3624,Vivek Singh,employee3624@company.local,Sales,Finance Analyst,1.8,2023-12-24,Python,Available,49.2,5,62.6
EMP2805,Anita Menon,employee2805@company.local,Engineering,Project Manager,8.5,2018-12-04,Finance,Available,15.7,1,72.1
EMP1946,Kiran Patel,employee1946@company.local,Operations,Team Lead,4.9,2015-09-16,"NLP, Excel, SQL",Busy,32.5,3,73.3
EMP4932,Sanjay Verma,employee4932@company.local,IT,Business Analyst,12.2,2018-03-06,"NLP, Project Management",Busy,39.5,2,77.4
EMP4856,Aditya Singh,employee4856@company.local,HR,Data Scientist,6.0,2012-03-29,Python,Available,58.7,4,70.2
EMP4063,Sneha Iyer,employee4063@company.local,HR,Data Scientist,5.0,2024-04-17,React,Busy,82.7,6,71.7
EMP4500,Arun Verma,employee4500@company.local,Engineering,Team Lead,12.2,2024-06-15,"Project Management, Machine Learning",Available,86.9,5,63.1
EMP1334,Nikhil Thomas,employee1334@company.local,Finance,Data Scientist,13.8,2014-12-22,"NLP, Data Analysis, Finance",Available,30.3,4,86.2
EMP1254,Nikhil Thomas,employee1254@company.local,Finance,Finance Analyst,1.5,2020-08-31,NLP,Busy,39.7,2,53.6
EMP4243,Sneha Sharma,employee4243@company.local,Marketing,Business Analyst,15.8,2025-08-06,"Python, Data Analysis",Available,5.2,3,76.9
EMP386,Kiran Mishra,employee386@company.local,Data Science,Business Analyst,1.2,2025-08-17,Finance,Available,85.4,6,66.1
EMP4545,Anita Reddy,employee4545@company.local,Engineering,Analyst,8.4,2024-03-28,"NLP, Finance, Django",Available,62.2,5,55.2
EMP3195,Kavya Joshi,employee3195@company.local,Sales,Team Lead,6.0,2014-03-28,"Project Management, React, Django, NLP",Available,48.8,4,73.5
EMP1701,Priya Menon,employee1701@company.local,Engineering,Team Lead,5.0,2017-06-11,"React, Django, Deep Learning",Available,39.5,5,80.7
EMP106,Kiran Patel,employee106@company.local,Engineering,Business Analyst,2.2,2012-01-02,"Finance, Excel",Available,50.3,5,58.8
EMP4382,Rahul Das,employee4382@company.local,Engineering,Senior Developer,2.3,2019-12-09,"Machine Learning, Python, Data Analysis",Available,74.0,5,57.7
EMP961,Priya Reddy,employee961@company.local,Operations,Project Manager,1.8,2014-11-17,"SQL, Computer Vision",Available,71.4,4,66.4
EMP4023,Sneha Nair,employee4023@company.local,Finance,Finance Analyst,2.4,2021-01-31,Project Management,Busy,38.0,2,68.0
EMP3663,Sneha Iyer,employee3663@company.local,Engineering,Senior Developer,2.7,2019-10-20,"NLP, Project Management, Machine Learning",Available,94.3,7,68.1
EMP4557,Swati Pillai,employee4557@company.local,Operations,Data Scientist,3.8,2013-09-05,Deep Learning,Available,41.9,1,65.3
EMP3046,Kiran Thomas,employee3046@company.local,Engineering,Project Manager,7.9,2017-08-19,React,Available,61.4,6,74.1
EMP4395,Kavya Joshi,employee4395@company.local,Sales,Data Scientist,5.2,2025-04-01,"SQL, Data Analysis, Finance",Busy,46.3,2,49.1
EMP1752,Sanjay Singh,employee1752@company.local,Sales,Business Analyst,7.5,2015-04-19,"Data Analysis, Django",Available,0.0,2,69.5
EMP3019,Isha Joshi,employee3019@company.local,Operations,Team Lead,1.2,2023-10-10,"Finance, Data Analysis, Python",Available,50.6,4,48.7
EMP617,Swati Kapoor,employee617@company.local,IT,Senior Developer,6.0,2021-12-18,"Deep Learning, React",Available,43.8,5,67.4
EMP2444,Vivek Raj,employee2444@company.local,HR,Senior Developer,7.0,2017-01-12,NLP,Busy,34.8,2,76.6
EMP4510,Amit Das,employee4510@company.local,HR,Finance Analyst,7.5,2024-03-18,"Computer Vision, NLP, Django",Available,72.5,5,53.1
EMP3057,Swati Reddy,employee3057@company.local,Data Science,Team Lead,7.3,2022-07-21,"SQL, Deep Learning",Busy,38.0,1,62.7
EMP1588,Rohit Verma,employee1588@company.local,Data Science,HR Executive,13.3,2018-12-03,React,Busy,81.0,5,69.4
EMP3835,Kavya Joshi,employee3835@company.local,Finance,Business Analyst,8.4,2019-09-26,"Finance, Data Analysis, Project Management, Deep Learning",Busy,89.2,6,55.7
EMP972,Sanjay Raj,employee972@company.local,Operations,Data Scientist,8.1,2021-06-07,"Deep Learning, Data Analysis, Machine Learning, Python",Busy,68.0,5,69.4
EMP4574,Nikhil Das,employee4574@company.local,Marketing,Team Lead,4.5,2016-01-30,"Computer Vision, Deep Learning",Busy,46.8,3,72.2
EMP923,Sneha Joshi,employee923@company.local,Sales,HR Executive,7.0,2022-05-22,"Project Management, Finance, Deep Learning, Excel",Available,80.4,3,62.1
EMP4962,Rahul Mishra,employee4962@company.local,Sales,Senior Developer,6.9,2019-05-17,"Data Analysis, Excel",Available,60.6,4,72.0
EMP4823,Sneha Nair,employee4823@company.local,Marketing,Project Manager,0.4,2014-02-04,"Finance, Machine Learning",Busy,74.1,6,59.1
EMP1413,Pooja Menon,employee1413@company.local,Engineering,Project Manager,1.1,2023-07-09,Project Management,Busy,52.3,3,63.7
EMP1641,Priya Kapoor,employee1641@company.local,IT,Project Manager,10.3,2017-12-09,Deep Learning,Busy,78.3,5,78.2
EMP4340,Arun Verma,employee4340@company.local,Engineering,Data Scientist,2.8,2019-01-15,"NLP, SQL, Finance, Machine Learning",Available,20.8,1,51.0
EMP3838,Manoj Das,employee3838@company.local,IT,Data Scientist,6.8,2012-07-24,"React, Python",Busy,41.7,3,75.5
EMP2099,Isha Sharma,employee2099@company.local,HR,Analyst,2.0,2017-09-04,"Project Management, Data Analysis, SQL, Deep Learning",Available,66.9,5,66.8
EMP1809,Meera Reddy,employee1809@company.local,Data Science,Data Scientist,13.1,2015-10-03,"Deep Learning, Finance, Computer Vision, Excel",Busy,31.3,4,97.9
EMP4543,Sneha Iyer,employee4543@company.local,Sales,Project Manager,4.0,2018-04-21,"React, Data Analysis",Busy,63.6,1,64.9
EMP3120,Arun Kumar,employee3120@company.local,Data Science,Analyst,2.4,2019-04-19,"Finance, Python, Deep Learning",Available,37.2,4,71.5
EMP2487,Not specified,employee2487@company.local,Engineering,Finance Analyst,8.3,2019-05-22,"Python, Deep Learning, Machine Learning",Available,33.9,1,85.8
EMP4102,Rahul Thomas,employee4102@company.local,HR,Senior Developer,8.3,2014-02-01,"Finance, Django, Excel, Computer Vision",Busy,59.1,2,63.6
EMP3627,Neha Joshi,employee3627@company.local,Engineering,Senior Developer,5.7,2022-10-04,"Computer Vision, React, Django",Busy,6.7,1,77.2
EMP2684,Vivek Raj,employee2684@company.local,Marketing,Developer,4.9,2019-11-09,Machine Learning,Available,51.5,3,52.8
EMP4193,Pooja Reddy,employee4193@company.local,Operations,Team Lead,4.9,2019-06-18,"Computer Vision, React, Project Management",Busy,84.3,5,54.8
EMP2326,Kiran Thomas,employee2326@company.local,HR,Senior Developer,6.2,2018-01-20,"Django, Python",Available,79.8,5,73.4
EMP2084,Vivek Verma,employee2084@company.local,Engineering,Business Analyst,5.8,2016-02-17,"Machine Learning, Data Analysis",Available,58.3,5,72.1
EMP501,Priya Menon,employee501@company.local,Marketing,Data Scientist,5.6,2016-07-21,"Django, Deep Learning, React",Busy,13.9,1,64.9
EMP4623,Sneha Iyer,employee4623@company.local,Operations,Data Scientist,18.4,2013-08-28,NLP,Available,39.2,3,66.4
EMP4201,Priya Kapoor,employee4201@company.local,Marketing,Project Manager,3.8,2016-01-10,"Data Analysis, Project Management, Deep Learning",Available,37.5,2,50.2
EMP112,Sanjay Kumar,employee112@company.local,Data Science,Project Manager,5.6,2022-08-18,Finance,Busy,42.5,0,83.7
EMP4114,Nikhil Mishra,employee4114@company.local,IT,Data Scientist,22.0,2018-04-18,"NLP, Python",Available,41.5,2,99.0
EMP2612,Sanjay Verma,employee2612@company.local,Engineering,Data Scientist,18.7,2023-12-05,"Machine Learning, NLP, Deep Learning, Project Management",Available,46.3,5,84.6
EMP985,Anita Kapoor,employee985@company.local,Data Science,Data Scientist,3.9,2013-12-07,"Deep Learning, React",Busy,52.0,4,73.8
EMP3688,Rohit Singh,employee3688@company.local,IT,Business Analyst,6.8,2018-07-31,Django,Available,92.3,6,73.7
EMP2069,Meera Menon,employee2069@company.local,Data Science,Senior Developer,22.0,2018-12-22,Project Management,Available,49.9,2,76.6
EMP143,Sneha Iyer,employee143@company.local,Engineering,HR Executive,15.6,2014-01-13,"Deep Learning, Excel, Django",Available,29.3,3,86.4
EMP1851,Divya Joshi,employee1851@company.local,Operations,Developer,12.0,2019-10-03,"Python, NLP, Data Analysis, Deep Learning",Available,74.5,4,80.6
EMP3106,Kiran Mishra,employee3106@company.local,IT,Project Manager,0.9,2012-09-15,Deep Learning,Busy,21.9,0,49.5
EMP1842,Rahul Mishra,employee1842@company.local,Data Science,Business Analyst,4.1,2021-07-11,"Python, Excel, Computer Vision, Data Analysis",Available,87.7,6,63.4
EMP232,Sanjay Singh,employee232@company.local,Data Science,Developer,7.8,2024-01-04,"Machine Learning, Excel",Available,58.9,1,99.0
EMP3773,Pooja Pillai,employee3773@company.local,Marketing,Developer,9.6,2015-06-24,"Computer Vision, Finance, Machine Learning, Deep Learning",Available,84.4,7,61.1
EMP551,Divya Nair,employee551@company.local,Marketing,Finance Analyst,0.9,2015-04-11,"Python, Computer Vision",Busy,41.5,1,66.1
EMP3073,Pooja Reddy,employee3073@company.local,Data Science,Data Scientist,3.8,2019-08-14,Finance,Available,20.6,1,50.5
EMP881,Priya Reddy,employee881@company.local,IT,Team Lead,13.9,2019-05-02,"SQL, Data Analysis",Available,37.8,2,68.9
EMP650,Amit Patel,employee650@company.local,Engineering,Business Analyst,11.4,2018-01-23,"Project Management, Django, Finance",Available,87.0,3,78.9
EMP4646,Kiran Thomas,employee4646@company.local,Operations,Project Manager,6.9,2020-01-12,Project Management,Available,55.9,2,78.7
EMP1515,Kavya Joshi,employee1515@company.local,Data Science,Business Analyst,5.2,2021-04-21,Finance,Available,78.1,5,82.0
EMP4267,Neha Joshi,employee4267@company.local,Sales,Finance Analyst,4.7,2012-09-13,"Project Management, Deep Learning, Computer Vision, SQL",Busy,35.5,0,54.0
EMP4029,Meera Pillai,employee4029@company.local,Data Science,Senior Developer,2.8,2017-04-13,"SQL, Machine Learning, Excel",Busy,37.2,2,73.7
EMP3163,Sneha Joshi,employee3163@company.local,HR,HR Executive,3.2,2013-12-31,"Computer Vision, Data Analysis",Busy,57.7,5,75.2
EMP605,Anita Pillai,employee605@company.local,Marketing,HR Executive,22.0,2019-06-23,"Django, Machine Learning",Busy,45.2,3,84.6
EMP762,Rahul Patel,employee762@company.local,Sales,Senior Developer,5.7,2023-07-31,"Finance, Data Analysis",Unknown,46.9,2,73.3
EMP4850,Amit Mishra,employee4850@company.local,IT,Business Analyst,5.2,2016-07-03,"Excel, Data Analysis, Finance",Available,71.8,3,77.9
EMP1909,Meera Menon,employee1909@company.local,IT,Data Scientist,4.2,2018-06-16,"Python, Project Management",Available,52.3,2,74.7
EMP3434,Nikhil Patel,employee3434@company.local,Engineering,Business Analyst,3.9,2023-07-31,"NLP, Deep Learning, Python",Available,4.2,1,84.4
EMP2104,Vivek Singh,employee2104@company.local,Marketing,HR Executive,3.6,2025-05-26,Deep Learning,Available,34.7,3,68.2
EMP3451,Divya Joshi,employee3451@company.local,Operations,HR Executive,3.0,2014-07-14,"Django, Python, Deep Learning",Available,27.8,2,76.4
EMP2600,Arun Singh,employee2600@company.local,Data Science,Analyst,2.9,2019-01-20,"NLP, Data Analysis, React",Available,57.7,5,72.1
EMP591,Divya Iyer,employee591@company.local,IT,Project Manager,6.6,2014-11-17,"Machine Learning,Deep Learning,Computer Vision,React",On Leave,35.2,2,71.3
EMP4787,Neha Sharma,employee4787@company.local,Engineering,Analyst,6.6,2024-08-02,Finance,Busy,63.7,6,58.3
EMP2248,Rohit Singh,employee2248@company.local,Finance,Data Scientist,1.9,2024-06-20,"Machine Learning, Computer Vision, Python",Available,100.0,4,80.1
EMP4204,Vivek Raj,employee4204@company.local,Sales,HR Executive,3.4,2022-10-21,Machine Learning,Available,29.8,2,65.9
EMP1775,Kavya Iyer,employee1775@company.local,HR,Finance Analyst,0.9,2021-01-28,"Django, NLP, Machine Learning, Python",Available,55.2,5,74.1
EMP779,Isha Joshi,employee779@company.local,Operations,Senior Developer,5.9,2021-01-30,"Excel, Machine Learning, Computer Vision, NLP",Available,44.5,2,71.4
EMP3605,Anita Menon,employee3605@company.local,IT,HR Executive,3.8,2021-08-14,"Excel, NLP, Deep Learning",On Leave,53.7,4,70.7
EMP3013,Pooja Menon,employee3013@company.local,Engineering,Team Lead,6.2,2024-02-02,"Data Analysis, Computer Vision, Python, Deep Learning",Available,84.7,5,67.5
EMP1231,Divya Iyer,employee1231@company.local,Finance,Senior Developer,7.3,2016-08-24,Python,Available,85.9,5,57.6
EMP1006,Kiran Das,employee1006@company.local,Engineering,Analyst,9.7,2016-05-20,"Finance, Computer Vision",Available,62.5,7,67.3
EMP4648,Rohit Singh,employee4648@company.local,Data Science,Senior Developer,5.6,2023-02-21,Finance,Busy,34.7,4,80.3
EMP2079,Isha Iyer,employee2079@company.local,Sales,Developer,13.3,2024-12-08,"Excel, Django, Computer Vision",Busy,37.8,3,69.7
EMP2905,Anita Kapoor,employee2905@company.local,Marketing,Data Scientist,5.9,2019-04-02,"Machine Learning,NLP,Excel,Finance",Available,48.6,5,71.3
EMP2547,Neha Sharma,employee2547@company.local,Engineering,Business Analyst,5.4,2018-04-21,NLP,Busy,99.9,7,62.3
EMP538,Manoj Patel,employee538@company.local,Engineering,Developer,4.1,2021-01-27,Django,Available,76.6,6,73.7
EMP1372,Sanjay Raj,employee1372@company.local,Operations,Business Analyst,9.3,2021-11-30,"Excel, Data Analysis, NLP",Available,64.7,4,60.8
EMP2379,Isha Joshi,employee2379@company.local,IT,Data Scientist,6.6,2022-07-29,Django,Busy,26.8,2,70.2
EMP2048,Rohit Kumar,employee2048@company.local,HR,Developer,7.5,2024-04-27,"Deep Learning, Data Analysis, Finance, Excel",Available,49.6,3,72.6
EMP984,Vivek Singh,employee984@company.local,Engineering,Developer,4.4,2012-12-09,"Machine Learning, Deep Learning, Excel",Available,55.7,2,77.9
EMP3539,Isha Sharma,employee3539@company.local,Engineering,Finance Analyst,3.8,2014-10-06,"Deep Learning, Excel, Machine Learning",Available,0.0,1,61.2
EMP2535,Kavya Nair,employee2535@company.local,HR,Developer,10.0,2017-04-15,React,On Leave,51.8,4,75.7
EMP419,Isha Sharma,employee419@company.local,Engineering,Team Lead,13.6,2024-07-21,"Finance, Computer Vision",Available,63.5,4,77.8
EMP4748,Rohit Raj,employee4748@company.local,Data Science,Data Scientist,13.5,2025-05-08,Finance,Available,66.3,4,82.6
EMP1373,Pooja Pillai,employee1373@company.local,Data Science,Data Scientist,5.7,2019-10-17,"Excel, Computer Vision, Finance, Machine Learning",Available,52.1,4,55.8
EMP4472,Sanjay Singh,employee4472@company.local,Sales,Data Scientist,6.0,2015-11-29,"Deep Learning, Computer Vision",Busy,83.9,8,72.2
EMP3987,Neha Sharma,employee3987@company.local,Data Science,Senior Developer,2.1,2012-04-01,"Computer Vision, Project Management",Busy,99.3,7,67.6
EMP1375,Kavya Iyer,employee1375@company.local,IT,Developer,17.6,2024-06-29,"React, Finance",Busy,71.8,3,99.0
EMP842,Rahul Patel,employee842@company.local,IT,Data Scientist,6.7,2014-11-09,Excel,Unknown,46.4,3,68.1
EMP1028,Rohit Verma,employee1028@company.local,Engineering,Finance Analyst,7.3,2018-07-08,"SQL, NLP",Available,59.9,5,65.6
EMP4464,Vivek Kumar,employee4464@company.local,IT,Business Analyst,6.0,2014-06-14,"React, Finance",Busy,89.0,8,80.0
EMP4117,Swati Menon,employee4117@company.local,Data Science,Business Analyst,5.6,2014-03-12,"Data Analysis, Excel, Computer Vision, SQL",Available,55.6,5,61.3
EMP4460,Arun Raj,employee4460@company.local,Engineering,Data Scientist,2.4,2017-01-05,Project Management,Available,55.7,0,61.7
EMP2068,Rohit Verma,employee2068@company.local,Finance,Senior Developer,2.7,2023-10-24,"Project Management, Django",Available,83.9,5,45.3
EMP3718,Manoj Thomas,employee3718@company.local,HR,Finance Analyst,16.7,2016-05-17,"Python, Data Analysis, Finance, Computer Vision",Available,85.8,6,79.9
EMP1005,Anita Pillai,employee1005@company.local,Operations,Team Lead,6.8,2020-03-04,"Deep Learning, NLP, Computer Vision",Available,43.9,0,75.0
EMP2050,Amit Mishra,employee2050@company.local,Marketing,Senior Developer,8.5,2020-07-25,"Project Management, Excel, Finance",Busy,75.5,4,86.0
EMP4480,Arun Kumar,employee4480@company.local,Operations,Project Manager,6.1,2016-04-26,"Project Management, Finance, Data Analysis, Machine Learning",Available,40.1,5,51.4
EMP4832,Sanjay Kumar,employee4832@company.local,HR,Developer,3.8,2023-10-21,"Excel, Python",Available,84.3,3,66.8
EMP2061,Priya Pillai,employee2061@company.local,Operations,Team Lead,5.8,2017-11-22,"Excel, Deep Learning, SQL, Project Management",Busy,65.1,4,69.9
EMP1778,Manoj Mishra,employee1778@company.local,Sales,Developer,7.5,2025-01-02,NLP,Available,87.5,5,82.3
EMP2412,Sanjay Raj,employee2412@company.local,Operations,Developer,2.3,2020-09-05,"Computer Vision, SQL, React, Project Management",Available,43.4,4,48.3
EMP182,Rahul Thomas,employee182@company.local,Operations,Team Lead,4.5,2018-01-01,React,Busy,66.1,3,54.4
EMP3278,Manoj Das,employee3278@company.local,Engineering,Finance Analyst,9.1,2017-03-05,"Python, SQL, Computer Vision",Busy,66.8,3,73.4
EMP3084,Vivek Raj,employee3084@company.local,Data Science,Analyst,7.2,2017-05-24,"Python, Django, Data Analysis",Available,69.9,6,75.9
EMP3143,Sneha Nair,employee3143@company.local,Finance,Analyst,1.2,2020-10-30,Python,Available,36.1,2,77.1
EMP1484,Vivek Raj,employee1484@company.local,Data Science,Developer,4.0,2019-02-19,"Project Management, Django",Available,73.0,6,75.2
EMP3745,Anita Reddy,employee3745@company.local,HR,Team Lead,8.1,2012-08-03,SQL,Available,93.4,6,74.4
EMP4912,Sanjay Kumar,employee4912@company.local,IT,HR Executive,10.7,2012-03-11,"Data Analysis, Django",On Leave,72.0,5,80.9
EMP4528,Rohit Kumar,employee4528@company.local,HR,Team Lead,17.8,2016-11-29,Django,Available,31.7,1,63.3
EMP549,Meera Menon,employee549@company.local,HR,Finance Analyst,6.3,2015-01-08,"Python, Machine Learning, SQL",Busy,66.7,5,75.6
EMP1576,Aditya Singh,employee1576@company.local,Data Science,Senior Developer,3.2,2013-09-06,"NLP, Data Analysis, React",Available,58.7,2,65.1
EMP145,Anita Reddy,employee145@company.local,Sales,Analyst,2.3,2022-11-23,Computer Vision,Available,59.6,5,81.2
EMP196,Aditya Verma,employee196@company.local,HR,Senior Developer,10.7,2016-05-20,"Computer Vision, Deep Learning",Available,52.6,2,64.1
EMP1593,Pooja Kapoor,employee1593@company.local,Engineering,Senior Developer,1.2,2019-10-28,"Deep Learning, Data Analysis, Machine Learning",Busy,44.5,4,65.8
EMP3922,Rahul Mishra,employee3922@company.local,Operations,Business Analyst,9.3,2013-07-28,"Data Analysis, Deep Learning, Finance, Excel",Busy,43.9,4,72.0
EMP4838,Manoj Thomas,employee4838@company.local,Data Science,Developer,4.1,2016-02-29,SQL,Available,50.7,3,62.7
EMP2892,Sanjay Raj,employee2892@company.local,Data Science,Team Lead,13.1,2020-12-21,Data Analysis,Available,33.1,3,87.2
EMP134,Nikhil Thomas,employee134@company.local,Marketing,Team Lead,2.6,2014-07-30,SQL,Busy,74.5,3,70.1
EMP793,Pooja Kapoor,employee793@company.local,IT,Senior Developer,18.0,2017-10-13,"Machine Learning, Project Management",Busy,23.8,3,81.3
EMP3470,Amit Das,employee3470@company.local,Engineering,Business Analyst,7.5,2024-02-20,"Finance, Data Analysis, Deep Learning, Project Management",Busy,56.2,5,81.1
EMP3132,Sanjay Raj,employee3132@company.local,Data Science,Developer,22.0,2020-05-25,"Machine Learning, NLP, Django",Available,39.4,2,85.4
EMP3944,Vivek Singh,employee3944@company.local,IT,Project Manager,8.2,2016-11-22,"Computer Vision, Excel",Busy,56.9,3,62.6
EMP1854,Nikhil Das,employee1854@company.local,IT,Developer,8.6,2021-03-21,"NLP, Project Management",Available,72.8,5,68.0
EMP4960,Arun Kumar,employee4960@company.local,Data Science,HR Executive,6.2,2019-01-12,React,Available,90.8,6,72.3
EMP2977,Swati Reddy,employee2977@company.local,HR,HR Executive,4.4,2013-04-12,"Data Analysis, React, Finance",Available,39.3,2,58.0
EMP403,Sneha Sharma,employee403@company.local,IT,Finance Analyst,11.3,2014-01-14,"Project Management, Computer Vision, NLP",Busy,67.4,6,75.0
EMP4391,Divya Nair,employee4391@company.local,Data Science,HR Executive,8.8,2022-05-25,"Excel, Project Management, Data Analysis, Django",Busy,48.5,3,87.4
EMP4588,Rohit Raj,employee4588@company.local,Engineering,Senior Developer,10.5,2022-11-21,Data Analysis,Busy,53.8,5,70.5
EMP4030,Amit Das,employee4030@company.local,Engineering,Team Lead,6.3,2013-03-06,"Project Management, Machine Learning",Available,84.2,4,52.2
EMP731,Divya Joshi,employee731@company.local,HR,Developer,9.6,2012-12-01,"Computer Vision, SQL, Finance, NLP",Available,65.7,4,80.7
EMP2424,Vivek Singh,employee2424@company.local,Marketing,Senior Developer,8.7,2014-03-24,"Deep Learning, Django, NLP, Project Management",Busy,64.3,4,79.9
EMP3168,Rohit Kumar,employee3168@company.local,Engineering,HR Executive,12.5,2024-04-26,"Machine Learning, Excel, Deep Learning, Django",Busy,91.1,7,72.7
EMP4647,Neha Nair,employee4647@company.local,Finance,Analyst,5.6,2016-11-15,"Machine Learning, Finance",Available,70.5,5,72.3
EMP4533,Pooja Menon,employee4533@company.local,Finance,Analyst,20.1,2016-09-04,SQL,Busy,71.4,6,94.3
EMP1311,Divya Iyer,employee1311@company.local,Marketing,HR Executive,4.5,2020-10-23,"React, Excel, SQL, Machine Learning",Available,86.9,7,57.9
EMP1312,Sanjay Kumar,employee1312@company.local,Sales,Business Analyst,10.5,2024-12-03,"Python, Computer Vision, Machine Learning",Available,51.4,3,72.2
EMP3099,Isha Joshi,employee3099@company.local,Engineering,Analyst,18.0,2022-06-07,"Data Analysis, Django, SQL",Busy,65.1,3,95.8
EMP4820,Arun Verma,employee4820@company.local,Data Science,Data Scientist,12.3,2015-04-28,"NLP, Python",Busy,29.8,2,96.8
EMP2572,Sanjay Raj,employee2572@company.local,Finance,HR Executive,5.6,2015-11-14,"Data Analysis, Django, Deep Learning",Available,36.1,2,54.7
EMP983,Sneha Nair,employee983@company.local,HR,Data Scientist,5.6,2025-01-19,"Project Management, Finance",Available,74.7,4,58.7
EMP133,Pooja Menon,employee133@company.local,Operations,Business Analyst,5.1,2014-08-28,"Excel, Computer Vision",Available,89.0,5,51.9
EMP460,Not specified,employee460@company.local,Engineering,Data Scientist,10.8,2012-12-11,"Deep Learning, React, NLP",Busy,40.7,3,84.8
EMP1801,Priya Kapoor,employee1801@company.local,Operations,Project Manager,0.2,2020-03-02,"Project Management, Python",Available,72.1,4,59.5
EMP2828,Rohit Raj,employee2828@company.local,Operations,Project Manager,13.6,2021-04-22,"NLP, Computer Vision, SQL, Django",Busy,48.3,6,52.6
EMP3068,Rohit Raj,employee3068@company.local,IT,Senior Developer,14.2,2023-08-30,"Project Management, SQL, Machine Learning, Data Analysis",Busy,51.3,3,88.1
EMP847,Neha Iyer,employee847@company.local,HR,Business Analyst,6.7,2013-06-24,"Machine Learning, Finance, Project Management, Data Analysis",Available,34.8,3,76.8
EMP554,Nikhil Patel,employee554@company.local,Marketing,Project Manager,4.5,2024-07-13,"Data Analysis, Project Management",On Leave,65.8,3,72.4
EMP4060,Arun Raj,employee4060@company.local,Marketing,Senior Developer,1.6,2012-06-04,Computer Vision,Available,57.4,2,53.6
EMP4592,Sanjay Kumar,employee4592@company.local,Marketing,Project Manager,1.7,2012-10-11,"SQL, Project Management",Available,30.5,3,54.8
EMP2571,Divya Joshi,employee2571@company.local,Sales,Data Scientist,11.0,2017-12-14,"Django, SQL",Available,100.0,4,77.2
EMP1503,Sneha Iyer,employee1503@company.local,IT,Project Manager,12.5,2025-02-28,"Computer Vision, Machine Learning, NLP, Excel",Available,63.0,3,80.6
EMP2793,Pooja Kapoor,employee2793@company.local,Operations,Senior Developer,9.7,2021-09-10,"Data Analysis, React, Excel",Available,42.9,4,74.7
EMP4818,Manoj Mishra,employee4818@company.local,HR,Business Analyst,10.3,2019-03-28,"SQL, React, Excel, Finance",Available,67.5,6,67.3
EMP4134,Nikhil Thomas,employee4134@company.local,HR,Data Scientist,6.3,2023-09-25,"React, SQL, Data Analysis",Available,47.8,2,63.2
EMP3779,Isha Sharma,employee3779@company.local,IT,Data Scientist,16.7,2013-03-14,"Computer Vision, Django",Busy,91.8,6,72.1
EMP2920,Arun Singh,employee2920@company.local,HR,HR Executive,8.6,2021-04-05,"Python, Computer Vision",Available,4.4,0,66.3
EMP2434,Nikhil Mishra,employee2434@company.local,Finance,Developer,8.5,2018-04-04,"Finance, Django, Computer Vision",Busy,35.2,4,60.0
EMP2404,Vivek Verma,employee2404@company.local,Marketing,Data Scientist,9.9,2019-05-09,"React, Machine Learning",Available,13.8,1,75.8
EMP071,Divya Nair,employee071@company.local,HR,Senior Developer,12.3,2025-04-21,"Machine Learning, Project Management",Available,49.4,4,58.9
EMP1601,Priya Reddy,employee1601@company.local,Operations,Project Manager,8.8,2015-06-08,Machine Learning,Available,79.0,6,76.4
EMP1952,Sanjay Kumar,employee1952@company.local,Sales,Finance Analyst,5.5,2020-11-16,"Data Analysis, NLP, Machine Learning, React",Available,34.6,3,73.9
EMP4169,Meera Kapoor,employee4169@company.local,Marketing,Project Manager,0.7,2013-06-22,"React, Machine Learning",On Leave,39.2,3,54.0
EMP4463,Sneha Iyer,employee4463@company.local,Data Science,Analyst,2.5,2017-11-09,"Machine Learning, SQL, Data Analysis, Computer Vision",Busy,33.8,3,80.1
EMP1094,Nikhil Thomas,employee1094@company.local,Data Science,Project Manager,1.4,2020-11-28,"Project Management, Data Analysis",Available,47.4,3,66.4
EMP2834,Nikhil Mishra,employee2834@company.local,Finance,Project Manager,6.5,2012-11-09,"SQL, NLP, Deep Learning",Busy,32.6,2,71.5
EMP1997,Swati Pillai,employee1997@company.local,Finance,Analyst,5.6,2016-03-15,"Computer Vision, Excel, Data Analysis",Busy,78.6,6,56.9
EMP3609,Meera Kapoor,employee3609@company.local,Data Science,Senior Developer,3.0,2025-04-27,"SQL, Excel, React",Available,30.0,1,76.1
EMP2812,Sanjay Raj,employee2812@company.local,Marketing,Analyst,1.6,2021-03-06,"NLP, Machine Learning",Busy,72.7,5,59.0
EMP453,Pooja Menon,employee453@company.local,Data Science,Business Analyst,15.0,2018-06-02,Django,Available,80.9,6,83.6
EMP797,Swati Pillai,employee797@company.local,IT,Team Lead,6.7,2023-09-20,Data Analysis,Available,39.7,3,68.9
EMP3117,Swati Pillai,employee3117@company.local,HR,Team Lead,3.7,2015-10-15,"Django, Data Analysis, Machine Learning, Deep Learning",Busy,28.1,1,61.1
EMP2884,Vivek Verma,employee2884@company.local,Finance,Project Manager,1.1,2012-01-02,"Data Analysis, Python, Machine Learning",Busy,74.4,5,51.1
EMP461,Priya Pillai,employee461@company.local,Marketing,Project Manager,17.3,2013-01-01,"Deep Learning, Python",Available,52.1,4,93.4
EMP867,Neha Sharma,employee867@company.local,Operations,Developer,8.7,2018-07-30,"Deep Learning, Machine Learning",Available,54.0,4,82.8
EMP3597,Swati Pillai,employee3597@company.local,IT,Developer,7.4,2014-04-13,"React, Machine Learning, Python",Available,48.3,2,57.3
EMP813,Pooja Pillai,employee813@company.local,Sales,Developer,7.4,2014-07-17,Excel,Available,77.8,5,79.5
EMP1716,Aditya Verma,employee1716@company.local,Sales,Developer,3.0,2019-05-08,Django,Available,47.0,4,69.0
EMP1969,Meera Reddy,employee1969@company.local,Engineering,Senior Developer,18.3,2022-08-29,"Data Analysis, Machine Learning",Busy,57.5,4,77.9
EMP3351,Divya Nair,employee3351@company.local,Marketing,HR Executive,4.5,2020-02-23,"Python, NLP",Available,46.2,3,71.3
EMP3664,Vivek Kumar,employee3664@company.local,IT,Developer,6.2,2019-10-25,Finance,Available,36.8,4,78.0
EMP4532,Sanjay Verma,employee4532@company.local,Engineering,HR Executive,8.1,2020-12-12,Computer Vision,Busy,31.1,4,53.5
EMP1960,Arun Singh,employee1960@company.local,Operations,Team Lead,4.1,2012-11-16,"Excel, Python",Available,71.3,6,64.4
EMP3354,Nikhil Patel,employee3354@company.local,Operations,Developer,4.3,2018-04-15,"Django, Machine Learning, SQL, Python",Available,21.0,2,58.6
EMP2947,Neha Sharma,employee2947@company.local,Data Science,Developer,1.8,2013-10-04,"Computer Vision, Python",On Leave,75.5,7,53.8
EMP4617,Swati Kapoor,employee4617@company.local,IT,Developer,3.4,2024-07-03,"Machine Learning, Computer Vision, Excel, Deep Learning",Available,39.9,1,65.8
EMP2562,Rahul Mishra,employee2562@company.local,Data Science,Analyst,15.6,2018-07-30,Excel,Available,6.5,1,69.4
EMP4495,Kavya Iyer,employee4495@company.local,Data Science,Team Lead,3.3,2021-09-12,Finance,Available,78.2,7,59.8
EMP3267,Neha Sharma,employee3267@company.local,Sales,Business Analyst,1.6,2019-05-17,Project Management,Available,33.8,4,47.7
EMP3395,Kavya Sharma,employee3395@company.local,Marketing,Analyst,3.0,2020-09-11,"React, Python, Machine Learning",Busy,37.2,3,66.1
EMP4282,Rahul Patel,employee4282@company.local,IT,Business Analyst,6.7,2014-10-06,Deep Learning,Busy,35.7,4,79.7
EMP3650,Amit Mishra,employee3650@company.local,Sales,Analyst,3.6,2015-12-03,Data Analysis,Available,47.4,5,81.4
EMP3447,Neha Nair,employee3447@company.local,Engineering,Project Manager,8.0,2016-09-13,NLP,Available,40.5,3,81.2
EMP3968,Rohit Kumar,employee3968@company.local,Engineering,Project Manager,7.3,2014-01-04,"Python, Data Analysis, React, NLP",Available,48.9,2,79.0
EMP600,Arun Singh,employee600@company.local,Engineering,HR Executive,13.1,2021-03-04,React,Available,58.0,2,74.4
EMP2230,Amit Thomas,employee2230@company.local,Data Science,Developer,10.5,2016-05-30,"Python, SQL, Django, Computer Vision",Busy,55.3,4,78.4
EMP2219,Isha Joshi,employee2219@company.local,IT,Data Scientist,2.0,2025-07-18,Machine Learning,Available,71.6,4,53.6
EMP4887,Neha Nair,employee4887@company.local,Data Science,Developer,3.6,2013-12-03,"React, Computer Vision, Python",Unknown,75.2,5,84.0
EMP459,Isha Joshi,employee459@company.local,Data Science,Project Manager,8.0,2018-05-17,"Finance, Deep Learning, SQL",Available,59.9,4,68.1
EMP4041,Priya Kapoor,employee4041@company.local,HR,Analyst,9.6,2021-11-15,SQL,Busy,37.5,2,62.9
EMP865,Anita Reddy,employee865@company.local,Operations,Developer,10.7,2019-05-20,"Excel, SQL",Available,0.0,0,78.9
EMP439,Isha Nair,employee439@company.local,IT,Project Manager,19.3,2024-07-14,Deep Learning,Busy,42.9,3,90.6
EMP4933,Pooja Menon,employee4933@company.local,Data Science,Analyst,10.2,2022-02-17,"React, Python",Available,38.8,3,65.1
EMP234,Nikhil Patel,employee234@company.local,HR,Analyst,11.4,2019-08-26,"Finance, Machine Learning",Busy,30.0,4,88.5
EMP1167,Neha Iyer,employee1167@company.local,Data Science,Senior Developer,6.7,2019-05-17,"NLP, Python, Django",Available,100.0,6,69.4
EMP1077,Swati Menon,employee1077@company.local,IT,Data Scientist,3.8,2013-08-04,Computer Vision,Available,19.4,0,66.0
EMP4446,Kiran Das,employee4446@company.local,Data Science,Business Analyst,22.0,2018-04-03,"Project Management, Data Analysis",Available,60.1,5,91.4
EMP3487,Neha Iyer,employee3487@company.local,Operations,Developer,7.0,2014-06-01,SQL,Available,76.7,4,70.1
EMP1068,Rohit Raj,employee1068@company.local,Engineering,Business Analyst,10.0,2013-11-09,"NLP, Finance",Busy,100.0,5,69.7
EMP2323,Sneha Sharma,employee2323@company.local,Engineering,Business Analyst,8.2,2020-09-02,NLP,Available,27.2,4,75.1
EMP631,Divya Nair,employee631@company.local,Data Science,HR Executive,6.7,2023-03-15,"Project Management, Excel",Busy,47.9,3,66.6
EMP4257,Swati Reddy,employee4257@company.local,IT,Senior Developer,5.6,2016-04-07,"Deep Learning, Excel",Busy,51.4,5,78.8
EMP2757,Swati Menon,employee2757@company.local,IT,Developer,4.4,2014-09-14,"Deep Learning, Django",Available,57.8,5,54.3
EMP061,Priya Pillai,employee061@company.local,HR,Analyst,11.6,2020-01-29,Deep Learning,Available,0.3,0,88.6
EMP3460,Arun Verma,employee3460@company.local,Data Science,Finance Analyst,7.7,2017-06-08,"Deep Learning, Computer Vision, NLP, Machine Learning",Available,85.8,5,65.5
EMP1339,Isha Joshi,employee1339@company.local,Engineering,Finance Analyst,5.0,2013-09-06,"NLP, React, Excel",Busy,34.1,3,74.5
EMP3325,Anita Pillai,employee3325@company.local,IT,Developer,2.6,2016-08-01,"Deep Learning, React, NLP",Busy,27.5,3,76.4
EMP2160,Arun Kumar,employee2160@company.local,Marketing,Analyst,17.6,2022-05-22,"Deep Learning, Machine Learning",Available,79.6,7,76.3
EMP1736,Aditya Singh,employee1736@company.local,Finance,Analyst,7.4,2013-08-01,Excel,Available,76.3,5,80.4
EMP2534,Nikhil Thomas,employee2534@company.local,IT,Finance Analyst,2.5,2022-08-03,Django,Available,37.3,0,67.0
EMP4747,Neha Joshi,employee4747@company.local,IT,Senior Developer,5.7,2017-01-14,"React, Data Analysis",Available,36.3,0,70.7
EMP890,Amit Patel,employee890@company.local,HR,Business Analyst,1.0,2023-01-14,Django,Available,79.8,4,72.5
EMP1935,Kavya Iyer,employee1935@company.local,Data Science,Business Analyst,3.8,2016-10-11,"Finance, Excel, SQL",Available,45.0,3,44.2
EMP2408,Rohit Singh,employee2408@company.local,Marketing,Business Analyst,22.0,2024-07-25,"Deep Learning, Project Management, Machine Learning, Excel",Available,88.9,5,86.2
EMP1637,Swati Menon,employee1637@company.local,Operations,Data Scientist,1.2,2022-04-20,"React, NLP",Available,55.7,6,67.9
EMP3100,Arun Raj,employee3100@company.local,IT,Project Manager,9.1,2022-12-22,"Excel, SQL, Deep Learning, Project Management",Available,67.0,5,89.7
EMP4110,Amit Das,employee4110@company.local,Data Science,Data Scientist,7.3,2023-07-04,"Finance, Data Analysis",Busy,77.7,7,95.2
EMP4019,Isha Sharma,employee4019@company.local,Data Science,Senior Developer,6.1,2022-01-02,"Deep Learning, Data Analysis",Available,70.2,6,70.5
EMP4312,Sanjay Singh,employee4312@company.local,Engineering,Data Scientist,11.0,2021-04-11,"Deep Learning, React, NLP",Available,28.2,5,87.2
EMP1799,Isha Nair,employee1799@company.local,Data Science,Senior Developer,5.9,2021-03-04,"Finance, Django, Computer Vision",Available,85.8,7,62.7
EMP4049,Meera Reddy,employee4049@company.local,IT,Team Lead,9.3,2020-09-17,"Machine Learning, NLP",Available,81.4,7,62.2
EMP2294,Nikhil Thomas,employee2294@company.local,Data Science,Business Analyst,8.2,2017-09-07,"Finance, Python",Busy,57.0,6,62.8
EMP4755,Kavya Sharma,employee4755@company.local,HR,HR Executive,2.5,2017-01-14,"NLP, Machine Learning",On Leave,70.9,4,82.1
EMP3307,Neha Joshi,employee3307@company.local,Data Science,Analyst,6.9,2022-07-07,"React, Django, Excel",Available,52.4,4,66.8
EMP3476,Aditya Verma,employee3476@company.local,Data Science,Finance Analyst,7.2,2020-06-21,"Django, Computer Vision",Available,57.8,3,98.8
EMP927,Neha Iyer,employee927@company.local,Engineering,Senior Developer,7.0,2021-05-06,"Excel, Computer Vision, Project Management, Deep Learning",Available,50.6,2,75.8
EMP054,Nikhil Thomas,employee054@company.local,HR,Data Scientist,1.6,2020-01-18,Project Management,Available,30.7,3,46.5
EMP3180,Arun Raj,employee3180@company.local,Finance,Senior Developer,3.7,2016-05-10,"SQL, Deep Learning, Excel",Available,91.6,8,63.8
EMP3958,Manoj Thomas,employee3958@company.local,Marketing,Analyst,13.8,2020-07-27,"NLP, Finance, SQL, Computer Vision",Available,54.9,3,94.1
EMP1679,Isha Iyer,employee1679@company.local,Engineering,Data Scientist,0.8,2025-08-20,"NLP, Finance, Deep Learning, Python",Available,15.8,2,65.9
EMP3542,Rahul Thomas,employee3542@company.local,Sales,Senior Developer,9.6,2024-08-08,"NLP, Python, Data Analysis, Excel",Available,100.0,5,72.9
EMP1426,Kiran Mishra,employee1426@company.local,Sales,Senior Developer,14.8,2016-01-21,"Finance, Deep Learning, SQL",Busy,69.7,4,99.0
EMP3884,Vivek Raj,employee3884@company.local,Marketing,Team Lead,6.4,2024-05-17,"SQL, Machine Learning",Available,48.1,2,56.3
EMP3380,Arun Verma,employee3380@company.local,HR,Project Manager,6.5,2013-02-23,SQL,Busy,80.4,4,77.7
EMP2761,Priya Kapoor,employee2761@company.local,Marketing,Data Scientist,7.9,2021-07-11,"Python, Django, Finance, Data Analysis",Busy,43.4,2,66.1
EMP1649,Meera Reddy,employee1649@company.local,IT,Senior Developer,9.5,2013-05-12,"Machine Learning, Project Management",Busy,85.2,7,78.8
EMP2417,Swati Reddy,employee2417@company.local,IT,Business Analyst,6.2,2021-04-01,"Deep Learning, Data Analysis, Machine Learning",Available,85.9,5,63.6
EMP1405,Anita Pillai,employee1405@company.local,IT,Developer,6.6,2025-09-05,"React, Django, Machine Learning, Project Management",Available,60.7,7,77.0
EMP2596,Aditya Verma,employee2596@company.local,Sales,Senior Developer,8.0,2017-11-28,"Finance, React",Available,100.0,6,74.6
EMP1365,Anita Menon,employee1365@company.local,Finance,Analyst,6.0,2023-04-11,"NLP, Data Analysis, Excel",Available,34.7,3,69.3
EMP441,Priya Kapoor,employee441@company.local,Operations,Finance Analyst,5.0,2018-06-09,"Excel, Computer Vision, Django",On Leave,62.4,4,50.1
EMP2070,Amit Thomas,employee2070@company.local,IT,Project Manager,8.7,2022-06-08,Django,Available,76.5,5,71.2
EMP2383,Sneha Iyer,employee2383@company.local,Finance,Analyst,3.3,2020-09-12,Excel,Available,37.1,2,71.6
EMP3852,Sanjay Raj,employee3852@company.local,Engineering,HR Executive,6.5,2012-11-28,Django,Available,53.7,3,85.6
EMP1524,Vivek Verma,employee1524@company.local,Finance,HR Executive,8.2,2020-11-19,"NLP, SQL, Deep Learning, Project Management",Available,17.1,0,59.5
EMP4061,Priya Pillai,employee4061@company.local,Finance,Project Manager,5.2,2024-12-02,"Finance, Django, NLP",Available,30.6,1,63.9
EMP831,Divya Iyer,employee831@company.local,Sales,Data Scientist,2.3,2021-03-29,"Deep Learning, Python, Django",Available,54.2,4,66.1
EMP1233,Pooja Reddy,employee1233@company.local,Engineering,Developer,2.8,2014-02-01,"Python, Computer Vision, React",Available,71.7,5,53.2
EMP1417,Swati Kapoor,employee1417@company.local,IT,Data Scientist,2.0,2024-04-24,"Computer Vision, Project Management",Available,38.8,2,67.9
EMP2475,Kavya Joshi,employee2475@company.local,Sales,Data Scientist,5.9,2015-06-16,"Finance, Machine Learning, NLP, Project Management",Available,70.5,5,64.6
EMP3644,Vivek Raj,employee3644@company.local,Engineering,Data Scientist,7.3,2021-09-20,"SQL, Project Management, Excel, Django",On Leave,54.8,1,70.6
EMP3965,Anita Pillai,employee3965@company.local,Finance,HR Executive,8.0,2012-10-10,"Project Management, Deep Learning, Finance, Machine Learning",On Leave,75.6,4,61.0
EMP466,Kiran Mishra,employee466@company.local,Engineering,Project Manager,5.6,2025-06-28,"Excel, Django",Available,84.8,6,61.9
EMP889,Meera Kapoor,employee889@company.local,Operations,Analyst,8.8,2015-11-26,"Data Analysis,Deep Learning",Busy,51.0,3,63.5
EMP279,Isha Nair,employee279@company.local,Data Science,HR Executive,9.1,2017-11-17,Project Management,Available,52.5,3,85.1
EMP4337,Swati Reddy,employee4337@company.local,Engineering,Team Lead,1.6,2017-06-04,Finance,Available,46.7,3,68.6
EMP1706,Kiran Patel,employee1706@company.local,Data Science,Finance Analyst,10.4,2022-02-05,Computer Vision,Busy,72.5,5,62.7
EMP510,Amit Das,employee510@company.local,Operations,Analyst,7.8,2012-03-21,"Python, Machine Learning",Available,29.8,3,72.4
EMP4687,Neha Iyer,employee4687@company.local,Data Science,Data Scientist,4.1,2019-05-18,Data Analysis,Available,56.4,4,58.5
EMP2727,Neha Nair,employee2727@company.local,Finance,HR Executive,10.8,2014-12-05,Django,Available,63.3,3,77.5
EMP4984,Vivek Singh,employee4984@company.local,HR,Senior Developer,15.5,2018-12-09,"NLP,SQL,Machine Learning",Busy,79.0,5,76.1
EMP4036,Aditya Verma,employee4036@company.local,Engineering,Developer,14.0,2023-01-30,"Django, Computer Vision, React",Available,94.5,6,86.2
EMP4877,Swati Pillai,employee4877@company.local,Operations,Developer,5.9,2020-01-18,"React, NLP",Available,52.9,2,68.6
EMP4057,Swati Kapoor,employee4057@company.local,IT,Finance Analyst,3.4,2022-05-23,"SQL, Data Analysis, Computer Vision, Machine Learning",Available,64.3,4,51.9
EMP4876,Aditya Raj,employee4876@company.local,Engineering,Project Manager,15.0,2025-06-02,"Python, Data Analysis, Django",Available,90.7,4,73.3
EMP3034,Nikhil Patel,employee3034@company.local,Engineering,Team Lead,9.0,2012-06-08,"NLP, Project Management",Available,59.4,2,67.5
EMP1158,Manoj Thomas,employee1158@company.local,Finance,Finance Analyst,6.4,2023-11-18,"Computer Vision, React, Project Management",Available,80.8,6,80.7
EMP593,Pooja Reddy,employee593@company.local,Sales,Finance Analyst,7.4,2024-12-16,"Excel, Data Analysis, SQL",On Leave,55.9,3,66.2
EMP997,Swati Menon,employee997@company.local,Marketing,Analyst,3.9,2025-07-14,React,Available,59.8,3,53.7
EMP4331,Divya Joshi,employee4331@company.local,HR,HR Executive,6.5,2014-10-23,"Computer Vision, NLP",Available,49.0,3,77.0
EMP3129,Meera Kapoor,employee3129@company.local,Marketing,Developer,7.2,2022-06-16,"Computer Vision, Machine Learning, NLP, Excel",Available,1.8,1,81.3
EMP4150,Amit Thomas,employee4150@company.local,IT,Finance Analyst,5.8,2015-10-18,"Project Management, NLP, Excel",Available,88.3,5,68.2
EMP2940,Arun Raj,employee2940@company.local,Operations,Finance Analyst,15.0,2015-12-09,Deep Learning,Available,46.3,3,73.1
EMP4895,Kavya Iyer,employee4895@company.local,HR,Business Analyst,15.6,2013-05-11,"NLP, Data Analysis, Excel",Available,53.8,4,83.9
EMP4569,Meera Kapoor,employee4569@company.local,Data Science,Developer,10.3,2021-01-05,React,Busy,78.2,3,82.5
EMP236,Aditya Raj,employee236@company.local,IT,Business Analyst,3.9,2019-08-18,"Python, SQL",Available,87.1,5,49.8
EMP097,Swati Reddy,employee097@company.local,HR,Developer,5.0,2015-06-17,"Python, Machine Learning, NLP, SQL",Available,42.4,2,58.3
EMP064,Vivek Kumar,employee064@company.local,Engineering,Team Lead,15.4,2012-06-18,SQL,Available,38.0,1,68.7
EMP1349,Meera Menon,employee1349@company.local,Data Science,Senior Developer,6.9,2018-08-30,"Django, Project Management, Python",Busy,45.2,2,72.1
EMP465,Anita Reddy,employee465@company.local,Data Science,Developer,8.6,2013-05-02,"Finance, React",Busy,55.6,5,65.3
EMP2423,Sneha Nair,employee2423@company.local,IT,Senior Developer,5.7,2025-07-13,Python,Available,43.1,1,85.4
EMP2638,Manoj Das,employee2638@company.local,Engineering,Finance Analyst,6.2,2023-11-22,"Machine Learning, NLP, Deep Learning, Project Management",Available,52.7,2,87.6
EMP1925,Anita Menon,employee1925@company.local,Operations,Project Manager,4.7,2024-06-27,"Excel, React",Available,33.4,4,60.2
EMP1168,Rohit Kumar,employee1168@company.local,Sales,Team Lead,6.3,2014-04-25,"Project Management, Computer Vision, Python",Busy,17.2,4,83.5
EMP2063,Sneha Iyer,employee2063@company.local,Marketing,Analyst,8.3,2020-07-01,"Data Analysis, Excel, Python, Project Management",Busy,54.9,4,89.1
EMP3430,Amit Thomas,employee3430@company.local,HR,Business Analyst,14.2,2025-05-23,"React, Finance",Available,66.8,6,65.5
EMP2948,Rohit Verma,employee2948@company.local,IT,Senior Developer,18.9,2020-12-18,"Finance, SQL, Data Analysis, Computer Vision",Available,55.8,4,83.7
EMP1877,Swati Menon,employee1877@company.local,Data Science,Finance Analyst,9.4,2018-03-20,"Excel, Deep Learning, Data Analysis",Available,56.0,2,71.8
EMP2602,Rahul Patel,employee2602@company.local,Operations,Senior Developer,5.6,2020-05-09,"NLP, Deep Learning, Computer Vision",Available,40.7,1,59.7
EMP2189,Meera Pillai,employee2189@company.local,Data Science,Team Lead,7.3,2018-03-04,Deep Learning,Busy,53.4,5,65.4
EMP1510,Amit Thomas,employee1510@company.local,Engineering,Data Scientist,4.0,2015-03-18,"Data Analysis, Project Management, Finance, NLP",Available,87.7,5,54.4
EMP3196,Aditya Raj,employee3196@company.local,Data Science,Team Lead,2.9,2020-03-23,"Machine Learning, Python, Finance",On Leave,31.6,0,69.4
EMP3309,Meera Pillai,employee3309@company.local,Data Science,Data Scientist,1.4,2016-01-13,"Machine Learning, Python, SQL, Django",Available,68.0,3,67.8
EMP2750,Amit Das,employee2750@company.local,Engineering,HR Executive,5.2,2021-10-11,"Deep Learning, SQL, React",Available,38.6,0,69.7
EMP4701,Priya Pillai,employee4701@company.local,Operations,Project Manager,2.7,2018-02-02,Finance,Available,22.0,1,42.5
EMP3728,Rohit Kumar,employee3728@company.local,Operations,Business Analyst,5.8,2023-05-16,"React, NLP, Deep Learning, Project Management",Available,55.1,4,60.9
EMP3904,Vivek Kumar,employee3904@company.local,Data Science,HR Executive,7.0,2019-01-13,Deep Learning,Busy,22.1,0,84.0
EMP2818,Manoj Mishra,employee2818@company.local,IT,HR Executive,4.3,2024-06-30,"Project Management, Data Analysis",Available,100.0,8,65.0
EMP1941,Priya Menon,employee1941@company.local,IT,HR Executive,6.3,2021-06-06,"Deep Learning, Finance, React, SQL",Available,71.5,4,66.7
EMP1392,Sanjay Kumar,employee1392@company.local,Finance,HR Executive,5.1,2019-01-24,"NLP, Finance, Machine Learning",Busy,63.1,3,52.5
EMP2701,Priya Pillai,employee2701@company.local,Sales,Developer,2.0,2021-01-31,"Project Management, Computer Vision, Python",Busy,67.4,4,77.4
EMP607,Neha Iyer,employee607@company.local,Sales,Analyst,9.5,2023-08-19,"Machine Learning, Django, NLP, Python",Available,23.8,0,71.9
EMP3463,Sneha Nair,employee3463@company.local,IT,Analyst,10.2,2022-04-12,"Data Analysis, Project Management, Excel, SQL",Available,89.2,4,53.1
EMP258,Manoj Mishra,employee258@company.local,Sales,Developer,2.0,2025-06-13,"Excel, Machine Learning, Deep Learning, Django",Available,70.4,4,59.1
EMP3686,Kiran Thomas,employee3686@company.local,Finance,Team Lead,11.5,2012-09-27,"Finance, SQL, Machine Learning",Available,47.8,1,68.9
EMP2776,Aditya Singh,employee2776@company.local,Operations,Analyst,5.5,2025-02-23,Data Analysis,Available,40.6,3,84.0
EMP3480,Arun Singh,employee3480@company.local,Data Science,HR Executive,8.1,2012-09-12,"Project Management, Python, NLP",Busy,40.8,3,78.3
EMP3994,Nikhil Patel,employee3994@company.local,Finance,Project Manager,6.1,2022-08-17,"Excel, React, Finance",Available,90.7,7,91.4
EMP3082,Rahul Patel,employee3082@company.local,HR,Senior Developer,5.6,2018-08-09,"Project Management, Excel, Python, Deep Learning",Busy,62.8,2,57.6
EMP3924,Vivek Verma,employee3924@company.local,Finance,Senior Developer,4.0,2016-01-01,"Deep Learning, Excel, Django",Available,58.8,2,61.0
EMP3902,Rahul Das,employee3902@company.local,Marketing,Developer,5.7,2014-04-08,"Python, NLP, React",Available,74.0,4,39.5
EMP3181,Priya Pillai,employee3181@company.local,HR,Project Manager,3.6,2020-05-31,"Excel, Data Analysis, NLP, Machine Learning",Available,85.3,5,66.0
EMP1023,Sneha Iyer,employee1023@company.local,Data Science,Analyst,2.9,2013-04-24,"Project Management, Deep Learning, Python",Available,81.0,3,64.2
EMP4461,Priya Pillai,employee4461@company.local,Marketing,Developer,5.6,2025-06-23,NLP,Available,59.8,2,78.7
EMP2912,Sanjay Kumar,employee2912@company.local,Operations,Team Lead,8.5,2012-11-29,Deep Learning,Available,29.0,3,72.4
EMP766,Kiran Das,employee766@company.local,HR,Data Scientist,8.4,2015-07-25,"Finance, React, SQL, Django",Available,36.2,4,69.3
EMP3767,Neha Nair,employee3767@company.local,IT,Team Lead,16.5,2013-10-29,Excel,Busy,71.5,6,71.3
EMP3907,Neha Sharma,employee3907@company.local,IT,Business Analyst,14.2,2016-03-20,Django,Busy,41.8,3,64.8
EMP1026,Kiran Mishra,employee1026@company.local,Data Science,Finance Analyst,5.6,2013-04-20,"Deep Learning, Machine Learning, Project Management",Busy,0.0,1,85.6
EMP1211,Divya Joshi,employee1211@company.local,Sales,Developer,6.8,2018-05-30,"Excel, Finance, Project Management",Available,78.0,5,75.2
EMP406,Kiran Thomas,employee406@company.local,Finance,HR Executive,4.3,2023-10-03,React,Available,100.0,7,73.0
EMP4140,Arun Raj,employee4140@company.local,HR,Business Analyst,1.9,2012-03-01,"NLP, Excel, React, SQL",Available,47.2,2,72.4
EMP1598,Manoj Das,employee1598@company.local,Engineering,Developer,8.9,2012-10-17,NLP,Busy,22.1,1,71.9
EMP3739,Isha Joshi,employee3739@company.local,IT,Business Analyst,6.3,2020-03-13,"Data Analysis, Project Management, Deep Learning, Excel",Busy,39.9,0,67.0
EMP3903,Sneha Iyer,employee3903@company.local,Sales,HR Executive,18.1,2021-10-01,Deep Learning,Busy,38.5,1,81.3
EMP1031,Divya Nair,employee1031@company.local,Data Science,Finance Analyst,4.6,2019-01-15,Computer Vision,Available,81.0,7,70.8
EMP4009,Meera Kapoor,employee4009@company.local,Finance,Senior Developer,8.8,2023-06-26,"SQL, Data Analysis",Busy,5.1,2,71.1
EMP1456,Aditya Kumar,employee1456@company.local,Sales,Senior Developer,8.0,2018-05-12,"Deep Learning, Django, Project Management",Available,37.1,4,82.6
EMP4379,Isha Joshi,employee4379@company.local,IT,Senior Developer,2.8,2020-01-05,Finance,On Leave,0.1,0,57.9
EMP4411,Divya Joshi,employee4411@company.local,Finance,HR Executive,5.2,2022-12-23,"SQL, React",Available,58.1,7,57.2
EMP451,Divya Sharma,employee451@company.local,Sales,Senior Developer,4.2,2013-07-03,"Data Analysis, Python",Available,82.0,5,71.2
EMP2998,Manoj Thomas,employee2998@company.local,Marketing,Business Analyst,11.0,2024-04-03,"Python, Finance, SQL",Available,51.2,0,78.9
EMP034,Nikhil Mishra,employee034@company.local,Finance,Developer,9.4,2012-03-15,NLP,Available,91.2,6,74.6
EMP1121,Priya Reddy,employee1121@company.local,Operations,Business Analyst,14.5,2022-07-23,"Python, SQL, React",Available,100.0,6,69.4
EMP1185,Anita Reddy,employee1185@company.local,Finance,Team Lead,4.8,2020-03-17,"Python, Excel, React, Data Analysis",Available,40.2,2,75.9
EMP4603,Sneha Joshi,employee4603@company.local,Data Science,Data Scientist,6.3,2012-02-22,Finance,Available,45.6,4,57.1
EMP1742,Rahul Das,employee1742@company.local,Operations,Data Scientist,3.3,2018-04-04,"Deep Learning, Python, Django, Project Management",Available,100.0,8,61.6
EMP531,Divya Sharma,employee531@company.local,Operations,Business Analyst,7.8,2015-05-11,"Machine Learning, Deep Learning",Busy,55.7,6,68.8
EMP1974,Nikhil Thomas,employee1974@company.local,Operations,Developer,6.2,2017-03-21,"Project Management, Data Analysis",Busy,27.0,4,78.5
EMP1998,Manoj Das,employee1998@company.local,IT,Data Scientist,6.9,2016-06-22,"Finance, Project Management, Machine Learning, NLP",Unknown,73.1,7,78.8
EMP2328,Rohit Singh,employee2328@company.local,Sales,Project Manager,12.7,2022-07-21,"Project Management, Computer Vision, Deep Learning",Available,99.0,7,83.4
EMP1820,Arun Raj,employee1820@company.local,IT,Analyst,2.8,2012-11-22,"Data Analysis, Python, Computer Vision",Busy,82.0,4,59.3
EMP3345,Anita Reddy,employee3345@company.local,Operations,Data Scientist,9.1,2014-03-28,NLP,Available,40.6,2,74.4
EMP772,Sanjay Verma,employee772@company.local,Operations,Finance Analyst,13.2,2012-01-16,"Finance, Django",Available,48.0,3,98.8
EMP4353,Pooja Reddy,employee4353@company.local,Finance,Team Lead,9.3,2016-05-05,"Excel, NLP",Busy,64.5,4,88.5
EMP853,Pooja Menon,employee853@company.local,IT,HR Executive,13.1,2022-11-21,"Project Management, NLP, Data Analysis",On Leave,100.0,7,68.2
EMP1387,Neha Joshi,employee1387@company.local,Data Science,Developer,3.5,2022-04-24,"Machine Learning, React, Data Analysis",Busy,46.8,5,62.3
EMP3004,Vivek Raj,employee3004@company.local,Data Science,Data Scientist,1.5,2021-04-14,"Project Management, SQL",On Leave,10.2,0,59.3
EMP3402,Rahul Patel,employee3402@company.local,Data Science,Data Scientist,5.5,2012-12-06,SQL,Available,39.2,4,69.7
EMP2832,Sanjay Kumar,employee2832@company.local,Data Science,Finance Analyst,8.4,2024-04-05,"Data Analysis, Computer Vision, Python, Finance",Available,72.5,6,67.5
EMP526,Kiran Das,employee526@company.local,Finance,Project Manager,1.2,2015-04-20,"Data Analysis, React, Django",Available,100.0,4,71.7
EMP665,Anita Kapoor,employee665@company.local,Sales,Senior Developer,4.4,2014-06-09,"Django, Project Management, Finance, Python",Available,100.0,9,58.3
EMP2808,Rohit Singh,employee2808@company.local,Operations,Finance Analyst,5.6,2017-05-12,"Computer Vision, Python, Machine Learning, Project Management",Busy,76.5,7,62.1
EMP2485,Anita Menon,employee2485@company.local,Data Science,Senior Developer,1.1,2017-09-15,"Deep Learning, Excel, Python",Available,30.3,2,54.9
EMP857,Swati Kapoor,employee857@company.local,Marketing,HR Executive,14.5,2020-01-22,"SQL, Excel, NLP",Available,34.0,2,83.8
EMP045,Anita Pillai,employee045@company.local,Data Science,Business Analyst,4.8,2017-08-06,"SQL, NLP",Busy,12.0,0,65.3
EMP3462,Rahul Thomas,employee3462@company.local,Engineering,Data Scientist,3.8,2015-11-26,Data Analysis,Available,25.0,1,92.7
EMP4700,Arun Raj,employee4700@company.local,Sales,Data Scientist,7.4,2018-08-28,"Python, Django, Data Analysis, Machine Learning",Available,41.9,4,63.4
EMP1149,Meera Pillai,employee1149@company.local,Data Science,Senior Developer,8.6,2025-03-26,"Django, NLP",Available,36.4,3,89.3
EMP3211,Divya Joshi,employee3211@company.local,Operations,Team Lead,3.7,2021-10-25,"React, SQL, Django, Python",Available,39.8,4,54.0
EMP4961,Priya Reddy,employee4961@company.local,HR,Team Lead,5.7,2017-08-05,SQL,On Leave,67.0,3,70.9
EMP838,Manoj Thomas,employee838@company.local,Engineering,Project Manager,4.8,2012-06-08,"Excel, Django, Machine Learning, Project Management",Available,43.5,1,61.1
EMP1797,Swati Menon,employee1797@company.local,Marketing,Analyst,10.6,2012-05-10,"Deep Learning, Finance",Available,57.2,4,82.3
EMP3067,Neha Joshi,employee3067@company.local,Data Science,Finance Analyst,3.6,2013-01-11,"SQL, Machine Learning, Project Management",Available,61.8,6,70.1
EMP725,Anita Menon,employee725@company.local,Operations,Developer,9.7,2013-07-13,Project Management,Busy,21.8,3,80.3
EMP3418,Manoj Patel,employee3418@company.local,Engineering,Analyst,8.5,2013-02-07,Computer Vision,Available,82.4,5,77.7
EMP2575,Kavya Iyer,employee2575@company.local,HR,Data Scientist,2.8,2022-10-26,"Deep Learning, Project Management",Available,28.1,1,61.7
EMP2810,Amit Patel,employee2810@company.local,Marketing,HR Executive,8.9,2013-06-08,"Deep Learning, Machine Learning",Available,100.0,7,50.7
EMP4602,Rahul Patel,employee4602@company.local,Sales,Analyst,1.1,2021-04-24,"Django, Machine Learning",Busy,55.7,2,63.5
EMP3030,Amit Thomas,employee3030@company.local,Finance,HR Executive,12.9,2014-09-12,"React, Excel, Django, NLP",Available,35.1,1,70.7
EMP2599,Isha Nair,employee2599@company.local,Engineering,Data Scientist,2.2,2024-12-24,"Finance, NLP",Available,66.2,5,63.0
EMP2365,Anita Pillai,employee2365@company.local,Engineering,Project Manager,12.0,2024-03-03,"Python, SQL",Busy,86.2,5,69.4
EMP2894,Nikhil Das,employee2894@company.local,Sales,Data Scientist,4.3,2017-09-05,"Deep Learning, NLP",Available,74.4,4,66.6
EMP736,Aditya Kumar,employee736@company.local,IT,Business Analyst,11.2,2024-05-16,"React, NLP, Finance",Available,58.9,3,75.8
EMP3867,Neha Joshi,employee3867@company.local,Operations,Data Scientist,4.6,2018-06-22,"Data Analysis, Computer Vision",Available,53.0,2,67.3
EMP3326,Kiran Das,employee3326@company.local,HR,HR Executive,5.0,2016-08-26,"Project Management, Django, Python, Finance",Unknown,69.5,4,75.3
EMP1810,Amit Mishra,employee1810@company.local,Engineering,Finance Analyst,5.6,2021-04-03,"Machine Learning, Project Management",Available,24.5,2,72.1
EMP4275,Kavya Sharma,employee4275@company.local,IT,Finance Analyst,4.3,2016-01-09,NLP,Available,100.0,8,57.2
EMP931,Divya Sharma,employee931@company.local,Data Science,Finance Analyst,2.3,2018-01-23,Finance,Available,83.7,6,65.6
EMP2677,Swati Menon,employee2677@company.local,Data Science,Analyst,2.8,2015-09-10,Finance,Available,33.2,2,65.2
EMP1961,Priya Kapoor,employee1961@company.local,Sales,Developer,10.0,2018-03-18,"Project Management, SQL",Available,56.4,5,80.9
EMP4001,Priya Reddy,employee4001@company.local,Marketing,Developer,7.7,2013-05-05,Python,Available,55.2,4,73.6
EMP3113,Pooja Kapoor,employee3113@company.local,Sales,HR Executive,3.2,2015-03-15,"Machine Learning, Excel",Available,64.4,4,40.1
EMP2846,Kiran Das,employee2846@company.local,Data Science,Senior Developer,1.8,2020-01-05,"Computer Vision, Project Management, NLP, SQL",Busy,55.7,4,64.0
EMP840,Arun Singh,employee840@company.local,Finance,Business Analyst,3.3,2024-01-10,SQL,Available,11.8,5,81.6
EMP870,Amit Thomas,employee870@company.local,HR,Developer,4.4,2016-11-23,"Deep Learning, Finance, Python",Available,36.9,3,65.4
EMP4432,Sanjay Kumar,employee4432@company.local,Data Science,Finance Analyst,6.5,2021-12-10,"Deep Learning, NLP, SQL",Available,30.8,0,86.8
EMP4024,Vivek Singh,employee4024@company.local,Marketing,Data Scientist,4.5,2023-03-27,Data Analysis,Busy,65.6,5,59.9
EMP802,Rahul Mishra,employee802@company.local,Operations,Data Scientist,13.7,2021-06-12,"React, Deep Learning, Project Management",Available,30.9,3,84.9
EMP899,Isha Sharma,employee899@company.local,Finance,HR Executive,0.7,2012-07-10,"NLP, Machine Learning, Project Management",Available,71.7,4,70.4
EMP4186,Kiran Patel,employee4186@company.local,Engineering,Team Lead,1.2,2023-09-01,"Excel, Project Management, Django, Data Analysis",On Leave,50.1,4,58.2
EMP3406,Kiran Das,employee3406@company.local,Operations,Developer,7.9,2023-12-16,Data Analysis,Available,32.8,3,70.7
EMP1774,Nikhil Das,employee1774@company.local,Engineering,Business Analyst,3.5,2013-12-26,Django,Busy,77.1,5,70.8
EMP4452,Sanjay Verma,employee4452@company.local,Data Science,Finance Analyst,9.5,2014-07-06,"Django, Python",Available,100.0,8,64.7
EMP3349,Meera Menon,employee3349@company.local,Sales,Project Manager,2.9,2020-11-02,NLP,Unknown,100.0,7,78.2
EMP1545,Anita Kapoor,employee1545@company.local,Data Science,Data Scientist,4.5,2015-06-17,"Machine Learning, Python",Available,8.3,1,65.2
EMP1095,Kavya Nair,employee1095@company.local,Engineering,Data Scientist,5.2,2025-05-28,"SQL, Machine Learning",Busy,53.9,5,69.4
EMP3475,Kavya Sharma,employee3475@company.local,Sales,Analyst,1.3,2013-08-24,"Machine Learning, Deep Learning, Project Management",Busy,44.3,3,59.2
EMP1041,Priya Reddy,employee1041@company.local,Sales,Analyst,7.5,2016-12-22,"Machine Learning, Computer Vision, SQL, NLP",Available,70.7,3,69.4
EMP3833,Pooja Kapoor,employee3833@company.local,Operations,Senior Developer,4.2,2018-12-31,"NLP, Excel, React, Finance",Available,30.3,1,69.6
EMP4077,Swati Pillai,employee4077@company.local,IT,Data Scientist,2.7,2025-04-13,"Project Management, Data Analysis",Available,40.5,4,53.7
EMP1395,Kavya Sharma,employee1395@company.local,Marketing,Senior Developer,1.5,2025-08-11,"Django, React, Computer Vision",Available,51.4,2,52.4
EMP833,Pooja Reddy,employee833@company.local,IT,Team Lead,6.5,2015-11-04,"Django, Project Management, Excel",Available,49.9,3,87.6
EMP4812,Sanjay Raj,employee4812@company.local,Operations,Analyst,4.5,2024-01-24,"SQL, Machine Learning, Deep Learning, Finance",Busy,50.7,2,67.1
EMP2606,Kiran Das,employee2606@company.local,HR,Analyst,1.6,2017-06-19,Project Management,Available,44.8,2,54.9
EMP546,Kiran Mishra,employee546@company.local,HR,Analyst,1.9,2018-02-22,"Computer Vision, Deep Learning, Data Analysis, Excel",Busy,35.8,1,73.1
EMP2970,Amit Patel,employee2970@company.local,IT,Business Analyst,2.4,2013-08-05,"Finance, Python, Excel, Deep Learning",Available,64.2,4,57.5
EMP2115,Kavya Sharma,employee2115@company.local,Marketing,Team Lead,3.9,2019-10-15,"Deep Learning, Finance, Computer Vision, NLP",Available,78.5,4,58.6
EMP892,Sanjay Raj,employee892@company.local,Finance,Finance Analyst,6.7,2015-05-26,Excel,Available,85.8,8,80.6
EMP3540,Arun Verma,employee3540@company.local,HR,Project Manager,1.5,2018-06-11,SQL,Busy,31.1,2,69.4
EMP3804,Vivek Raj,employee3804@company.local,Finance,Team Lead,9.0,2013-04-30,"Python, Finance",Available,26.6,1,88.3
EMP2922,Rahul Patel,employee2922@company.local,Data Science,Senior Developer,6.1,2022-12-26,"SQL, NLP, Excel, Deep Learning",Busy,33.6,2,67.0
EMP3916,Aditya Raj,employee3916@company.local,Operations,Developer,8.4,2015-09-14,Data Analysis,Busy,58.1,5,74.5
EMP3458,Manoj Mishra,employee3458@company.local,Engineering,Analyst,9.0,2013-08-31,"NLP, Computer Vision, Machine Learning",Available,75.8,5,81.2
EMP3269,Meera Menon,employee3269@company.local,HR,Project Manager,3.9,2020-10-15,"Machine Learning, NLP, Finance",Busy,66.6,1,58.4
EMP2825,Anita Kapoor,employee2825@company.local,IT,Developer,4.7,2021-01-14,"NLP, React, SQL, Python",Unknown,73.1,4,72.7
EMP675,Kavya Sharma,employee675@company.local,IT,Team Lead,7.1,2021-02-18,"Python, Django",Available,52.5,4,66.5
EMP1159,Not specified,employee1159@company.local,Engineering,Team Lead,4.5,2015-08-12,Django,Busy,31.9,5,63.7
EMP3684,Not specified,employee3684@company.local,Operations,Project Manager,1.6,2013-04-09,"NLP, Data Analysis, React, Deep Learning",Available,44.0,2,69.6
EMP630,Amit Thomas,employee630@company.local,IT,Analyst,6.2,2012-06-05,SQL,Busy,75.2,4,63.2
EMP1605,Anita Menon,employee1605@company.local,Engineering,Senior Developer,6.4,2014-06-14,"SQL, Deep Learning",Available,70.2,4,66.2
EMP2484,Vivek Verma,employee2484@company.local,IT,Finance Analyst,5.2,2023-10-29,"Computer Vision, Machine Learning",Unknown,66.9,5,70.3
EMP2763,Sneha Joshi,employee2763@company.local,Finance,Data Scientist,7.5,2020-02-18,NLP,Available,30.3,1,71.8
EMP2663,Sneha Nair,employee2663@company.local,Data Science,Finance Analyst,3.0,2017-07-30,"Django, Excel, Project Management",Available,72.7,5,76.5
EMP393,Pooja Kapoor,employee393@company.local,Finance,Finance Analyst,1.8,2014-10-20,"Computer Vision, Excel, Data Analysis, Machine Learning",Busy,54.7,4,67.2
EMP3531,Divya Joshi,employee3531@company.local,Marketing,Data Scientist,9.5,2012-03-04,"Excel, Project Management",Available,48.8,2,76.5
EMP1169,Meera Reddy,employee1169@company.local,Engineering,Project Manager,11.8,2016-11-11,Python,Available,40.1,4,71.8
EMP3056,Aditya Kumar,employee3056@company.local,IT,Team Lead,8.9,2013-07-23,"Finance, React, Python",Available,90.4,6,61.8
EMP1582,Rahul Das,employee1582@company.local,Finance,Business Analyst,4.7,2025-01-01,"Project Management, Django, SQL",Busy,60.7,3,67.7
EMP3857,Swati Reddy,employee3857@company.local,Finance,Team Lead,4.0,2022-08-25,Django,Available,37.3,4,66.6
EMP3022,Rahul Das,employee3022@company.local,IT,Project Manager,2.4,2017-02-23,Excel,Busy,18.0,2,64.4
EMP077,Swati Pillai,employee077@company.local,Engineering,Analyst,6.2,2018-05-26,"NLP, Data Analysis, Python",On Leave,64.8,3,59.1
EMP3854,Nikhil Das,employee3854@company.local,Sales,Analyst,4.0,2021-01-17,React,Busy,39.0,1,59.7
EMP2646,Kiran Thomas,employee2646@company.local,IT,Project Manager,4.7,2021-07-13,"Deep Learning, Python, Finance",Available,22.5,0,58.6
EMP1966,Kiran Das,employee1966@company.local,Finance,Finance Analyst,3.3,2018-10-03,"Python, Excel",Available,42.6,2,55.2
EMP2000,Arun Kumar,employee2000@company.local,Marketing,Business Analyst,2.0,2019-03-01,NLP,Available,87.9,6,61.3
EMP4400,Arun Kumar,employee4400@company.local,Sales,Data Scientist,5.3,2022-11-03,Excel,Busy,56.8,3,75.5
EMP4781,Priya Pillai,employee4781@company.local,Sales,Finance Analyst,5.0,2023-07-28,Machine Learning,Available,51.4,4,62.6
EMP028,Rohit Raj,employee028@company.local,Finance,Senior Developer,2.5,2023-11-17,"Django, Computer Vision",Available,48.1,3,64.0
EMP1655,Kavya Nair,employee1655@company.local,Engineering,Team Lead,12.6,2018-11-26,"Python, Excel, Deep Learning, React",Available,70.5,3,69.8
EMP4807,Neha Nair,employee4807@company.local,HR,Business Analyst,2.2,2021-02-07,"Machine Learning, Django, Deep Learning",Busy,47.7,2,63.4
EMP2630,Amit Thomas,employee2630@company.local,IT,HR Executive,10.6,2014-04-08,"Project Management, Computer Vision, React",Available,51.3,1,69.8
EMP3632,Sanjay Kumar,employee3632@company.local,HR,Senior Developer,3.0,2017-06-13,"Machine Learning, Deep Learning, React, NLP",Busy,88.9,6,51.5
EMP4678,Manoj Thomas,employee4678@company.local,Data Science,HR Executive,7.6,2013-02-27,"Django, Data Analysis",Busy,63.0,4,81.7
EMP4880,Arun Kumar,employee4880@company.local,Data Science,Data Scientist,5.3,2014-09-30,"SQL, Machine Learning, Django, Finance",Available,50.6,3,88.5
EMP1968,Rohit Kumar,employee1968@company.local,Data Science,Project Manager,1.1,2013-05-18,"Finance, SQL, Deep Learning, Python",On Leave,69.6,3,67.7
EMP1291,Divya Joshi,employee1291@company.local,Data Science,Business Analyst,6.5,2020-04-15,"Data Analysis, React, Machine Learning, Finance",Available,38.7,3,69.4
EMP2421,Priya Menon,employee2421@company.local,Finance,Finance Analyst,8.5,2016-08-04,"Data Analysis, Machine Learning, Finance",Busy,81.6,5,60.8
EMP411,Divya Joshi,employee411@company.local,Data Science,Data Scientist,3.2,2021-06-01,"NLP, Excel, Machine Learning",Available,11.2,0,60.7
EMP809,Meera Kapoor,employee809@company.local,Sales,Developer,4.8,2021-04-20,NLP,Available,55.7,2,79.7
EMP2819,Isha Sharma,employee2819@company.local,Data Science,Data Scientist,1.4,2020-01-10,"Finance, Deep Learning",Available,31.6,2,62.2
EMP405,Anita Menon,employee405@company.local,Engineering,HR Executive,8.0,2014-09-09,Python,Busy,57.9,2,87.1
EMP1119,Isha Iyer,employee1119@company.local,HR,Business Analyst,14.5,2015-10-31,Finance,Available,43.1,3,87.9
EMP2906,Kiran Patel,employee2906@company.local,Engineering,HR Executive,5.6,2012-12-03,"Machine Learning, SQL",Available,64.0,6,73.3
EMP3228,Rohit Raj,employee3228@company.local,Operations,Business Analyst,5.0,2014-03-28,"Computer Vision, NLP, React",Available,67.4,3,69.4
EMP1336,Aditya Singh,employee1336@company.local,Finance,Data Scientist,7.5,2017-09-14,"NLP, Project Management, Python",Available,70.3,5,69.9
EMP942,Rahul Das,employee942@company.local,Sales,Finance Analyst,3.6,2015-09-21,"React, Deep Learning",Busy,42.7,3,56.2
EMP1114,Nikhil Patel,employee1114@company.local,Operations,Business Analyst,5.6,2016-11-27,"Project Management, Django, SQL",Busy,43.0,2,55.9
EMP3235,Kavya Sharma,employee3235@company.local,Sales,HR Executive,4.9,2024-12-05,"Deep Learning, React",Available,86.7,9,68.3
EMP3799,Isha Nair,employee3799@company.local,Operations,Data Scientist,17.7,2017-06-12,"React, Deep Learning, NLP, SQL",Busy,69.8,6,81.7
EMP1401,Priya Kapoor,employee1401@company.local,Finance,Business Analyst,4.3,2021-07-10,"Machine Learning, Deep Learning, Python",Busy,3.7,2,70.7
EMP1352,Sanjay Singh,employee1352@company.local,Data Science,HR Executive,5.7,2025-03-08,"React, Python",Available,34.3,1,75.9
EMP936,Aditya Singh,employee936@company.local,Operations,Analyst,1.4,2012-04-05,React,Busy,60.4,5,78.2
EMP3076,Aditya Verma,employee3076@company.local,IT,HR Executive,4.1,2017-07-15,"Finance, NLP, Excel",Available,83.2,7,58.1
EMP2803,Sneha Sharma,employee2803@company.local,HR,Developer,20.5,2015-08-28,"Django, Deep Learning, Finance, Machine Learning",Available,71.2,4,80.6
EMP037,Swati Menon,employee037@company.local,HR,Developer,9.2,2018-06-23,"Excel, SQL",Busy,80.1,5,96.6
EMP056,Aditya Singh,employee056@company.local,Finance,Team Lead,4.8,2023-10-20,"React, Finance, Deep Learning",Available,90.3,4,63.6
EMP3939,Isha Sharma,employee3939@company.local,Data Science,Finance Analyst,3.7,2020-05-29,Django,Busy,40.0,3,50.3
EMP2773,Pooja Menon,employee2773@company.local,Engineering,Senior Developer,17.1,2015-01-01,Machine Learning,Available,81.3,9,95.8
EMP2158,Manoj Das,employee2158@company.local,Sales,Finance Analyst,2.4,2019-12-02,"Data Analysis, Finance, Python",Available,83.1,6,70.4
EMP3468,Rohit Raj,employee3468@company.local,Operations,Analyst,0.6,2022-04-20,Django,Busy,76.4,5,70.6
EMP4846,Kiran Das,employee4846@company.local,Finance,Developer,2.3,2018-10-13,"Python, SQL",Available,60.5,4,61.7
EMP1888,Rohit Kumar,employee1888@company.local,Data Science,Project Manager,11.4,2016-05-19,Machine Learning,Available,24.4,2,77.7
EMP3069,Meera Pillai,employee3069@company.local,Sales,Finance Analyst,3.5,2021-04-03,"Python, React",Available,56.4,5,64.9
EMP1259,Isha Joshi,employee1259@company.local,HR,Project Manager,8.5,2018-09-26,"Computer Vision, SQL, Excel, Deep Learning",Available,57.9,5,70.6
EMP3850,Amit Patel,employee3850@company.local,Engineering,Developer,2.6,2024-11-05,"Deep Learning, Machine Learning, SQL, NLP",Available,40.2,3,77.1
EMP1393,Pooja Reddy,employee1393@company.local,Engineering,Senior Developer,1.5,2024-09-25,"Project Management, SQL, NLP, React",Available,33.9,5,65.7
EMP2560,Arun Kumar,employee2560@company.local,HR,Team Lead,1.0,2025-03-02,"Project Management, Machine Learning, Django",Busy,68.3,4,59.5
EMP2208,Rohit Kumar,employee2208@company.local,IT,Analyst,5.6,2015-07-24,"Django, Machine Learning, React",Available,47.0,3,69.4
EMP3755,Kavya Joshi,employee3755@company.local,Marketing,Data Scientist,12.9,2012-12-16,"Computer Vision, Django, NLP, React",Available,28.9,3,76.7
EMP3877,Swati Menon,employee3877@company.local,Operations,Data Scientist,4.9,2013-01-15,"Excel, Deep Learning, Machine Learning, Computer Vision",Available,81.6,4,59.1
EMP1551,Divya Iyer,employee1551@company.local,Data Science,Business Analyst,9.5,2015-08-08,"React, Project Management, SQL",Available,50.1,5,70.5
EMP4311,Divya Nair,employee4311@company.local,IT,HR Executive,5.5,2012-05-19,"Project Management, NLP",Available,63.2,4,68.0
EMP4246,Kiran Thomas,employee4246@company.local,Sales,Senior Developer,3.9,2015-11-14,"Data Analysis, Python, NLP, React",Available,28.8,4,71.8
EMP854,Nikhil Thomas,employee854@company.local,Data Science,HR Executive,12.3,2016-06-11,"Project Management, React, Computer Vision, NLP",Available,83.3,5,62.0
EMP214,Nikhil Thomas,employee214@company.local,IT,Project Manager,4.0,2015-10-28,"NLP, React, Deep Learning, Python",Available,52.8,4,64.5
EMP3210,Amit Patel,employee3210@company.local,Engineering,Developer,14.6,2018-02-11,"Project Management, Computer Vision, React",On Leave,72.1,6,99.0
EMP2028,Rohit Raj,employee2028@company.local,Marketing,Finance Analyst,12.1,2015-07-28,Django,Available,62.0,6,80.5
EMP4059,Isha Joshi,employee4059@company.local,Data Science,Developer,5.3,2017-06-09,"Project Management, Finance",Unknown,63.9,3,74.0
EMP470,Amit Thomas,employee470@company.local,IT,Business Analyst,4.5,2012-01-30,"Django, React, Finance",Available,33.9,3,59.2
EMP858,Manoj Patel,employee858@company.local,Operations,Project Manager,1.1,2019-10-30,"Deep Learning, Computer Vision, Excel",Available,47.8,2,66.6
EMP2200,Arun Singh,employee2200@company.local,Marketing,Finance Analyst,15.9,2025-07-04,"Machine Learning, Project Management, Finance",Available,97.4,8,80.6
EMP3334,Nikhil Thomas,employee3334@company.local,Engineering,Analyst,12.3,2018-08-13,Project Management,Available,62.2,4,72.3
EMP3697,Swati Reddy,employee3697@company.local,Finance,Developer,3.9,2019-02-25,"Django, Excel, SQL",On Leave,100.0,6,56.4
EMP1304,Vivek Singh,employee1304@company.local,Sales,Analyst,5.6,2021-03-24,"Deep Learning, Project Management, Computer Vision",Busy,96.2,6,82.6
EMP1174,Nikhil Thomas,employee1174@company.local,IT,HR Executive,10.2,2015-04-25,"SQL, Finance, Project Management, Deep Learning",Available,58.3,2,65.1
EMP4817,Swati Reddy,employee4817@company.local,HR,Project Manager,7.0,2022-09-19,"Data Analysis, Finance, Computer Vision, Machine Learning",Busy,81.3,7,71.5
EMP2702,Rahul Das,employee2702@company.local,Engineering,Business Analyst,7.1,2019-05-31,"Deep Learning, Machine Learning",Unknown,89.9,6,76.0
EMP382,Rahul Das,employee382@company.local,HR,HR Executive,10.3,2021-07-27,"React, Excel, Django, Data Analysis",Available,32.9,2,61.6
EMP2826,Kiran Patel,employee2826@company.local,Operations,Finance Analyst,6.3,2020-11-09,"React, Deep Learning, Project Management",Available,76.8,9,71.8
EMP3711,Divya Iyer,employee3711@company.local,Sales,Developer,5.3,2018-09-04,"Machine Learning, Finance, Deep Learning",Available,46.9,2,64.4
EMP1684,Vivek Verma,employee1684@company.local,Data Science,Developer,5.2,2015-05-25,"Excel, React, Finance, Computer Vision",Busy,81.9,6,74.0
EMP1793,Pooja Reddy,employee1793@company.local,Data Science,Senior Developer,5.7,2020-10-17,"Excel, Deep Learning, NLP, Django",Available,55.1,2,61.9
EMP1973,Pooja Menon,employee1973@company.local,Engineering,Business Analyst,5.0,2012-11-16,"Deep Learning, SQL, NLP",Available,87.1,6,64.1
EMP475,Kavya Joshi,employee475@company.local,Data Science,Business Analyst,4.9,2012-04-24,Django,Available,41.0,3,67.2
EMP4595,Kavya Sharma,employee4595@company.local,Marketing,Senior Developer,3.3,2015-01-21,"Python, React",On Leave,29.4,4,46.2
EMP4035,Kavya Sharma,employee4035@company.local,Data Science,Team Lead,3.5,2021-02-11,"Computer Vision, NLP",Available,100.0,5,66.7
EMP3147,Neha Joshi,employee3147@company.local,IT,Analyst,2.7,2020-12-21,"Deep Learning, Machine Learning, Project Management, Excel",Available,56.7,7,65.6
EMP4629,Meera Menon,employee4629@company.local,Data Science,Team Lead,2.8,2013-03-11,"Finance, Computer Vision, Django",Available,55.9,4,64.3
EMP062,Rahul Das,employee062@company.local,Data Science,Project Manager,5.2,2024-04-27,SQL,Available,58.1,4,66.4
EMP2722,Rahul Mishra,employee2722@company.local,HR,Finance Analyst,3.4,2013-01-20,"Python, Computer Vision, Machine Learning, React",On Leave,69.4,4,62.1
EMP4778,Manoj Patel,employee4778@company.local,Sales,Analyst,8.8,2017-04-03,NLP,Busy,51.9,4,78.1
EMP814,Nikhil Das,employee814@company.local,Data Science,Senior Developer,12.7,2024-01-08,NLP,Busy,83.0,6,89.8
EMP4898,Manoj Mishra,employee4898@company.local,IT,Data Scientist,4.0,2021-09-03,"SQL, Computer Vision, NLP",Available,22.9,1,71.6
EMP1088,Rohit Kumar,employee1088@company.local,Data Science,Data Scientist,3.2,2020-03-27,"Project Management, Excel, SQL",Busy,80.2,6,72.0
EMP4072,Sanjay Singh,employee4072@company.local,Data Science,Team Lead,3.3,2025-02-24,"React, SQL, Data Analysis",Available,55.7,3,87.8
EMP2111,Divya Iyer,employee2111@company.local,Finance,Finance Analyst,9.8,2015-09-29,Django,Available,23.9,1,79.3
EMP695,Kavya Nair,employee695@company.local,Operations,Data Scientist,4.0,2022-07-16,Project Management,Available,60.0,5,72.8
EMP4451,Divya Sharma,employee4451@company.local,IT,Analyst,2.9,2023-05-15,"SQL, Data Analysis",Available,71.1,4,68.8
EMP3060,Arun Verma,employee3060@company.local,Sales,Finance Analyst,14.4,2012-09-21,"Computer Vision, Finance, Project Management",Available,80.0,7,74.3
EMP3248,Rohit Kumar,employee3248@company.local,Finance,Analyst,1.5,2020-09-01,"Django, Excel, Python, React",Available,47.9,4,49.3
EMP4281,Priya Kapoor,employee4281@company.local,Engineering,HR Executive,4.4,2018-05-08,"Excel, Python, SQL",Available,45.8,3,64.2
EMP742,Rahul Thomas,employee742@company.local,IT,Data Scientist,3.0,2014-12-15,Project Management,Available,26.6,2,65.5
EMP4940,Arun Raj,employee4940@company.local,Data Science,Analyst,2.9,2021-07-18,Machine Learning,On Leave,59.7,6,55.0
EMP3894,Nikhil Thomas,employee3894@company.local,Operations,Business Analyst,11.1,2014-11-14,"React, Data Analysis, Project Management, Excel",Available,29.0,0,83.2
EMP4196,Aditya Verma,employee4196@company.local,Sales,HR Executive,11.3,2012-12-28,Data Analysis,Available,27.8,4,76.5
EMP2452,Sanjay Verma,employee2452@company.local,HR,Business Analyst,3.5,2017-07-30,"Deep Learning, Django",Available,61.9,2,60.8
EMP4370,Amit Mishra,employee4370@company.local,Operations,Team Lead,14.2,2016-09-21,Finance,Busy,68.1,5,75.8
EMP3506,Kiran Mishra,employee3506@company.local,Engineering,Developer,0.2,2014-05-18,"Deep Learning, Computer Vision, Machine Learning, Excel",Available,68.9,7,60.8
EMP3737,Swati Kapoor,employee3737@company.local,Engineering,Data Scientist,5.3,2014-03-01,"Data Analysis, SQL",Busy,82.7,6,59.3
EMP4795,Kavya Joshi,employee4795@company.local,Engineering,Project Manager,3.5,2020-06-09,"Python, Django, Computer Vision, Machine Learning",Available,95.4,5,52.8
EMP2736,Aditya Kumar,employee2736@company.local,Engineering,Finance Analyst,0.5,2022-04-19,"Excel, Deep Learning, Django",Available,50.7,5,66.7
EMP265,Anita Kapoor,employee265@company.local,Finance,Analyst,2.0,2015-03-01,Project Management,Available,57.9,6,63.4
EMP378,Manoj Patel,employee378@company.local,IT,Finance Analyst,3.1,2016-06-19,NLP,Available,67.7,3,76.2
EMP1273,Pooja Kapoor,employee1273@company.local,Engineering,Team Lead,8.1,2024-10-13,"Machine Learning, SQL, Computer Vision",Available,55.1,3,64.5
EMP3311,Divya Iyer,employee3311@company.local,Engineering,Developer,15.6,2015-01-05,"Deep Learning, Python, React, Excel",Available,65.0,5,76.0
EMP452,Sanjay Verma,employee452@company.local,Engineering,Project Manager,9.0,2017-01-05,"React, Data Analysis, Project Management",On Leave,72.2,6,71.3
EMP4644,Vivek Verma,employee4644@company.local,Data Science,Business Analyst,2.3,2014-03-05,"Data Analysis, NLP, Excel, Finance",Available,60.2,3,67.5
EMP3063,Sneha Nair,employee3063@company.local,Operations,Business Analyst,9.5,2023-08-27,"Data Analysis, Project Management, Finance, Python",Available,51.3,3,81.9
EMP559,Isha Iyer,employee559@company.local,HR,Developer,2.4,2022-02-01,"Deep Learning, Computer Vision, Python",Available,23.4,2,69.7
EMP4527,Neha Iyer,employee4527@company.local,IT,Project Manager,5.6,2021-06-02,"Excel, Computer Vision",Available,35.1,2,71.1
EMP2851,Divya Sharma,employee2851@company.local,IT,Team Lead,6.4,2024-03-13,"Python, NLP",Available,66.3,7,67.5
EMP2358,Manoj Thomas,employee2358@company.local,Operations,Data Scientist,5.6,2018-03-12,"Python, Deep Learning, Computer Vision",Available,97.6,9,52.1
EMP4128,Rohit Kumar,employee4128@company.local,Engineering,Data Scientist,8.9,2020-01-18,Django,Available,92.6,6,74.1
EMP4559,Isha Iyer,employee4559@company.local,Engineering,Senior Developer,11.6,2016-11-07,Computer Vision,Busy,81.5,3,77.1
EMP3194,Nikhil Patel,employee3194@company.local,Operations,Finance Analyst,3.8,2013-07-13,"Finance, Data Analysis, Deep Learning",Available,58.7,2,65.2
EMP433,Pooja Reddy,employee433@company.local,Engineering,Business Analyst,9.6,2014-04-28,Project Management,Available,69.6,6,77.2
EMP079,Isha Iyer,employee079@company.local,Engineering,Team Lead,1.4,2013-05-17,"Project Management, SQL, React",Available,40.4,3,50.9
EMP4827,Neha Joshi,employee4827@company.local,Sales,Data Scientist,13.4,2018-01-23,"Python, Computer Vision, Django",Available,31.6,0,68.9
EMP1043,Sneha Sharma,employee1043@company.local,HR,Senior Developer,11.7,2017-01-29,"React, Computer Vision, NLP, Django",Available,20.7,1,77.2
EMP1099,Isha Joshi,employee1099@company.local,Marketing,Team Lead,10.1,2024-08-25,"Machine Learning, SQL, Project Management",On Leave,64.8,3,76.5
EMP1366,Kiran Thomas,employee1366@company.local,Sales,Senior Developer,8.1,2016-03-03,Project Management,Available,55.3,6,66.2
EMP1753,Pooja Kapoor,employee1753@company.local,IT,Team Lead,3.5,2017-09-30,React,Available,4.7,1,64.2
EMP4540,Arun Raj,employee4540@company.local,Sales,Senior Developer,10.1,2012-01-29,SQL,Busy,44.2,1,81.9
EMP3771,Divya Joshi,employee3771@company.local,Marketing,Data Scientist,1.6,2020-09-21,"Data Analysis, NLP, Project Management",Available,52.2,3,63.5
EMP3970,Amit Mishra,employee3970@company.local,Finance,Team Lead,3.2,2012-12-19,"Data Analysis, SQL, Computer Vision",Available,62.5,4,57.6
EMP522,Rahul Patel,employee522@company.local,Sales,HR Executive,2.8,2020-10-12,"React, Django",Busy,100.0,7,73.4
EMP4973,Pooja Pillai,employee4973@company.local,IT,Finance Analyst,22.0,2023-09-20,"React, Deep Learning",Available,53.1,3,80.5
EMP2904,Vivek Singh,employee2904@company.local,Engineering,HR Executive,3.8,2014-02-04,"Machine Learning, Data Analysis, Project Management",Available,68.2,5,69.4
EMP3869,Meera Pillai,employee3869@company.local,Marketing,Data Scientist,3.0,2024-09-21,"Machine Learning, Python, Finance",Busy,18.3,2,72.4
EMP3245,Anita Pillai,employee3245@company.local,IT,Data Scientist,9.4,2015-02-09,"React, Data Analysis, Python, Computer Vision",Busy,82.2,6,87.2
EMP2641,Priya Reddy,employee2641@company.local,Operations,Data Scientist,4.1,2022-05-13,"Python, React, NLP",Available,71.4,5,66.5
EMP2143,Sneha Iyer,employee2143@company.local,Operations,HR Executive,4.0,2016-03-23,"Python, React, Computer Vision",Available,72.8,7,81.4
EMP4136,Aditya Singh,employee4136@company.local,Engineering,HR Executive,9.7,2024-05-08,"Finance, Django, Data Analysis",Available,58.5,2,64.9
EMP3649,Meera Reddy,employee3649@company.local,Sales,Project Manager,2.7,2021-02-07,"Data Analysis, Python, Computer Vision, Deep Learning",Available,42.8,3,75.3
EMP264,Vivek Singh,employee264@company.local,Operations,Project Manager,6.5,2014-02-13,"Computer Vision, Machine Learning, Project Management",Busy,52.2,5,66.6
EMP932,Sanjay Verma,employee932@company.local,Operations,Finance Analyst,3.4,2014-02-11,"Django, Machine Learning, NLP",Available,28.0,1,60.5
EMP2530,Amit Mishra,employee2530@company.local,Engineering,HR Executive,14.3,2014-03-26,"Excel, NLP",Available,71.5,3,99.0
EMP3376,Aditya Kumar,employee3376@company.local,Engineering,Project Manager,2.7,2023-10-03,Django,Available,0.0,0,58.2
EMP821,Priya Menon,employee821@company.local,Data Science,Business Analyst,3.4,2013-11-08,"Data Analysis, Excel",Available,62.4,6,56.3
EMP4908,Rohit Raj,employee4908@company.local,Data Science,Data Scientist,2.2,2014-06-27,Excel,Available,23.5,3,69.4
EMP888,Rohit Singh,employee888@company.local,IT,Senior Developer,5.8,2023-12-27,"Machine Learning, Data Analysis",Available,33.7,1,74.4
EMP2402,Rahul Mishra,employee2402@company.local,Sales,Developer,19.0,2014-02-18,Excel,Busy,100.0,5,79.6
EMP327,Neha Nair,employee327@company.local,Data Science,Data Scientist,3.9,2012-03-26,"Machine Learning, Project Management, Excel",Available,48.6,2,69.4
EMP2351,Divya Iyer,employee2351@company.local,Data Science,Developer,6.8,2015-07-27,Machine Learning,Available,20.0,5,73.9
EMP3289,Meera Kapoor,employee3289@company.local,Operations,Developer,5.4,2019-01-02,"Django, Computer Vision",Busy,48.1,6,82.5
EMP4713,Pooja Kapoor,employee4713@company.local,Engineering,Finance Analyst,2.0,2012-04-09,"Python, SQL, Deep Learning, Project Management",Available,48.9,5,66.3
EMP1070,Amit Das,employee1070@company.local,Finance,Analyst,2.1,2016-01-02,"Data Analysis, Project Management, NLP, Django",Available,48.9,5,69.4
EMP3027,Neha Sharma,employee3027@company.local,Data Science,Team Lead,20.1,2025-05-25,"SQL, Computer Vision, NLP",Busy,22.4,0,96.2
EMP3356,Aditya Raj,employee3356@company.local,Finance,Developer,5.6,2018-05-04,"React, Data Analysis, Finance",Busy,73.7,5,61.1
EMP1422,Rahul Das,employee1422@company.local,IT,Business Analyst,1.6,2020-12-03,"React, Data Analysis",Available,25.6,1,46.2
EMP1012,Sanjay Verma,employee1012@company.local,Data Science,HR Executive,6.9,2021-03-16,"SQL, Django, Data Analysis",Unknown,53.9,4,69.5
EMP1558,Manoj Thomas,employee1558@company.local,Data Science,Team Lead,3.0,2015-07-12,Project Management,Busy,84.6,7,61.7
EMP2288,Rohit Kumar,employee2288@company.local,Data Science,Analyst,2.9,2015-04-06,"SQL, Python, React",Available,40.7,3,71.8
EMP4154,Nikhil Patel,employee4154@company.local,HR,Team Lead,8.1,2022-05-05,"SQL, NLP",Available,49.7,3,53.7
EMP3809,Meera Reddy,employee3809@company.local,IT,HR Executive,6.2,2013-01-07,Python,Available,54.0,4,66.4
EMP3532,Sanjay Raj,employee3532@company.local,Engineering,Team Lead,6.1,2024-07-16,"Computer Vision, SQL, Python, Finance",Busy,75.8,7,55.1
EMP2345,Anita Kapoor,employee2345@company.local,Sales,Analyst,6.1,2025-02-12,"Excel, Data Analysis",On Leave,28.3,1,62.2
EMP3089,Meera Reddy,employee3089@company.local,Engineering,Data Scientist,1.7,2022-10-11,"Data Analysis, Project Management",Available,74.0,3,65.9
EMP4862,Rahul Das,employee4862@company.local,Finance,Finance Analyst,7.0,2013-03-08,"Data Analysis, SQL, Project Management, Finance",Available,17.7,2,66.1
EMP4402,Rahul Mishra,employee4402@company.local,Marketing,Finance Analyst,5.6,2012-08-03,"Python, Django",Busy,79.5,8,59.4
EMP2217,Swati Kapoor,employee2217@company.local,Operations,Team Lead,5.5,2012-04-30,"React, Finance, Django, Excel",Available,34.1,2,64.2
EMP370,Amit Mishra,employee370@company.local,Data Science,Finance Analyst,12.4,2017-04-16,NLP,Available,54.9,3,80.2
EMP4031,Divya Iyer,employee4031@company.local,Data Science,Senior Developer,6.0,2015-08-06,NLP,Available,92.4,7,70.3
EMP3277,Swati Pillai,employee3277@company.local,Finance,Developer,5.4,2016-08-29,"Django, Computer Vision",Busy,49.2,3,62.3
EMP3635,Kavya Sharma,employee3635@company.local,IT,Data Scientist,5.9,2023-02-22,"Computer Vision, Project Management",Busy,54.5,2,62.5
EMP3043,Sneha Sharma,employee3043@company.local,Sales,Project Manager,5.0,2012-12-22,Computer Vision,Available,34.8,0,64.5
EMP489,Meera Kapoor,employee489@company.local,Marketing,Developer,1.7,2013-06-08,"Machine Learning, Computer Vision, NLP",Available,51.4,3,68.9
EMP4871,Divya Nair,employee4871@company.local,HR,Analyst,4.4,2018-11-11,NLP,Busy,6.6,2,77.1
EMP4654,Nikhil Das,employee4654@company.local,Marketing,Business Analyst,6.6,2019-08-31,"Excel, Deep Learning, NLP",On Leave,92.3,6,79.2
EMP2297,Swati Kapoor,employee2297@company.local,Marketing,Project Manager,4.4,2016-08-02,"Project Management, Python",Busy,13.5,0,81.2
EMP3065,Anita Kapoor,employee3065@company.local,HR,Analyst,5.2,2022-09-08,"Data Analysis, Excel",Busy,50.0,3,74.3
EMP4288,Rohit Kumar,employee4288@company.local,Engineering,Developer,5.5,2022-11-23,"Data Analysis, SQL",Available,58.0,4,78.0
EMP3878,Manoj Thomas,employee3878@company.local,IT,Business Analyst,13.8,2019-12-07,"React, SQL",On Leave,54.6,4,75.1
EMP4660,Arun Verma,employee4660@company.local,Finance,HR Executive,1.7,2012-05-30,"Deep Learning, NLP",Available,57.0,4,74.6
EMP3967,Neha Iyer,employee3967@company.local,Sales,Data Scientist,5.2,2013-09-20,Data Analysis,Busy,66.9,4,65.5
EMP552,Sanjay Singh,employee552@company.local,Engineering,Senior Developer,6.4,2022-08-15,"Project Management, NLP, Python",Busy,54.9,4,72.4
EMP3953,Pooja Reddy,employee3953@company.local,Finance,Project Manager,5.6,2020-02-10,"Django, NLP, Excel",Available,89.5,6,73.4
EMP929,Meera Reddy,employee929@company.local,HR,Senior Developer,7.1,2024-09-15,"Python, NLP",On Leave,51.8,4,88.5
EMP1230,Amit Das,employee1230@company.local,Engineering,Project Manager,4.2,2013-04-03,"Python, Django",Available,75.1,4,68.1
EMP4491,Divya Joshi,employee4491@company.local,Marketing,HR Executive,18.3,2012-04-22,Python,Available,82.1,6,89.0
EMP1688,Rohit Singh,employee1688@company.local,Operations,HR Executive,1.2,2018-11-23,Project Management,Available,19.2,1,36.3
EMP4951,Divya Nair,employee4951@company.local,Marketing,Team Lead,2.2,2018-03-31,React,Available,81.8,7,69.4
EMP2281,Priya Kapoor,employee2281@company.local,Engineering,Data Scientist,2.3,2024-01-24,"SQL, Deep Learning",Available,47.2,3,53.1
EMP4421,Priya Menon,employee4421@company.local,Finance,Data Scientist,3.7,2025-09-05,"Computer Vision, React, Project Management",Available,23.3,2,59.2
EMP2558,Manoj Das,employee2558@company.local,Sales,Developer,2.1,2014-12-18,"Data Analysis, Excel, Python",Busy,20.9,2,44.6
EMP1864,Vivek Singh,employee1864@company.local,Engineering,Business Analyst,5.6,2013-04-22,"SQL, Finance",Busy,44.2,4,67.6
EMP2299,Isha Joshi,employee2299@company.local,Marketing,Data Scientist,7.9,2015-04-29,"Data Analysis, SQL, React",Unknown,68.3,3,65.4
EMP2966,Kiran Thomas,employee2966@company.local,Sales,Senior Developer,3.1,2014-04-12,"Python, Excel, Django, Finance",Available,55.7,3,68.4
EMP2688,Rohit Kumar,employee2688@company.local,Operations,Project Manager,4.5,2019-01-16,"Python, Deep Learning",Available,60.0,4,62.1
EMP240,Arun Kumar,employee240@company.local,IT,Developer,8.5,2023-10-27,"Python, Deep Learning, NLP, SQL",Available,32.0,0,67.7
EMP4995,Kavya Sharma,employee4995@company.local,HR,Finance Analyst,14.2,2012-11-11,Computer Vision,Available,43.4,1,81.1
EMP863,Sneha Iyer,employee863@company.local,Engineering,Analyst,2.0,2012-04-05,"Python, Django, Finance",Busy,48.9,2,60.6
EMP4692,Sanjay Verma,employee4692@company.local,IT,Senior Developer,5.7,2012-09-30,"Excel, Computer Vision",Available,55.7,3,69.4
EMP4039,Isha Nair,employee4039@company.local,HR,Project Manager,5.6,2019-04-14,"SQL, Machine Learning, Deep Learning",Available,62.7,5,72.3
EMP3014,Nikhil Thomas,employee3014@company.local,Engineering,Senior Developer,1.1,2016-08-27,"Django, Data Analysis, NLP",Available,67.3,3,62.1
EMP3985,Anita Reddy,employee3985@company.local,IT,Analyst,6.6,2020-04-24,"Project Management, Deep Learning, Python",Available,74.6,5,64.3
EMP4245,Anita Menon,employee4245@company.local,HR,Senior Developer,6.2,2023-10-06,"Computer Vision, Data Analysis, Python",Available,52.2,3,73.0
EMP381,Priya Pillai,employee381@company.local,Engineering,Developer,8.1,2019-08-24,"Python, Excel, NLP, Data Analysis",Busy,91.6,5,51.9
EMP4918,Manoj Thomas,employee4918@company.local,Operations,Analyst,8.5,2017-07-28,"React, Deep Learning, Project Management",Available,93.8,8,54.3
EMP3758,Manoj Das,employee3758@company.local,Data Science,HR Executive,4.1,2021-08-25,Finance,Busy,34.8,4,36.6
EMP3802,Rahul Patel,employee3802@company.local,Data Science,HR Executive,4.6,2015-08-13,"Django, Deep Learning, Python",Available,50.1,3,73.9
EMP1156,Aditya Verma,employee1156@company.local,Engineering,Senior Developer,9.0,2021-03-31,"Deep Learning, React, Excel",Unknown,62.8,4,61.0
EMP2223,Sneha Iyer,employee2223@company.local,Sales,Analyst,10.5,2021-11-03,"Django, NLP, React, Python",Available,63.4,6,81.7
EMP410,Amit Patel,employee410@company.local,Operations,Business Analyst,2.7,2024-10-27,"SQL, Django, React, Finance",On Leave,38.0,1,61.5
EMP3822,Rahul Das,employee3822@company.local,IT,Team Lead,4.7,2024-12-03,"Python, Data Analysis, Project Management",Available,80.2,5,68.3
EMP621,Priya Pillai,employee621@company.local,Operations,Analyst,3.1,2024-10-14,"Machine Learning, Computer Vision",Available,54.8,4,65.5
EMP3699,Isha Sharma,employee3699@company.local,Sales,Project Manager,5.4,2014-06-22,"Excel, Computer Vision, Finance",Available,59.0,3,81.2
EMP2091,Divya Joshi,employee2091@company.local,Sales,Senior Developer,2.4,2018-10-23,"Deep Learning, Data Analysis, Python",Available,24.0,2,67.9
EMP178,Manoj Mishra,employee178@company.local,Engineering,HR Executive,1.5,2013-11-09,"Python, Machine Learning",Available,100.0,8,53.2
EMP1623,Sneha Nair,employee1623@company.local,Engineering,Team Lead,1.8,2022-07-11,"Data Analysis, Python",Available,20.5,3,57.0
EMP707,Neha Sharma,employee707@company.local,IT,Business Analyst,2.9,2016-01-21,"React, Finance",Available,77.1,5,47.4
EMP785,Anita Reddy,employee785@company.local,Data Science,Team Lead,11.8,2024-10-27,"Machine Learning, React, Computer Vision",Busy,44.5,2,88.6
EMP2043,Sneha Joshi,employee2043@company.local,IT,Business Analyst,9.1,2016-03-14,"Finance, Computer Vision, SQL",Busy,54.9,5,74.6
EMP1138,Manoj Mishra,employee1138@company.local,Operations,Business Analyst,7.5,2025-07-09,Computer Vision,Busy,81.4,5,79.3
EMP3315,Kavya Sharma,employee3315@company.local,Data Science,Team Lead,5.6,2018-09-08,"Computer Vision, Django",Available,75.0,6,54.6
EMP1533,Pooja Pillai,employee1533@company.local,Operations,Business Analyst,1.4,2012-07-12,"Project Management, Finance",Available,35.5,1,61.2
EMP4306,Kiran Mishra,employee4306@company.local,Operations,Finance Analyst,5.4,2024-06-21,"Python, Excel, Project Management, NLP",Available,40.0,1,68.3
EMP019,Isha Sharma,employee019@company.local,Data Science,Project Manager,4.0,2013-09-19,"Project Management, Excel, Machine Learning, Computer Vision",Available,74.2,5,69.2
EMP2453,Pooja Menon,employee2453@company.local,HR,Data Scientist,13.0,2018-09-04,SQL,Available,63.8,4,97.8
EMP424,Vivek Singh,employee424@company.local,Marketing,Business Analyst,12.6,2018-12-28,SQL,Available,69.2,5,69.7
EMP1579,Isha Joshi,employee1579@company.local,Data Science,Senior Developer,9.2,2024-12-13,"Django, Data Analysis, Machine Learning",Busy,68.0,6,56.7
EMP3897,Swati Kapoor,employee3897@company.local,Sales,Data Scientist,3.4,2021-11-30,"Machine Learning, Python",Available,55.3,3,65.4
EMP2661,Priya Menon,employee2661@company.local,Finance,HR Executive,8.3,2022-12-24,"Computer Vision, Data Analysis",Available,62.2,6,66.3
EMP3177,Swati Kapoor,employee3177@company.local,Finance,Analyst,7.2,2015-07-12,"Machine Learning, SQL",Available,14.2,2,68.8
EMP2865,Anita Reddy,employee2865@company.local,Sales,Finance Analyst,5.3,2017-07-04,"Excel, Finance, Computer Vision",On Leave,74.8,5,59.0
EMP751,Divya Iyer,employee751@company.local,Operations,Project Manager,3.6,2017-12-01,Project Management,Busy,57.4,3,69.0
EMP3951,Divya Iyer,employee3951@company.local,Data Science,Project Manager,2.9,2016-11-07,"Django, Project Management, Finance",Busy,19.3,1,71.4
EMP2432,Sanjay Kumar,employee2432@company.local,Engineering,Business Analyst,4.4,2013-03-30,"Data Analysis, Project Management, Finance",Available,32.4,4,66.2
EMP2804,Vivek Verma,employee2804@company.local,Engineering,Data Scientist,6.4,2019-03-31,"React, Machine Learning, Finance, Deep Learning",Available,79.0,4,81.0
EMP3342,Rahul Das,employee3342@company.local,IT,Team Lead,6.5,2015-11-12,"SQL, Project Management, Data Analysis",Available,55.4,5,73.3
EMP2631,Divya Nair,employee2631@company.local,Finance,Developer,3.4,2017-04-09,"NLP, Data Analysis, SQL",Available,100.0,2,73.7
EMP2986,Kiran Patel,employee2986@company.local,Engineering,Senior Developer,2.5,2024-06-15,"Computer Vision, Finance, Data Analysis, React",Available,34.8,3,69.7
EMP622,Rahul Das,employee622@company.local,Marketing,Data Scientist,3.2,2012-03-10,"Finance, Project Management, Python",Available,21.2,3,51.3
EMP1755,Kavya Joshi,employee1755@company.local,IT,Team Lead,11.4,2017-04-18,Data Analysis,Busy,69.0,5,70.1
EMP1991,Divya Nair,employee1991@company.local,Operations,Analyst,9.0,2024-04-30,"Python, Excel",Available,29.6,3,82.6
EMP3960,Arun Singh,employee3960@company.local,IT,Data Scientist,8.0,2016-06-27,NLP,Busy,61.4,5,90.0
EMP1224,Vivek Singh,employee1224@company.local,Data Science,Developer,1.8,2022-03-13,Data Analysis,Unknown,42.1,3,68.4
EMP216,Aditya Singh,employee216@company.local,Data Science,Team Lead,8.0,2013-04-07,"React, Project Management",Busy,70.2,3,67.6
EMP4770,Amit Mishra,employee4770@company.local,Finance,Analyst,9.2,2021-07-31,"Data Analysis, Python",Available,100.0,3,67.9
EMP1330,Amit Mishra,employee1330@company.local,Data Science,Business Analyst,5.0,2015-02-15,"SQL, Computer Vision, NLP",Available,58.4,6,66.2
EMP161,Priya Reddy,employee161@company.local,HR,Business Analyst,16.5,2024-02-17,"Project Management, Deep Learning, Excel, Finance",Available,73.9,6,90.3
EMP3725,Anita Pillai,employee3725@company.local,HR,Developer,1.8,2019-11-26,"Data Analysis, NLP",Available,33.9,3,72.4
EMP203,Sneha Joshi,employee203@company.local,Data Science,Business Analyst,4.3,2020-07-08,"Project Management, Python",Busy,1.5,1,78.4
EMP2148,Rohit Verma,employee2148@company.local,Sales,Finance Analyst,0.8,2015-09-21,"Django, Data Analysis, NLP",Available,64.5,3,73.0
EMP3369,Meera Kapoor,employee3369@company.local,Sales,Team Lead,6.5,2020-10-03,Project Management,Available,41.8,3,69.4
EMP1455,Kavya Iyer,employee1455@company.local,Engineering,Project Manager,1.9,2016-11-15,Finance,Busy,39.1,1,79.1
EMP1065,Anita Kapoor,employee1065@company.local,Operations,Data Scientist,19.5,2013-12-15,"Excel, Computer Vision, Machine Learning, Data Analysis",Available,56.7,5,78.4
EMP4919,Isha Nair,employee4919@company.local,Data Science,Finance Analyst,13.9,2018-07-01,"Machine Learning, Data Analysis",Available,52.0,6,80.1
EMP1984,Vivek Kumar,employee1984@company.local,Sales,Senior Developer,2.4,2020-06-17,"Finance, NLP, Machine Learning, React",Available,40.4,4,72.9
EMP1144,Vivek Singh,employee1144@company.local,Engineering,Project Manager,2.6,2013-07-17,Django,Available,60.1,3,58.4
EMP1073,Pooja Reddy,employee1073@company.local,Engineering,Finance Analyst,6.7,2018-04-12,"Data Analysis, Project Management, Django",Busy,55.7,6,66.6
EMP2065,Anita Reddy,employee2065@company.local,Operations,Analyst,3.2,2013-11-19,Finance,Available,75.3,4,60.1
EMP3988,Rohit Verma,employee3988@company.local,Marketing,Team Lead,4.0,2022-08-06,"Finance, Django, Data Analysis, Python",Busy,37.5,1,59.7
EMP251,Divya Joshi,employee251@company.local,Sales,Project Manager,0.8,2018-07-02,SQL,Available,45.5,2,59.8
EMP2867,Neha Sharma,employee2867@company.local,Operations,Team Lead,8.7,2016-07-07,"React, Excel, Data Analysis",Available,92.9,6,68.5
EMP1879,Isha Nair,employee1879@company.local,HR,HR Executive,11.0,2024-11-22,"Data Analysis, Excel",Available,62.3,3,63.8
EMP4142,Rahul Das,employee4142@company.local,Data Science,Analyst,5.9,2013-04-24,Deep Learning,Available,43.0,2,73.5
EMP3270,Amit Thomas,employee3270@company.local,Operations,Business Analyst,1.9,2023-10-03,"Deep Learning, Data Analysis",Available,67.5,4,66.8
EMP1954,Nikhil Mishra,employee1954@company.local,HR,HR Executive,3.2,2013-11-12,NLP,Available,83.0,7,76.5
EMP1181,Priya Pillai,employee1181@company.local,Engineering,Finance Analyst,2.3,2016-07-10,"Machine Learning, Django, Project Management",Available,52.8,2,57.1
EMP4165,Anita Menon,employee4165@company.local,Operations,Finance Analyst,2.5,2014-03-18,"Excel, Computer Vision",Available,39.1,3,67.9
EMP3989,Meera Menon,employee3989@company.local,HR,Finance Analyst,4.4,2014-02-13,"React, Data Analysis, Project Management",Available,52.9,2,90.8
EMP3731,Divya Sharma,employee3731@company.local,IT,Analyst,5.6,2012-09-02,Computer Vision,Available,51.7,4,75.3
EMP2401,Priya Reddy,employee2401@company.local,HR,Team Lead,3.4,2012-03-13,"Deep Learning, Project Management, SQL",Busy,42.7,2,51.4
EMP2949,Meera Menon,employee2949@company.local,Operations,Business Analyst,4.8,2012-01-29,"Computer Vision, Data Analysis, NLP",Available,34.4,1,67.0
EMP4479,Isha Iyer,employee4479@company.local,Marketing,Senior Developer,5.3,2015-11-13,"Project Management, SQL",Busy,31.9,2,72.8
EMP448,Rohit Kumar,employee448@company.local,Data Science,Analyst,3.3,2021-05-05,Excel,Available,68.4,7,61.1
EMP2441,Priya Kapoor,employee2441@company.local,Engineering,Team Lead,7.2,2016-03-20,"React, Computer Vision, Deep Learning, Finance",Busy,41.9,2,81.0
EMP2823,Sneha Nair,employee2823@company.local,Marketing,Analyst,9.1,2015-05-27,Django,On Leave,87.2,6,68.7
EMP561,Priya Reddy,employee561@company.local,Marketing,Project Manager,2.8,2018-04-08,"SQL, Project Management",Available,33.7,0,67.6
EMP2640,Arun Kumar,employee2640@company.local,Sales,Developer,8.4,2021-06-04,"Django, NLP, Excel, Data Analysis",Available,55.7,2,70.8
EMP2293,Pooja Menon,employee2293@company.local,Finance,Analyst,3.6,2023-10-27,"Python, Project Management, Data Analysis, SQL",Busy,100.0,6,49.3
EMP1630,Amit Das,employee1630@company.local,Sales,Senior Developer,3.6,2019-06-28,"SQL, Project Management, Django",Available,60.8,5,55.5
EMP3683,Sneha Sharma,employee3683@company.local,Operations,Data Scientist,5.7,2025-03-08,React,Busy,35.2,1,65.6
EMP1108,Rohit Verma,employee1108@company.local,Engineering,Analyst,7.5,2013-06-24,"NLP, Django",Available,46.6,3,80.8
EMP2559,Isha Iyer,employee2559@company.local,Operations,Data Scientist,0.6,2012-12-02,SQL,Busy,77.0,4,58.0
EMP4025,Anita Kapoor,employee4025@company.local,Sales,Analyst,5.6,2018-05-06,"Django, Finance",Busy,0.0,1,72.5
EMP1878,Manoj Thomas,employee1878@company.local,Sales,Data Scientist,3.5,2014-12-03,"SQL, Data Analysis",Busy,50.4,3,68.0
EMP1115,Kavya Joshi,employee1115@company.local,Operations,Project Manager,2.0,2020-01-09,Finance,Available,52.5,4,63.6
EMP1986,Kiran Mishra,employee1986@company.local,Data Science,Team Lead,7.9,2013-09-28,"SQL, NLP, Finance",Available,72.3,3,79.3
EMP2555,Kavya Joshi,employee2555@company.local,Operations,Analyst,9.4,2016-06-18,"Excel, Python, Computer Vision",Available,72.2,5,64.3
EMP2626,Kiran Mishra,employee2626@company.local,Data Science,Data Scientist,14.8,2014-09-12,"Data Analysis, Python",Busy,64.1,4,80.6
EMP4785,Anita Reddy,employee4785@company.local,HR,HR Executive,6.6,2015-09-14,Data Analysis,Available,50.3,5,71.3
EMP3926,Kiran Thomas,employee3926@company.local,Data Science,Business Analyst,9.1,2024-07-03,"NLP, Python, Django",Available,61.6,3,89.2
EMP2864,Vivek Kumar,employee2864@company.local,Operations,Developer,1.1,2015-06-22,"Project Management, Deep Learning, Excel",Busy,74.9,5,74.2
EMP458,Manoj Patel,employee458@company.local,Operations,Analyst,6.6,2019-10-18,"Data Analysis, Machine Learning",Busy,94.9,7,82.0
EMP2025,Anita Kapoor,employee2025@company.local,Finance,Data Scientist,9.6,2015-09-21,"Excel, SQL, Finance",Available,84.4,6,69.9
EMP4541,Priya Pillai,employee4541@company.local,IT,Developer,3.2,2014-05-12,"SQL, Python, React, Machine Learning",Available,38.0,1,67.6
EMP123,Sneha Joshi,employee123@company.local,IT,HR Executive,3.6,2014-10-07,"SQL, Python",Available,100.0,5,54.4
EMP564,Vivek Verma,employee564@company.local,Operations,HR Executive,4.7,2020-04-23,SQL,Available,90.2,7,61.4
EMP3807,Neha Iyer,employee3807@company.local,Marketing,Data Scientist,17.7,2021-07-01,"SQL, Data Analysis, Project Management",On Leave,100.0,7,70.0
EMP3625,Anita Kapoor,employee3625@company.local,Operations,Business Analyst,14.6,2023-11-24,"Project Management, Deep Learning, Computer Vision, Python",Available,65.2,4,80.4
EMP2109,Meera Pillai,employee2109@company.local,Sales,Data Scientist,2.6,2018-05-04,Django,Available,84.6,6,69.2
EMP1170,Amit Mishra,employee1170@company.local,Finance,Project Manager,3.0,2020-12-25,NLP,Available,100.0,7,62.6
EMP4759,Isha Nair,employee4759@company.local,Engineering,Senior Developer,6.9,2022-04-25,"SQL, Python, React",Available,79.3,7,77.0
EMP2910,Amit Das,employee2910@company.local,IT,Business Analyst,6.4,2014-04-03,"React, Excel, Project Management",Available,58.2,2,67.1
EMP1369,Meera Kapoor,employee1369@company.local,Sales,Team Lead,15.2,2014-08-04,"Project Management, Python, Deep Learning, SQL",Busy,65.9,7,61.2
EMP3792,Sanjay Kumar,employee3792@company.local,Data Science,Developer,3.4,2016-08-31,"NLP, SQL, Project Management",Available,38.9,3,75.6
EMP3094,Nikhil Thomas,employee3094@company.local,Engineering,Data Scientist,10.7,2019-09-08,"Data Analysis, Django",Available,67.7,6,75.5
EMP1899,Isha Joshi,employee1899@company.local,Operations,Data Scientist,10.1,2025-09-07,Computer Vision,Busy,86.4,7,75.4
EMP457,Swati Kapoor,employee457@company.local,Marketing,Analyst,6.6,2017-06-27,"React, Deep Learning, SQL",Available,35.0,2,72.5
EMP2003,Sneha Sharma,employee2003@company.local,Engineering,Finance Analyst,7.9,2014-04-07,"Django, Machine Learning, Python, Excel",Available,61.7,4,68.3
EMP3722,Rahul Patel,employee3722@company.local,Finance,Project Manager,6.3,2020-06-09,"Excel, Project Management, Data Analysis, Computer Vision",Busy,68.8,5,66.9
EMP1418,Manoj Patel,employee1418@company.local,IT,Project Manager,14.7,2022-04-28,"Finance, React, Machine Learning, Django",Available,53.6,3,74.5
EMP1265,Anita Reddy,employee1265@company.local,Engineering,Data Scientist,7.9,2024-04-11,"Machine Learning, NLP, Python",On Leave,100.0,7,75.0
EMP1796,Aditya Verma,employee1796@company.local,Operations,Data Scientist,8.0,2024-02-12,"Excel, Deep Learning, NLP, Computer Vision",Busy,80.9,7,72.3
EMP2671,Divya Iyer,employee2671@company.local,Data Science,Business Analyst,7.5,2025-02-24,"Deep Learning, Django, React, Machine Learning",Available,34.7,1,74.6
EMP1324,Vivek Raj,employee1324@company.local,Operations,HR Executive,12.1,2016-08-09,"SQL, Python, React, Django",On Leave,60.3,4,63.6
EMP2159,Isha Iyer,employee2159@company.local,IT,Data Scientist,3.8,2013-10-18,"SQL, React",Busy,61.3,2,57.0
EMP1841,Priya Reddy,employee1841@company.local,IT,Data Scientist,7.9,2020-06-17,"SQL, Excel, Finance, Machine Learning",Available,90.6,5,77.3
EMP2192,Sanjay Kumar,employee2192@company.local,Sales,Project Manager,11.6,2021-03-27,"Deep Learning, Data Analysis",Busy,33.4,2,67.5
EMP1435,Kavya Joshi,employee1435@company.local,Engineering,HR Executive,7.8,2014-01-18,"Deep Learning, Project Management, Data Analysis",Available,60.0,4,73.8
EMP2541,Priya Pillai,employee2541@company.local,Operations,Finance Analyst,8.3,2018-12-27,"NLP, Python, Finance",Available,78.7,7,67.6
EMP4670,Amit Das,employee4670@company.local,Engineering,HR Executive,3.0,2017-01-18,"Finance, Django, SQL, Python",On Leave,20.2,2,69.4
EMP099,Isha Sharma,employee099@company.local,Data Science,Developer,8.0,2020-06-12,"Django, Project Management, Data Analysis, Finance",Available,8.5,2,78.1
EMP3175,Kavya Nair,employee3175@company.local,IT,Analyst,16.7,2014-12-22,"Finance, React",Unknown,34.5,4,82.9
EMP3128,Rohit Singh,employee3128@company.local,Operations,Developer,3.0,2012-03-09,Python,Available,49.2,2,56.6
EMP4368,Rohit Kumar,employee4368@company.local,Marketing,Developer,7.2,2013-07-02,"Excel, Data Analysis, Finance",Available,57.2,2,66.1
EMP2903,Sneha Nair,employee2903@company.local,Marketing,Developer,7.5,2012-07-17,"React, Machine Learning, SQL, Project Management",Unknown,100.0,4,79.0
EMP3472,Sanjay Kumar,employee3472@company.local,Operations,Project Manager,2.6,2013-02-05,NLP,Available,57.8,3,48.8
EMP3777,Swati Reddy,employee3777@company.local,Operations,Data Scientist,11.9,2025-08-04,"SQL, Computer Vision, Project Management, React",Available,61.5,4,68.5
EMP2527,Neha Iyer,employee2527@company.local,Operations,Senior Developer,1.5,2012-06-05,"Machine Learning, Data Analysis",Busy,7.8,0,73.6
EMP3791,Divya Iyer,employee3791@company.local,HR,Analyst,0.8,2023-03-16,"Python, Computer Vision, Excel, Deep Learning",Busy,19.2,1,69.4
EMP4697,Swati Kapoor,employee4697@company.local,Operations,Developer,5.2,2019-08-11,"Excel, NLP, Python, Django",Available,50.1,2,76.6
EMP256,Aditya Kumar,employee256@company.local,Operations,Analyst,4.8,2017-06-27,Machine Learning,Busy,47.5,2,71.1
EMP4350,Amit Das,employee4350@company.local,Engineering,HR Executive,9.3,2024-07-30,"Django, NLP",Available,42.0,1,70.1
EMP3148,Rohit Raj,employee3148@company.local,Finance,Business Analyst,0.9,2023-08-11,Finance,Available,77.3,4,49.2
EMP303,Sneha Iyer,employee303@company.local,Engineering,Business Analyst,3.3,2022-03-26,Deep Learning,Busy,54.5,2,67.0
EMP1870,Amit Das,employee1870@company.local,Operations,Developer,1.0,2021-03-26,"Django, Python, React",Available,51.3,5,68.3
EMP1828,Rohit Verma,employee1828@company.local,IT,Senior Developer,3.9,2014-02-24,"Project Management, Deep Learning, Finance, Computer Vision",Available,50.0,1,75.7
EMP685,Anita Pillai,employee685@company.local,HR,Senior Developer,6.5,2019-05-27,"NLP, Excel",Available,100.0,8,55.2
EMP3232,Sanjay Kumar,employee3232@company.local,Operations,Developer,7.7,2014-01-31,NLP,On Leave,28.3,0,73.7
EMP491,Divya Joshi,employee491@company.local,Finance,Analyst,3.7,2017-08-20,"Data Analysis, Computer Vision",Busy,66.7,4,69.4
EMP444,Vivek Raj,employee444@company.local,HR,HR Executive,3.1,2021-04-01,"Deep Learning, NLP, Python, Computer Vision",Busy,100.0,7,55.4
EMP1902,Rahul Das,employee1902@company.local,Finance,Data Scientist,5.4,2022-11-13,"Data Analysis, Machine Learning, Django",Busy,13.7,2,62.1
EMP866,Kiran Mishra,employee866@company.local,Engineering,Team Lead,8.8,2017-05-25,"Finance, React, Machine Learning",Busy,45.0,3,61.0
EMP3197,Swati Pillai,employee3197@company.local,Finance,Team Lead,8.9,2014-06-03,"Django, Finance",Available,63.8,6,52.4
EMP4284,Vivek Raj,employee4284@company.local,IT,Project Manager,13.9,2022-10-12,Python,Busy,55.4,3,76.8
EMP2593,Pooja Reddy,employee2593@company.local,Marketing,Senior Developer,13.3,2017-06-19,Excel,Busy,68.1,5,86.5
EMP3213,Pooja Pillai,employee3213@company.local,HR,Project Manager,5.0,2014-11-08,"React, Finance",Busy,41.9,1,73.9
EMP057,Swati Kapoor,employee057@company.local,HR,Data Scientist,9.6,2016-10-05,"Data Analysis, SQL, React",Available,74.8,5,70.7
EMP2134,Nikhil Thomas,employee2134@company.local,IT,Project Manager,12.1,2018-12-06,"Project Management, Finance, Data Analysis",Busy,94.0,7,63.7
EMP2332,Sanjay Raj,employee2332@company.local,Finance,Analyst,5.7,2016-10-13,"Deep Learning, Python",Available,62.4,5,76.0
EMP1262,Rahul Das,employee1262@company.local,Operations,Senior Developer,8.5,2018-05-04,"Data Analysis, Django",On Leave,55.7,3,83.0
EMP4621,Priya Pillai,employee4621@company.local,Operations,Analyst,5.1,2017-08-14,"Machine Learning, Finance",Available,70.6,5,65.0
EMP3436,Aditya Raj,employee3436@company.local,Data Science,Senior Developer,5.4,2020-03-31,"SQL, Machine Learning, Excel, Python",Available,24.5,1,76.6
EMP1180,Arun Raj,employee1180@company.local,Data Science,Developer,1.1,2025-01-04,NLP,Busy,100.0,4,67.9
EMP4342,Rahul Thomas,employee4342@company.local,Finance,Project Manager,6.3,2019-10-09,"NLP, Deep Learning, Machine Learning",Available,55.7,5,66.3
EMP1682,Rahul Mishra,employee1682@company.local,IT,Team Lead,11.3,2024-07-04,"Computer Vision, Deep Learning, Excel",Busy,98.1,8,68.7
EMP2339,Isha Sharma,employee2339@company.local,IT,Team Lead,0.9,2023-07-28,Computer Vision,On Leave,83.8,5,55.8
EMP3764,Vivek Verma,employee3764@company.local,Engineering,HR Executive,3.4,2016-07-26,"Deep Learning, Python, Computer Vision",Available,55.2,5,64.1
EMP2874,Nikhil Patel,employee2874@company.local,Finance,Finance Analyst,9.0,2014-12-30,"Finance, Django",Busy,44.9,2,62.0
EMP1694,Nikhil Das,employee1694@company.local,Engineering,Finance Analyst,10.8,2018-09-15,"Project Management, React, Machine Learning, Computer Vision",On Leave,100.0,8,73.0
EMP3242,Rahul Patel,employee3242@company.local,Engineering,Business Analyst,12.6,2013-02-17,Django,Available,87.3,4,74.3
EMP4859,Isha Joshi,employee4859@company.local,Finance,Team Lead,8.8,2015-12-16,"Project Management, NLP",Busy,81.9,6,78.3
EMP089,Meera Kapoor,employee089@company.local,HR,Team Lead,5.9,2012-07-11,"Finance, Machine Learning, Data Analysis",Available,69.7,5,68.6
EMP1354,Nikhil Patel,employee1354@company.local,Data Science,Data Scientist,7.5,2015-07-27,"Django, Data Analysis, NLP",Available,56.9,4,72.8
EMP1390,Amit Das,employee1390@company.local,Finance,Senior Developer,9.5,2015-04-22,"Finance, Excel",Available,66.6,5,77.9
EMP3828,Rohit Verma,employee3828@company.local,Operations,Project Manager,4.6,2014-05-11,React,Available,50.9,4,71.7
EMP4466,Kiran Mishra,employee4466@company.local,Engineering,Developer,6.8,2024-02-20,Excel,Available,46.8,2,61.1
EMP541,Priya Pillai,employee541@company.local,HR,Senior Developer,11.1,2015-02-20,"Computer Vision, Excel, Python",Busy,60.2,4,70.8
EMP4907,Neha Joshi,employee4907@company.local,HR,Senior Developer,8.9,2014-10-23,"Django, Finance, Data Analysis, SQL",Busy,8.1,0,84.4
EMP4218,Manoj Patel,employee4218@company.local,Marketing,Analyst,7.5,2020-06-03,"Computer Vision, Deep Learning, SQL",Available,79.5,6,67.9
EMP537,Swati Kapoor,employee537@company.local,HR,Analyst,1.0,2015-09-28,Data Analysis,Available,46.6,4,55.4
EMP094,Nikhil Das,employee094@company.local,Operations,Data Scientist,9.5,2016-05-11,"Django, Computer Vision",Available,51.2,4,83.0
EMP939,Isha Joshi,employee939@company.local,IT,Senior Developer,7.9,2019-01-12,"NLP, Python, Machine Learning, Computer Vision",Available,90.0,6,74.0
EMP4249,Meera Kapoor,employee4249@company.local,IT,Finance Analyst,8.1,2018-10-25,"NLP, Data Analysis, Excel",Available,55.6,5,58.6
EMP3626,Kiran Patel,employee3626@company.local,Sales,Data Scientist,8.2,2013-09-30,Deep Learning,Available,27.2,3,94.4
EMP4261,Priya Menon,employee4261@company.local,Engineering,HR Executive,13.3,2012-02-23,"NLP, Excel",Available,100.0,2,91.8
EMP2213,Pooja Menon,employee2213@company.local,HR,Analyst,3.5,2025-04-10,"NLP, Excel, Computer Vision, React",Busy,45.1,2,74.6
EMP3876,Aditya Verma,employee3876@company.local,Finance,Team Lead,1.8,2018-06-18,Project Management,Available,73.2,7,48.4
EMP4655,Kavya Iyer,employee4655@company.local,Marketing,Data Scientist,15.1,2016-11-30,Django,Busy,50.3,2,83.9
EMP1270,Amit Thomas,employee1270@company.local,Data Science,Data Scientist,5.6,2016-02-21,Computer Vision,On Leave,49.1,3,76.1
EMP901,Priya Menon,employee901@company.local,Finance,HR Executive,5.2,2023-12-14,"SQL, Project Management",Available,46.6,4,80.0
EMP1678,Manoj Das,employee1678@company.local,HR,Business Analyst,9.0,2023-02-23,"Finance, SQL, Django, Data Analysis",Available,71.7,5,70.9
EMP346,Kiran Patel,employee346@company.local,HR,HR Executive,5.9,2022-11-02,SQL,Available,23.6,2,72.9
EMP4239,Isha Iyer,employee4239@company.local,IT,Business Analyst,2.1,2025-07-11,"Computer Vision, Machine Learning",Available,60.0,3,61.4
EMP2352,Sanjay Kumar,employee2352@company.local,Engineering,Analyst,1.2,2014-02-08,"Data Analysis, Deep Learning, Project Management, Computer Vision",Available,80.4,6,49.3
EMP2324,Vivek Verma,employee2324@company.local,Engineering,Developer,7.1,2025-02-17,"SQL, Project Management",Available,98.9,9,81.2
EMP1847,Neha Nair,employee1847@company.local,IT,Data Scientist,3.8,2015-09-26,"Deep Learning, Data Analysis",Available,44.2,2,37.3
EMP2330,Amit Patel,employee2330@company.local,Engineering,Project Manager,7.2,2013-04-04,"Computer Vision, NLP, SQL, Finance",Available,21.7,3,79.8
EMP4726,Kiran Thomas,employee4726@company.local,Data Science,Project Manager,12.0,2018-11-26,NLP,Available,8.5,0,74.5
EMP2227,Neha Sharma,employee2227@company.local,Sales,Project Manager,2.4,2022-10-31,"React, Finance, Python, Computer Vision",Available,76.2,4,86.2
EMP1419,Isha Joshi,employee1419@company.local,Marketing,Senior Developer,3.9,2025-06-06,"Django, Project Management, SQL, NLP",Available,36.8,3,62.4
EMP3423,Sneha Iyer,employee3423@company.local,Finance,Senior Developer,13.5,2013-10-29,"SQL, Computer Vision, NLP",Available,51.4,4,74.2
EMP1780,Arun Verma,employee1780@company.local,Data Science,Data Scientist,10.8,2021-03-05,"Django, React, Project Management",Available,25.0,0,82.2
EMP816,Aditya Kumar,employee816@company.local,Engineering,Developer,8.5,2018-08-24,"Python, Project Management, Django, Deep Learning",Available,60.0,5,69.2
EMP2794,Nikhil Patel,employee2794@company.local,Operations,Analyst,4.7,2021-06-09,"Deep Learning, Computer Vision, Excel, React",Available,0.0,0,71.9
EMP733,Pooja Pillai,employee733@company.local,Finance,Finance Analyst,11.5,2017-09-09,"Data Analysis, Machine Learning, SQL, NLP",Available,32.8,2,70.3
EMP3575,Kavya Nair,employee3575@company.local,Data Science,Business Analyst,4.5,2014-12-26,"SQL, Project Management, Deep Learning",Available,68.1,2,68.7
EMP1428,Rohit Verma,employee1428@company.local,Sales,Developer,5.4,2024-06-15,"Project Management, Finance",Available,45.0,5,62.5
EMP1788,Rohit Raj,employee1788@company.local,Operations,Team Lead,1.9,2025-02-28,Excel,Available,72.1,7,51.6
EMP3751,Divya Nair,employee3751@company.local,Finance,Team Lead,5.4,2024-11-08,"Data Analysis, Project Management, Django",Available,28.0,2,61.0
EMP4383,Sneha Iyer,employee4383@company.local,Engineering,Finance Analyst,3.3,2020-11-03,"React, Python",Available,58.7,5,53.7
EMP3104,Vivek Kumar,employee3104@company.local,Data Science,Team Lead,7.6,2014-10-28,Deep Learning,Available,32.5,4,55.1
EMP3283,Sneha Sharma,employee3283@company.local,IT,Finance Analyst,1.8,2025-07-03,"Finance, React, Data Analysis, Deep Learning",Busy,30.6,0,70.9
EMP380,Arun Raj,employee380@company.local,Finance,Analyst,3.8,2021-05-08,"Computer Vision, Python, Deep Learning",On Leave,63.9,4,71.3
EMP651,Divya Joshi,employee651@company.local,Marketing,Team Lead,14.1,2016-12-22,"Computer Vision, Excel, Project Management",Available,32.5,2,69.8
EMP2603,Sneha Joshi,employee2603@company.local,HR,Analyst,4.3,2019-11-18,"Finance, NLP, Excel",Available,58.8,4,72.8
EMP2820,Arun Verma,employee2820@company.local,HR,Senior Developer,6.6,2014-12-26,"NLP, React, Machine Learning",Busy,66.3,4,78.3
EMP3558,Manoj Thomas,employee3558@company.local,Operations,Project Manager,8.7,2022-04-20,Finance,Available,31.0,2,81.6
EMP2881,Priya Reddy,employee2881@company.local,Engineering,Project Manager,13.4,2016-05-13,"Finance, NLP, Data Analysis, Machine Learning",Available,27.5,2,91.0
EMP2264,Vivek Singh,employee2264@company.local,Marketing,Senior Developer,9.4,2013-01-12,"Data Analysis, NLP, Project Management, Finance",Available,68.9,7,80.8
EMP4247,Neha Nair,employee4247@company.local,Engineering,Business Analyst,2.3,2012-12-15,"Project Management, SQL, Django, React",Available,52.3,2,72.8
EMP2614,Nikhil Thomas,employee2614@company.local,Engineering,Project Manager,11.9,2023-10-15,"Finance, Deep Learning, Excel",Available,63.9,5,77.8
EMP3748,Rohit Verma,employee3748@company.local,Sales,Developer,11.6,2014-04-09,"Finance, Data Analysis, Excel, Computer Vision",Available,43.3,2,79.7
EMP659,Isha Sharma,employee659@company.local,Sales,Team Lead,1.7,2022-01-23,"Computer Vision, NLP, Finance, Django",Available,43.0,4,80.0
EMP4200,Arun Singh,employee4200@company.local,Engineering,Team Lead,13.3,2016-01-03,"Machine Learning, React, Data Analysis, Excel",On Leave,67.3,5,73.8
EMP2775,Kavya Nair,employee2775@company.local,IT,Project Manager,13.3,2015-03-06,"Machine Learning, NLP, Python",Available,57.7,4,64.9
EMP1527,Neha Nair,employee1527@company.local,Data Science,Data Scientist,4.3,2017-04-17,"Django, Excel, Python",Available,2.6,0,76.9
EMP2355,Kavya Sharma,employee2355@company.local,Operations,Team Lead,6.1,2017-04-30,Python,On Leave,56.5,7,74.8
EMP377,Swati Kapoor,employee377@company.local,Marketing,Finance Analyst,5.6,2015-07-14,Django,Busy,73.5,5,79.4
EMP263,Sneha Nair,employee263@company.local,IT,Team Lead,6.5,2024-03-12,"Excel, Deep Learning",Busy,18.1,0,75.6
EMP2745,Anita Kapoor,employee2745@company.local,IT,HR Executive,9.8,2020-10-18,Data Analysis,Available,51.6,3,74.3
EMP065,Anita Reddy,employee065@company.local,Sales,Developer,3.0,2012-07-25,Machine Learning,Available,98.4,7,57.4
EMP2653,Pooja Pillai,employee2653@company.local,Finance,Analyst,4.2,2013-02-14,"Computer Vision, Django, NLP, Deep Learning",Available,60.4,3,49.5
EMP602,Rahul Patel,employee602@company.local,Operations,HR Executive,1.7,2017-06-17,"Django, Finance, Project Management",Available,50.0,6,49.6
EMP3075,Kavya Sharma,employee3075@company.local,Sales,Finance Analyst,8.2,2013-06-26,"NLP, Project Management, Excel, Data Analysis",Busy,27.5,2,67.8
EMP834,Nikhil Mishra,employee834@company.local,Data Science,Analyst,5.5,2012-11-21,Data Analysis,Available,36.4,3,59.5
EMP4096,Aditya Kumar,employee4096@company.local,Marketing,Project Manager,5.3,2019-08-30,"Django, Python, SQL, Computer Vision",Available,17.7,2,74.0
EMP4222,Rahul Das,employee4222@company.local,HR,Team Lead,5.8,2022-01-12,"Computer Vision, React, Python, NLP",Available,41.0,1,64.4
EMP3169,Meera Reddy,employee3169@company.local,HR,Developer,10.2,2021-12-11,"Computer Vision, React, Data Analysis",Available,53.1,2,75.1
EMP4115,Kavya Sharma,employee4115@company.local,Finance,Senior Developer,5.3,2021-04-22,"Finance, React",Available,72.4,5,45.7
EMP2492,Sanjay Raj,employee2492@company.local,Engineering,Finance Analyst,11.1,2014-10-05,Data Analysis,Available,61.2,3,79.7
EMP743,Sneha Nair,employee743@company.local,Operations,Developer,4.3,2012-09-30,"Data Analysis, React",Busy,55.7,6,64.7
EMP637,Swati Pillai,employee637@company.local,Operations,Finance Analyst,16.1,2017-10-05,Excel,Busy,54.5,3,80.0
EMP1659,Isha Joshi,employee1659@company.local,Data Science,Finance Analyst,1.7,2014-11-26,"Data Analysis, React, Machine Learning",Busy,31.6,1,56.3
EMP2465,Anita Reddy,employee2465@company.local,Data Science,HR Executive,5.5,2016-06-23,"Finance, Django",Available,35.4,4,78.0
EMP3322,Rahul Patel,employee3322@company.local,Marketing,Data Scientist,2.0,2020-03-18,Excel,Available,60.9,4,54.8
EMP3675,Kavya Joshi,employee3675@company.local,Marketing,Finance Analyst,14.6,2021-06-24,"Machine Learning, Excel, SQL, Python",Busy,69.9,4,68.5
EMP512,Sanjay Kumar,employee512@company.local,HR,HR Executive,8.6,2015-10-15,"React, Data Analysis, Machine Learning",Available,85.9,9,74.6
EMP4324,Vivek Verma,employee4324@company.local,HR,Project Manager,4.4,2019-05-03,React,Available,91.0,8,72.8
EMP3651,Divya Sharma,employee3651@company.local,IT,Data Scientist,2.9,2015-09-03,"Python, Django",Available,86.8,6,67.2
EMP4930,Amit Mishra,employee4930@company.local,Marketing,Business Analyst,4.6,2017-11-05,"Python, Data Analysis, Django",Available,37.5,2,66.0
EMP1818,Manoj Patel,employee1818@company.local,Sales,Analyst,4.7,2024-12-09,"Computer Vision, React, Excel",On Leave,98.3,6,69.2
EMP2686,Kiran Das,employee2686@company.local,Operations,Senior Developer,1.5,2025-03-20,"Excel, Django, Finance, Python",Available,65.4,5,60.3
EMP2609,Meera Reddy,employee2609@company.local,IT,HR Executive,1.6,2023-04-14,Python,Busy,40.3,2,54.2
EMP3782,Rahul Thomas,employee3782@company.local,IT,Team Lead,6.4,2025-08-30,Deep Learning,Available,54.1,2,58.3
EMP1509,Meera Menon,employee1509@company.local,Finance,Data Scientist,3.8,2016-06-19,"React, Computer Vision, Excel, Project Management",Busy,38.8,1,65.6
EMP185,Anita Kapoor,employee185@company.local,Data Science,Analyst,1.0,2023-07-02,"Data Analysis, Excel, SQL",Available,55.2,3,68.3
EMP909,Meera Pillai,employee909@company.local,IT,Senior Developer,2.5,2017-05-01,"Django, Machine Learning, Python",Available,22.7,3,65.5
EMP4363,Sneha Joshi,employee4363@company.local,Operations,Team Lead,3.7,2014-02-22,Excel,Unknown,54.2,2,69.2
EMP3641,Priya Kapoor,employee3641@company.local,Data Science,Senior Developer,6.2,2016-05-29,Deep Learning,Busy,95.6,8,65.3
EMP4002,Rahul Mishra,employee4002@company.local,Data Science,Business Analyst,13.5,2018-08-30,"Data Analysis, NLP",Busy,46.8,3,71.6
EMP1196,Aditya Raj,employee1196@company.local,Operations,Project Manager,3.3,2016-11-03,"Computer Vision, Project Management, NLP",Busy,85.2,4,62.1
EMP2694,Nikhil Thomas,employee2694@company.local,Marketing,Finance Analyst,7.8,2016-04-01,NLP,Available,56.2,5,77.4
EMP217,Swati Kapoor,employee217@company.local,Data Science,Project Manager,14.3,2013-03-06,"Excel, Data Analysis, Computer Vision, Django",Busy,33.9,4,77.4
EMP4335,Kavya Iyer,employee4335@company.local,Operations,Data Scientist,13.0,2018-03-18,"Project Management, React",Busy,85.0,5,80.9
EMP3834,Nikhil Patel,employee3834@company.local,Engineering,Data Scientist,5.6,2022-07-16,"Deep Learning, NLP, SQL, React",Available,48.4,5,69.0
EMP4225,Anita Reddy,employee4225@company.local,Data Science,Analyst,4.0,2018-10-19,"React, Deep Learning",Available,29.4,3,70.8
EMP2265,Anita Kapoor,employee2265@company.local,Data Science,Finance Analyst,2.0,2022-03-27,"Project Management, Python, Machine Learning",Available,13.7,1,56.0
EMP207,Neha Iyer,employee207@company.local,Engineering,Senior Developer,17.8,2019-06-29,"NLP, Finance",Available,53.6,5,95.2
EMP1128,Rohit Singh,employee1128@company.local,Sales,Data Scientist,8.3,2021-10-01,Django,Available,56.3,5,58.8
EMP3092,Sanjay Verma,employee3092@company.local,Finance,Project Manager,4.9,2012-08-20,Finance,Available,73.5,5,73.4
EMP114,Nikhil Mishra,employee114@company.local,Engineering,Analyst,5.6,2020-11-10,"Project Management, Excel, NLP",On Leave,64.3,4,99.0
EMP1286,Not specified,employee1286@company.local,HR,Senior Developer,9.4,2022-10-24,"Django, React, Python",Available,46.4,4,67.7
EMP012,Sanjay Raj,employee012@company.local,Sales,Team Lead,3.2,2016-10-21,"Computer Vision, Django, NLP, React",Unknown,53.3,3,48.9
EMP4244,Vivek Verma,employee4244@company.local,Sales,Analyst,12.6,2018-06-22,Excel,On Leave,12.1,0,73.5
EMP3978,Manoj Patel,employee3978@company.local,Engineering,Analyst,2.2,2020-08-15,"NLP, Computer Vision",Available,68.1,5,64.6
EMP2706,Kiran Mishra,employee2706@company.local,IT,Business Analyst,1.3,2015-04-16,Deep Learning,Available,32.5,1,78.1
EMP3224,Vivek Singh,employee3224@company.local,Finance,HR Executive,12.6,2017-09-03,"Finance, Project Management, Django",On Leave,97.2,5,63.1
EMP1926,Kiran Thomas,employee1926@company.local,HR,Senior Developer,3.7,2021-10-23,NLP,Available,77.9,9,66.7
EMP4853,Pooja Menon,employee4853@company.local,HR,HR Executive,2.1,2018-01-27,Project Management,On Leave,84.1,5,74.7
EMP2234,Nikhil Patel,employee2234@company.local,Sales,Finance Analyst,11.5,2017-02-23,"Python, Finance, Excel",Available,100.0,6,73.2
EMP1586,Kiran Mishra,employee1586@company.local,Engineering,Finance Analyst,2.3,2022-09-26,"Python, SQL",Available,41.6,4,68.8
EMP215,Kavya Nair,employee215@company.local,Engineering,Team Lead,12.7,2020-09-19,"Project Management, Django, Machine Learning",Available,59.8,4,88.2
EMP643,Sneha Sharma,employee643@company.local,Data Science,Analyst,5.9,2022-11-10,Project Management,Available,12.6,0,67.1
EMP059,Isha Joshi,employee059@company.local,Engineering,Business Analyst,9.5,2013-11-23,"Machine Learning, Excel",Available,50.0,4,63.0
EMP2710,Amit Thomas,employee2710@company.local,HR,HR Executive,9.8,2024-04-24,"NLP, Python, Django",Available,72.7,5,82.6
EMP4133,Pooja Menon,employee4133@company.local,Operations,HR Executive,10.6,2018-06-17,"Python, Finance, SQL, Excel",Available,41.0,1,66.8
EMP4693,Pooja Menon,employee4693@company.local,Operations,Analyst,10.3,2024-09-07,"Machine Learning, Excel, Project Management, Data Analysis",Available,57.5,3,95.7
EMP2125,Anita Pillai,employee2125@company.local,IT,Project Manager,7.4,2018-12-14,"Django, React, Deep Learning, Data Analysis",Available,42.9,1,74.9
EMP4435,Kavya Sharma,employee4435@company.local,Engineering,Project Manager,10.3,2015-05-03,"Project Management, Finance, Machine Learning",Available,95.3,7,75.2
EMP3617,Swati Reddy,employee3617@company.local,IT,HR Executive,1.4,2012-07-07,"Python, Machine Learning, React",Available,25.4,2,63.3
EMP3569,Meera Reddy,employee3569@company.local,IT,Team Lead,9.3,2023-10-21,"Computer Vision, NLP, React",Available,65.7,8,68.9
EMP539,Isha Joshi,employee539@company.local,Operations,Analyst,11.2,2013-05-16,"Excel, SQL, Python, React",Available,66.4,4,77.2
EMP142,Rahul Das,employee142@company.local,IT,Data Scientist,7.1,2015-03-14,"Machine Learning, Excel, Deep Learning",Available,24.8,1,73.4
EMP146,Kiran Mishra,employee146@company.local,Data Science,Data Scientist,5.6,2016-03-28,"Excel, React, SQL",Busy,50.4,2,84.2
EMP4600,Arun Singh,employee4600@company.local,Finance,Data Scientist,10.4,2017-09-24,"Data Analysis, Machine Learning",Available,42.2,2,83.1
EMP1539,Isha Sharma,employee1539@company.local,Finance,Data Scientist,5.6,2022-03-30,"Machine Learning, React, Data Analysis",Busy,59.4,5,83.7
EMP2405,Anita Menon,employee2405@company.local,Operations,Senior Developer,2.0,2022-01-22,"Excel, NLP, Machine Learning",Available,92.1,6,67.1
EMP4554,Nikhil Patel,employee4554@company.local,Marketing,Developer,12.3,2022-06-26,"NLP, React, SQL",Available,21.3,1,70.3
EMP1843,Not specified,employee1843@company.local,Finance,Developer,8.2,2016-12-27,"Django, Finance, Deep Learning",Busy,34.5,2,97.7
EMP716,Aditya Raj,employee716@company.local,HR,Senior Developer,4.0,2021-03-14,"SQL, Excel, Django",Available,55.7,3,65.7
EMP3945,Anita Kapoor,employee3945@company.local,Operations,Team Lead,14.1,2013-11-02,NLP,Busy,56.5,4,92.6
EMP3574,Nikhil Thomas,employee3574@company.local,Sales,Team Lead,13.5,2022-03-18,"NLP, Finance",Available,38.1,3,69.7
EMP3033,Pooja Kapoor,employee3033@company.local,Data Science,Finance Analyst,4.3,2013-08-13,Computer Vision,Available,64.7,3,54.6
EMP3158,Manoj Thomas,employee3158@company.local,HR,Data Scientist,3.3,2017-03-07,"Python, Computer Vision, Data Analysis, Django",Available,32.9,4,64.5
EMP1863,Sneha Nair,employee1863@company.local,IT,Developer,15.8,2016-10-13,"NLP, SQL, Finance, Django",Busy,37.8,2,87.0
EMP4302,Rahul Das,employee4302@company.local,Engineering,Project Manager,1.5,2018-01-29,"Computer Vision, React, Python",Available,27.3,1,72.6
EMP3319,Isha Nair,employee3319@company.local,Sales,HR Executive,8.2,2019-10-07,"SQL, NLP, Django",Busy,38.8,3,73.4
EMP2519,Isha Nair,employee2519@company.local,IT,Data Scientist,9.9,2014-06-29,"Python, Excel",Available,5.2,0,58.3
EMP823,Sneha Nair,employee823@company.local,Engineering,Project Manager,6.7,2025-01-29,"Computer Vision, NLP, Deep Learning",Available,68.5,3,88.8
EMP1485,Anita Pillai,employee1485@company.local,IT,Project Manager,2.7,2021-01-17,"Computer Vision, Data Analysis",Busy,36.6,4,64.9
EMP2548,Rohit Verma,employee2548@company.local,IT,Developer,4.9,2020-05-06,NLP,Available,24.3,2,64.9
EMP2926,Kiran Das,employee2926@company.local,Marketing,Data Scientist,3.7,2015-09-25,"Project Management, NLP, Deep Learning",Available,40.1,0,64.3
EMP1075,Kavya Sharma,employee1075@company.local,IT,Analyst,1.5,2013-04-23,"Finance, Excel",Available,8.7,1,69.4
EMP965,Anita Menon,employee965@company.local,Sales,Developer,2.8,2021-05-23,"Django, SQL",Available,40.8,5,67.7
EMP447,Neha Iyer,employee447@company.local,Operations,Project Manager,11.2,2012-05-24,"Machine Learning, Django, Python",Available,33.5,2,81.6
EMP4685,Anita Pillai,employee4685@company.local,Engineering,HR Executive,3.2,2014-07-27,Computer Vision,Available,33.4,2,65.7
EMP2296,Aditya Singh,employee2296@company.local,IT,Team Lead,15.5,2013-09-25,React,On Leave,49.6,2,71.6
EMP1112,Sanjay Singh,employee1112@company.local,Marketing,Senior Developer,2.9,2018-12-07,Deep Learning,Busy,42.3,4,69.6
EMP1713,Pooja Reddy,employee1713@company.local,HR,HR Executive,2.7,2020-02-23,"Excel, Data Analysis, Deep Learning, Computer Vision",Busy,86.5,7,43.9
EMP2017,Swati Reddy,employee2017@company.local,Data Science,HR Executive,8.0,2024-01-16,Data Analysis,On Leave,42.8,4,54.7
EMP1340,Arun Raj,employee1340@company.local,Data Science,Business Analyst,3.4,2013-02-22,"Django, Finance",Available,100.0,8,57.8
EMP4139,Isha Joshi,employee4139@company.local,HR,Developer,6.9,2019-04-17,"Deep Learning, React, Finance",Available,54.9,3,78.4
EMP3564,Vivek Raj,employee3564@company.local,Finance,HR Executive,5.6,2015-05-05,"Excel, NLP",Busy,73.2,6,69.4
EMP2298,Manoj Patel,employee2298@company.local,Operations,HR Executive,3.9,2017-01-02,"Computer Vision, Data Analysis",Available,84.0,5,70.3
EMP2041,Priya Kapoor,employee2041@company.local,Operations,Developer,4.0,2018-09-28,"Machine Learning, NLP, Excel",Available,37.1,3,76.3
EMP3096,Aditya Singh,employee3096@company.local,HR,Project Manager,8.5,2018-11-09,"SQL, NLP",On Leave,89.0,6,62.9
EMP844,Vivek Raj,employee844@company.local,Engineering,Business Analyst,7.0,2024-10-25,Machine Learning,Available,53.5,4,67.8
EMP3646,Kiran Das,employee3646@company.local,Marketing,Project Manager,7.7,2012-06-01,Deep Learning,Available,79.4,4,69.3
EMP2618,Manoj Patel,employee2618@company.local,HR,Business Analyst,3.9,2020-10-03,Excel,Available,60.3,2,64.5
EMP3621,Priya Menon,employee3621@company.local,HR,HR Executive,9.3,2025-06-03,"Excel, NLP",Busy,46.0,4,56.8
EMP962,Rahul Mishra,employee962@company.local,IT,Analyst,7.2,2015-08-28,"Machine Learning, SQL",Available,63.4,4,64.4
EMP321,Priya Reddy,employee321@company.local,Marketing,Analyst,5.7,2017-06-12,"Project Management, Machine Learning, SQL, NLP",Available,63.4,5,69.1
EMP2278,Manoj Thomas,employee2278@company.local,Sales,Project Manager,6.5,2014-08-23,"Finance, Machine Learning",Busy,49.4,4,54.4
EMP398,Manoj Das,employee398@company.local,Marketing,Team Lead,2.5,2020-01-04,"Deep Learning, React",On Leave,70.4,3,73.4
EMP4087,Neha Nair,employee4087@company.local,Marketing,Finance Analyst,14.0,2018-12-11,Machine Learning,Available,17.6,0,67.0
EMP4095,Kavya Iyer,employee4095@company.local,Engineering,Project Manager,4.7,2017-01-03,"React, NLP, Project Management, Django",Busy,57.8,3,69.1
EMP728,Rohit Singh,employee728@company.local,Operations,HR Executive,7.4,2015-06-13,"Finance, Excel",Available,100.0,6,72.6
EMP2175,Kavya Iyer,employee2175@company.local,Data Science,Senior Developer,1.7,2015-02-10,"Django, Project Management",Available,44.1,2,68.7
EMP761,Priya Kapoor,employee761@company.local,Marketing,Finance Analyst,2.6,2018-09-29,"Excel, Data Analysis, Deep Learning, React",On Leave,40.7,3,57.3
EMP626,Kiran Mishra,employee626@company.local,Operations,Finance Analyst,8.5,2012-03-22,"NLP, React, Data Analysis",Available,33.9,0,67.6
EMP283,Sneha Joshi,employee283@company.local,Engineering,Developer,1.8,2020-02-25,"Django, Machine Learning, SQL, Finance",Available,55.7,4,54.9
EMP1609,Meera Kapoor,employee1609@company.local,Engineering,Data Scientist,3.2,2022-05-27,"Data Analysis, Django",Available,80.4,6,69.4
EMP3153,Not specified,employee3153@company.local,Operations,Data Scientist,6.1,2013-11-26,Project Management,Available,56.8,3,73.8
EMP4105,Anita Kapoor,employee4105@company.local,Finance,Data Scientist,5.6,2017-07-04,"Excel, SQL, Finance",Available,0.0,0,82.3
EMP3363,Sneha Sharma,employee3363@company.local,Marketing,Data Scientist,11.0,2024-09-07,Finance,Available,15.2,1,81.2
EMP420,Arun Verma,employee420@company.local,HR,Business Analyst,9.9,2023-08-06,"Excel, Project Management, Data Analysis",Available,100.0,6,70.5
EMP421,Priya Menon,employee421@company.local,Engineering,Data Scientist,15.4,2022-08-06,"React, NLP",Available,51.4,4,72.2
EMP657,Swati Reddy,employee657@company.local,Sales,Data Scientist,8.8,2021-03-04,"Excel, NLP",Available,24.6,3,74.6
EMP2890,Amit Patel,employee2890@company.local,IT,Analyst,2.3,2014-12-05,"Django, Finance, Machine Learning, Excel",Available,40.1,1,59.6
EMP140,Arun Raj,employee140@company.local,Operations,Business Analyst,3.0,2012-09-22,Python,Available,60.1,4,62.5
EMP1817,Swati Kapoor,employee1817@company.local,Data Science,Developer,6.5,2025-02-22,"Django, Python, NLP, Finance",Busy,95.4,7,69.9
EMP4731,Divya Joshi,employee4731@company.local,HR,Project Manager,2.9,2013-05-19,"Machine Learning, Deep Learning",Available,27.6,1,66.1
EMP293,Pooja Menon,employee293@company.local,Sales,Senior Developer,6.4,2023-01-10,React,Available,60.1,5,72.8
EMP423,Sneha Nair,employee423@company.local,Finance,Team Lead,1.7,2021-10-14,Excel,Available,57.0,4,68.0
EMP229,Meera Menon,employee229@company.local,HR,Analyst,3.0,2013-10-13,Excel,Available,41.5,4,69.0
EMP3399,Isha Nair,employee3399@company.local,IT,Finance Analyst,3.0,2013-12-19,"Data Analysis, Computer Vision, NLP, Django",Busy,43.5,4,79.2
EMP1748,Rohit Verma,employee1748@company.local,Finance,Developer,10.7,2018-02-16,"Machine Learning, React, Python",Available,51.4,2,79.0
EMP3420,Arun Raj,employee3420@company.local,Operations,Team Lead,5.6,2015-02-10,"Finance, Computer Vision, Data Analysis, SQL",Busy,79.3,6,66.8
EMP3036,Aditya Raj,employee3036@company.local,Operations,Developer,9.6,2023-10-17,"Computer Vision, Machine Learning, Excel, Project Management",Available,45.9,1,62.2
EMP2398,Manoj Das,employee2398@company.local,HR,Finance Analyst,8.8,2021-08-14,"Computer Vision, Machine Learning, Django, NLP",Available,62.3,2,58.0
EMP3723,Sneha Joshi,employee3723@company.local,Marketing,Project Manager,8.5,2016-05-01,"Data Analysis, Deep Learning, NLP",Available,13.8,1,92.1
EMP3538,Manoj Mishra,employee3538@company.local,Finance,Business Analyst,6.6,2020-11-06,"Project Management, Excel, React, Deep Learning",Available,40.0,2,66.2
EMP998,Manoj Thomas,employee998@company.local,Data Science,Developer,12.2,2020-07-07,"Data Analysis, Machine Learning, Project Management, Excel",Available,60.6,6,84.9
EMP2713,Pooja Kapoor,employee2713@company.local,Sales,Project Manager,8.9,2025-08-06,"Data Analysis, Django",Busy,78.8,6,72.6
EMP1608,Rohit Singh,employee1608@company.local,Marketing,Analyst,5.5,2019-10-13,"Finance, Django, Excel, Machine Learning",Available,25.3,5,61.7
EMP1544,Vivek Singh,employee1544@company.local,Operations,Data Scientist,5.0,2021-12-30,"Computer Vision, Python, SQL, Deep Learning",Available,56.4,5,78.2
EMP1714,Nikhil Mishra,employee1714@company.local,Engineering,Senior Developer,7.7,2020-11-10,"Excel, Data Analysis",Available,59.5,4,63.6
EMP004,Vivek Verma,employee004@company.local,IT,Project Manager,3.3,2017-04-10,"Excel, Computer Vision",Busy,71.3,5,73.5
EMP1198,Manoj Das,employee1198@company.local,Data Science,Project Manager,4.8,2016-05-16,Computer Vision,Available,44.8,3,63.2
EMP4389,Meera Menon,employee4389@company.local,Operations,Finance Analyst,5.0,2013-11-02,Machine Learning,Busy,73.5,3,84.0
EMP1754,Nikhil Patel,employee1754@company.local,Sales,HR Executive,10.2,2015-09-19,NLP,Busy,55.7,4,70.7
EMP2359,Isha Nair,employee2359@company.local,Operations,Team Lead,2.9,2014-01-14,"SQL, Data Analysis, Django, NLP",On Leave,61.6,3,72.6
EMP3908,Rohit Verma,employee3908@company.local,Data Science,Finance Analyst,3.3,2025-03-15,Deep Learning,Available,65.5,5,74.5
EMP4040,Arun Singh,employee4040@company.local,Data Science,Analyst,1.9,2017-08-01,SQL,Available,63.6,6,61.4
EMP1594,Nikhil Patel,employee1594@company.local,Operations,Developer,5.9,2018-04-23,Machine Learning,Available,46.7,2,93.4
EMP1910,Amit Thomas,employee1910@company.local,Engineering,Developer,2.7,2013-06-25,Computer Vision,Busy,62.9,3,65.7
EMP1148,Rohit Raj,employee1148@company.local,IT,Analyst,8.3,2025-07-12,"Computer Vision, Deep Learning, Excel, NLP",Busy,100.0,2,81.9
EMP4555,Kavya Joshi,employee4555@company.local,Marketing,Project Manager,3.4,2019-03-01,"Django, NLP, Deep Learning, Computer Vision",Busy,71.0,4,72.0
EMP3888,Rohit Kumar,employee3888@company.local,Marketing,Project Manager,1.4,2016-01-01,"SQL, Finance, Project Management",Available,65.9,5,67.7
EMP3145,Anita Kapoor,employee3145@company.local,Operations,Data Scientist,8.6,2015-04-07,Project Management,Available,46.3,2,83.1
EMP3234,Nikhil Mishra,employee3234@company.local,Engineering,Analyst,15.4,2015-04-18,"Data Analysis, Computer Vision, React, Django",Busy,93.9,4,65.0
EMP1260,Arun Raj,employee1260@company.local,HR,Team Lead,14.5,2014-05-15,"Data Analysis, Machine Learning, SQL, Python",On Leave,47.9,3,69.4
EMP2574,Nikhil Das,employee2574@company.local,Engineering,HR Executive,8.2,2012-06-10,"Excel, NLP, SQL, Django",Busy,43.5,2,69.6
EMP3938,Manoj Mishra,employee3938@company.local,Engineering,Project Manager,3.0,2013-10-24,Django,Available,73.0,4,87.4
EMP4259,Isha Sharma,employee4259@company.local,Operations,Project Manager,7.1,2014-01-24,"Project Management, Computer Vision, Deep Learning",Available,49.9,3,60.4
EMP1126,Kiran Thomas,employee1126@company.local,Engineering,Finance Analyst,2.3,2013-05-01,React,Available,71.2,6,60.7
EMP4549,Meera Menon,employee4549@company.local,Marketing,HR Executive,2.5,2017-08-21,"React, Project Management, Computer Vision",Busy,44.9,4,72.3
EMP4290,Amit Mishra,employee4290@company.local,IT,Finance Analyst,7.2,2018-10-13,Django,Available,82.9,6,66.5
EMP191,Divya Iyer,employee191@company.local,Engineering,Team Lead,11.2,2022-08-01,"Machine Learning, Deep Learning",Available,88.0,5,73.2
EMP4305,Anita Reddy,employee4305@company.local,IT,Analyst,17.2,2016-08-30,"Python, Django, NLP",Busy,93.1,2,71.4
EMP1530,Amit Patel,employee1530@company.local,Sales,Senior Developer,3.9,2018-03-22,"Django, React",Busy,28.4,4,63.1
EMP4991,Divya Iyer,employee4991@company.local,Operations,Developer,1.0,2015-01-11,"Computer Vision, Deep Learning, NLP, SQL",Available,60.8,4,68.6
EMP1652,Sanjay Verma,employee1652@company.local,Sales,Senior Developer,10.5,2019-04-22,Excel,On Leave,31.5,5,64.5
EMP1474,Nikhil Mishra,employee1474@company.local,Engineering,Business Analyst,2.9,2019-02-13,"React, Django, Excel",Available,50.8,3,73.6
EMP4556,Aditya Raj,employee4556@company.local,Engineering,Finance Analyst,5.2,2015-08-15,"Finance, Computer Vision, Project Management, Python",Available,70.5,5,60.0
EMP141,Priya Pillai,employee141@company.local,Finance,Analyst,16.1,2015-07-29,"Project Management, Computer Vision, Machine Learning",Available,51.0,3,70.1
EMP2303,Sneha Iyer,employee2303@company.local,Finance,Project Manager,6.2,2012-05-27,"Finance, SQL, React",Available,58.6,2,78.4
EMP3079,Isha Nair,employee3079@company.local,IT,Developer,16.9,2016-07-26,"Project Management, NLP, Finance, Excel",Available,72.8,7,82.5
EMP4752,Sanjay Kumar,employee4752@company.local,Data Science,Data Scientist,4.4,2025-07-12,"Computer Vision, React",Available,53.8,2,58.7
EMP218,Manoj Patel,employee218@company.local,Sales,HR Executive,8.0,2012-11-25,"NLP, Excel, Finance, React",Available,50.0,3,65.5
EMP4868,Rohit Verma,employee4868@company.local,IT,Project Manager,5.7,2018-04-01,Deep Learning,Available,47.8,4,59.8
EMP3439,Isha Iyer,employee3439@company.local,Operations,HR Executive,6.9,2012-11-17,"SQL, Excel, Django",Busy,85.8,6,68.1
EMP354,Nikhil Mishra,employee354@company.local,IT,Team Lead,4.4,2017-04-09,"Finance, Machine Learning, Python",Available,66.0,2,69.9
EMP4124,Vivek Raj,employee4124@company.local,IT,Senior Developer,5.1,2019-01-15,"Python, React, Django",Available,64.8,2,55.9
EMP2945,Anita Reddy,employee2945@company.local,IT,Analyst,2.9,2014-09-15,"React, Machine Learning",Busy,52.0,5,64.9
EMP2201,Priya Kapoor,employee2201@company.local,Engineering,Finance Analyst,8.2,2014-02-13,"Finance, NLP, Project Management, Deep Learning",Busy,64.0,6,65.3
EMP3467,Neha Joshi,employee3467@company.local,Engineering,Senior Developer,0.2,2019-02-14,"Project Management, SQL, Machine Learning",Available,88.8,6,75.9
EMP2336,Aditya Kumar,employee2336@company.local,Finance,Finance Analyst,6.9,2018-05-29,Computer Vision,Available,53.9,4,81.1
EMP298,Manoj Patel,employee298@company.local,Engineering,Developer,5.6,2013-08-25,"Deep Learning, NLP, Computer Vision",Available,44.3,3,87.4
EMP2474,Nikhil Patel,employee2474@company.local,Marketing,Team Lead,5.8,2021-08-09,"Data Analysis, NLP, SQL",Available,77.8,4,78.3
EMP1672,Sanjay Singh,employee1672@company.local,Finance,Analyst,12.8,2023-02-18,"Django, NLP, Computer Vision",Busy,89.2,6,85.5
EMP1660,Arun Raj,employee1660@company.local,Data Science,Analyst,3.0,2014-04-09,Computer Vision,Busy,61.2,4,62.5
EMP2497,Swati Reddy,employee2497@company.local,Data Science,Senior Developer,0.6,2018-03-22,"React, SQL, NLP, Python",Available,48.2,4,84.2
EMP1058,Manoj Mishra,employee1058@company.local,Operations,Business Analyst,3.0,2025-02-21,"Project Management, NLP, Finance",Available,29.5,3,58.6
EMP432,Sanjay Kumar,employee432@company.local,Engineering,Data Scientist,5.9,2013-07-22,"Excel, NLP, Computer Vision",Available,47.5,1,70.8
EMP1377,Swati Reddy,employee1377@company.local,Finance,Project Manager,3.9,2020-01-01,Excel,Busy,42.8,4,56.0
EMP4007,Neha Nair,employee4007@company.local,IT,Developer,4.7,2014-06-05,"Python, Finance, Django",Available,88.0,6,75.9
EMP2369,Meera Reddy,employee2369@company.local,Finance,Finance Analyst,13.4,2022-06-04,"Deep Learning, Django, NLP, Machine Learning",Available,57.5,5,72.8
EMP4351,Divya Iyer,employee4351@company.local,Engineering,Senior Developer,4.0,2022-02-16,"Finance, Computer Vision, Data Analysis",Busy,30.9,3,62.9
EMP2754,Nikhil Mishra,employee2754@company.local,Engineering,HR Executive,20.6,2015-02-03,Computer Vision,On Leave,54.5,3,77.8
EMP595,Kavya Sharma,employee595@company.local,Engineering,Finance Analyst,3.9,2024-12-24,"Project Management, Python",Available,33.1,2,62.5
EMP070,Amit Thomas,employee070@company.local,Data Science,Developer,10.6,2020-09-22,"React, Django, Python",Available,54.0,2,84.1
EMP2594,Nikhil Mishra,employee2594@company.local,Engineering,Project Manager,1.8,2018-05-08,Excel,Available,57.7,1,56.0
EMP1956,Aditya Verma,employee1956@company.local,Data Science,Business Analyst,2.8,2024-10-20,"Excel, Data Analysis",Available,15.8,0,65.8
EMP608,Rohit Kumar,employee608@company.local,Data Science,Data Scientist,14.4,2016-10-05,Finance,Available,62.3,2,86.3
EMP4412,Sanjay Raj,employee4412@company.local,Marketing,Developer,4.2,2017-01-26,Data Analysis,Available,66.0,4,87.5
EMP3565,Anita Pillai,employee3565@company.local,Finance,Business Analyst,8.3,2023-05-26,"SQL, Machine Learning, Computer Vision",On Leave,32.6,1,74.8
EMP1768,Rohit Singh,employee1768@company.local,Engineering,Senior Developer,5.3,2015-03-22,"Python, Computer Vision, Excel",Busy,73.3,5,68.7
EMP4892,Sanjay Raj,employee4892@company.local,Engineering,Data Scientist,4.8,2018-01-05,"Deep Learning, Finance",Available,42.1,2,67.6
EMP3405,Anita Pillai,employee3405@company.local,Engineering,Analyst,6.3,2019-01-07,"Django, Finance, Deep Learning",Available,62.0,5,66.0
EMP068,Rohit Verma,employee068@company.local,IT,Analyst,3.1,2014-06-11,"Deep Learning, Data Analysis, Python",Available,63.5,6,58.7
EMP4407,Neha Nair,employee4407@company.local,Engineering,Business Analyst,0.2,2018-02-21,"Computer Vision, NLP",Available,50.2,3,65.6
EMP768,Rohit Kumar,employee768@company.local,Sales,Developer,4.1,2015-01-04,"Excel, SQL, Data Analysis",Available,20.7,0,51.0
EMP1501,Priya Pillai,employee1501@company.local,Data Science,HR Executive,1.1,2018-05-15,"Project Management, SQL",On Leave,44.6,1,62.4
EMP2907,Neha Joshi,employee2907@company.local,Engineering,Team Lead,4.0,2016-01-17,Django,Available,71.0,5,63.5
EMP520,Arun Singh,employee520@company.local,Engineering,Analyst,16.1,2019-11-15,NLP,Available,55.7,5,77.4
EMP2155,Kavya Joshi,employee2155@company.local,HR,Finance Analyst,4.9,2018-01-03,"Django, Python, Deep Learning, Data Analysis",Available,47.7,2,69.4
EMP074,Nikhil Patel,employee074@company.local,Sales,HR Executive,1.9,2014-01-07,Finance,Available,0.0,1,43.8
EMP4972,Sanjay Raj,employee4972@company.local,Data Science,Business Analyst,19.5,2012-03-15,"Excel, Data Analysis",Busy,88.9,5,89.6
EMP1475,Kavya Sharma,employee1475@company.local,Finance,Project Manager,10.1,2018-04-17,"NLP, Django, Deep Learning, Data Analysis",Available,69.5,3,70.6
EMP1305,Anita Kapoor,employee1305@company.local,Sales,Data Scientist,3.6,2019-10-16,"Django, Deep Learning, NLP",On Leave,46.7,2,62.0
EMP1447,Neha Nair,employee1447@company.local,Sales,Business Analyst,6.6,2014-07-08,"Computer Vision, Data Analysis",Available,23.1,0,78.9
EMP3860,Arun Verma,employee3860@company.local,Marketing,Senior Developer,11.1,2017-08-14,"Computer Vision, NLP, Excel",Busy,51.9,4,84.3
EMP268,Rohit Raj,employee268@company.local,Engineering,HR Executive,10.0,2015-03-01,"Data Analysis, Django",Unknown,58.1,5,90.6
EMP2521,Priya Kapoor,employee2521@company.local,Engineering,Senior Developer,4.5,2014-07-04,"Data Analysis, Deep Learning, Excel, Computer Vision",Available,47.6,5,60.3
EMP3204,Vivek Verma,employee3204@company.local,Operations,Developer,5.2,2015-02-13,Excel,Busy,7.6,0,82.0
EMP3892,Sanjay Verma,employee3892@company.local,Engineering,Analyst,10.8,2016-12-01,"Data Analysis, React",Available,59.2,3,73.8
EMP1374,Nikhil Das,employee1374@company.local,Finance,HR Executive,4.8,2018-02-16,"Machine Learning, Excel",Available,56.9,4,63.7
EMP1992,Sanjay Singh,employee1992@company.local,Engineering,Finance Analyst,5.1,2018-01-10,"Data Analysis, Deep Learning, Finance",Busy,42.2,1,69.4
EMP1429,Meera Menon,employee1429@company.local,Marketing,Data Scientist,2.4,2018-05-29,"Python, Excel, React",On Leave,42.1,2,47.9
EMP1988,Rohit Verma,employee1988@company.local,Engineering,Team Lead,6.0,2016-12-11,"SQL, Computer Vision",Available,54.4,4,68.2
EMP4614,Nikhil Thomas,employee4614@company.local,Marketing,Business Analyst,17.1,2023-08-17,"React, Project Management",Available,52.3,4,88.1
EMP1980,Arun Raj,employee1980@company.local,Engineering,HR Executive,5.6,2017-11-10,"Django, Computer Vision",Busy,40.9,2,81.3
EMP627,Neha Sharma,employee627@company.local,Data Science,HR Executive,10.9,2025-07-17,NLP,Available,51.1,2,65.5
EMP1567,Neha Iyer,employee1567@company.local,IT,Business Analyst,2.8,2019-03-13,Excel,Available,86.6,7,63.3
EMP3166,Kiran Das,employee3166@company.local,Data Science,Data Scientist,2.4,2012-10-25,Project Management,Available,26.1,0,56.9
EMP4015,Kavya Iyer,employee4015@company.local,Engineering,Senior Developer,16.8,2022-08-15,"SQL, Deep Learning, Excel, NLP",Available,84.6,6,74.9
EMP2616,Aditya Singh,employee2616@company.local,Engineering,Senior Developer,8.0,2019-04-17,"NLP, Deep Learning",Available,42.1,3,61.5
EMP151,Divya Nair,employee151@company.local,Sales,Analyst,6.3,2017-12-31,"Django, Project Management, React",Available,91.7,7,55.8
EMP1010,Amit Mishra,employee1010@company.local,Engineering,Developer,9.8,2016-04-21,NLP,Busy,17.5,1,75.8
EMP3253,Pooja Menon,employee3253@company.local,IT,Team Lead,1.5,2016-09-01,Data Analysis,Busy,57.3,5,74.6
EMP2156,Aditya Raj,employee2156@company.local,Engineering,Finance Analyst,5.6,2023-05-26,"Finance, NLP, Django",Available,71.8,5,78.0
EMP514,Nikhil Mishra,employee514@company.local,Data Science,Analyst,9.1,2013-05-05,"React, SQL",Busy,39.3,0,94.8
EMP017,Swati Reddy,employee017@company.local,IT,Analyst,1.1,2023-03-21,"React, Django, Computer Vision, Finance",Available,65.1,2,67.9
EMP1896,Aditya Singh,employee1896@company.local,Marketing,Project Manager,6.5,2019-02-22,"Deep Learning, Finance, Computer Vision, Machine Learning",Available,61.2,3,68.3
EMP4707,Neha Sharma,employee4707@company.local,Engineering,HR Executive,10.4,2019-02-02,"Finance, Excel, Machine Learning, Data Analysis",Available,64.6,5,61.6
EMP4619,Isha Joshi,employee4619@company.local,Engineering,Analyst,12.9,2012-04-23,Django,Available,29.4,1,80.9
EMP4521,Priya Kapoor,employee4521@company.local,IT,HR Executive,10.6,2024-12-17,"Python, SQL, Finance",Busy,61.4,3,67.7
EMP3142,Rahul Thomas,employee3142@company.local,IT,Team Lead,8.0,2021-02-05,Project Management,Available,59.3,6,83.4
EMP1235,Kavya Sharma,employee1235@company.local,IT,Team Lead,6.1,2017-05-20,Data Analysis,Available,95.4,9,60.1
EMP3461,Priya Menon,employee3461@company.local,Engineering,Project Manager,7.4,2015-11-19,"Finance, Data Analysis, SQL, Machine Learning",Available,38.7,2,69.4
EMP4415,Kavya Iyer,employee4415@company.local,Sales,Data Scientist,7.3,2013-08-25,"Django, Deep Learning, Computer Vision",Available,100.0,4,74.4
EMP3729,Meera Reddy,employee3729@company.local,IT,HR Executive,8.5,2018-10-16,Deep Learning,On Leave,56.8,4,64.2
EMP3710,Amit Das,employee3710@company.local,Finance,Senior Developer,9.7,2017-03-12,SQL,Available,41.5,4,71.4
EMP1945,Anita Kapoor,employee1945@company.local,Data Science,Business Analyst,9.9,2013-07-17,"Excel, NLP, Deep Learning, Computer Vision",Busy,54.0,3,78.4
EMP1761,Priya Reddy,employee1761@company.local,Data Science,Developer,6.5,2013-01-07,"Django, NLP, Project Management",Available,16.6,3,78.2
EMP4264,Vivek Singh,employee4264@company.local,Sales,Project Manager,16.5,2025-07-07,"Excel, Python, Machine Learning",Busy,82.1,5,79.6
EMP4529,Meera Reddy,employee4529@company.local,IT,Developer,14.3,2016-02-22,"Django, Python, Excel",Available,55.7,3,75.2
EMP774,Nikhil Thomas,employee774@company.local,HR,Team Lead,16.3,2023-07-29,"Machine Learning, SQL",Busy,53.3,2,74.4
EMP3727,Neha Iyer,employee3727@company.local,Data Science,HR Executive,1.9,2022-08-13,"Computer Vision, Finance, Excel",Available,42.0,3,49.2
EMP2680,Arun Singh,employee2680@company.local,Sales,Analyst,7.7,2024-02-19,Deep Learning,Available,56.8,3,68.2
EMP3582,Rahul Das,employee3582@company.local,Operations,Project Manager,2.1,2024-06-04,Finance,Busy,33.0,3,62.6
EMP2931,Divya Sharma,employee2931@company.local,Operations,HR Executive,5.6,2014-07-24,"Machine Learning, Deep Learning, Project Management, Finance",On Leave,53.0,4,79.1
EMP1318,Manoj Thomas,employee1318@company.local,Marketing,Analyst,6.0,2024-06-05,"React, Computer Vision, NLP",Busy,100.0,6,71.9
EMP3173,Pooja Menon,employee3173@company.local,Finance,Developer,2.1,2020-09-10,"NLP, Python, Computer Vision",Available,67.7,5,64.9
EMP1934,Nikhil Das,employee1934@company.local,HR,Analyst,6.0,2012-03-03,"Deep Learning, Data Analysis, React, Python",Available,77.5,4,58.7
EMP3670,Amit Thomas,employee3670@company.local,IT,Senior Developer,3.2,2015-11-11,Data Analysis,Available,16.2,2,55.5
EMP3934,Nikhil Das,employee3934@company.local,Finance,Developer,20.1,2015-08-15,"Django, Finance, SQL",Busy,35.3,4,87.0
EMP776,Aditya Singh,employee776@company.local,HR,Business Analyst,1.3,2016-03-27,"Computer Vision, Machine Learning, Finance",Busy,60.0,3,68.5
EMP2283,Sneha Joshi,employee2283@company.local,Marketing,HR Executive,15.7,2015-01-12,Django,Available,53.8,4,99.0
EMP3598,Manoj Das,employee3598@company.local,Sales,Analyst,0.5,2013-05-21,"React, Deep Learning",Busy,69.6,5,66.1
EMP3973,Pooja Menon,employee3973@company.local,Finance,Project Manager,1.3,2019-04-16,"Deep Learning, Project Management, Data Analysis, NLP",Available,50.2,3,80.7
EMP2647,Neha Nair,employee2647@company.local,Engineering,Senior Developer,4.1,2014-08-19,"React, Machine Learning, SQL",Busy,46.8,2,65.4
EMP663,Sneha Nair,employee663@company.local,HR,Analyst,3.7,2017-01-24,"NLP, Deep Learning, SQL",On Leave,93.7,7,70.6
EMP1990,Amit Thomas,employee1990@company.local,Engineering,Team Lead,13.2,2014-01-25,"Django, SQL, Machine Learning",Available,92.9,6,79.6
EMP032,Sanjay Kumar,employee032@company.local,Marketing,Senior Developer,4.7,2020-08-25,Finance,Busy,63.1,3,75.1
EMP2124,Vivek Raj,employee2124@company.local,Marketing,Finance Analyst,9.0,2021-02-05,"Computer Vision, Data Analysis",Busy,41.3,4,77.8
EMP3009,Meera Reddy,employee3009@company.local,Engineering,Project Manager,4.2,2014-02-21,"React, Machine Learning, Data Analysis, Excel",Available,43.0,3,46.7
EMP3366,Kiran Thomas,employee3366@company.local,Data Science,Analyst,3.8,2020-09-11,"Python, Machine Learning, Finance, Deep Learning",Available,84.5,8,79.0
EMP4401,Priya Reddy,employee4401@company.local,Operations,Finance Analyst,4.1,2023-09-19,"Django, Deep Learning, React, Data Analysis",Available,46.2,5,76.3
EMP2458,Manoj Patel,employee2458@company.local,Data Science,HR Executive,4.7,2014-04-03,SQL,Busy,58.2,5,75.0
EMP4362,Rahul Patel,employee4362@company.local,IT,Team Lead,6.3,2019-06-13,"SQL, Machine Learning",On Leave,30.6,2,77.4
EMP3135,Kavya Iyer,employee3135@company.local,Data Science,Team Lead,3.1,2018-05-19,"Finance, React, Deep Learning",Available,58.7,4,75.5
EMP351,Divya Iyer,employee351@company.local,Engineering,Developer,3.8,2014-11-15,Finance,Busy,27.2,3,53.8
EMP190,Amit Das,employee190@company.local,Data Science,Team Lead,1.6,2025-01-21,"SQL, Machine Learning, Python, React",Available,18.7,3,72.4
EMP4256,Aditya Kumar,employee4256@company.local,Marketing,Project Manager,7.9,2015-03-17,"Machine Learning, Deep Learning, SQL, Project Management",Available,23.3,1,74.6
EMP1228,Rohit Raj,employee1228@company.local,Engineering,Business Analyst,5.7,2015-11-01,"SQL, Project Management, Django",Busy,80.6,8,79.4
EMP3746,Kiran Mishra,employee3746@company.local,Data Science,Analyst,20.9,2022-11-21,"React, Finance, SQL",Available,52.2,4,99.0
EMP4367,Neha Iyer,employee4367@company.local,Sales,Senior Developer,3.8,2018-01-04,"Data Analysis, React, Computer Vision, Python",Available,100.0,6,69.5
EMP4205,Anita Pillai,employee4205@company.local,Finance,HR Executive,2.9,2016-02-29,SQL,Unknown,84.5,8,59.9
EMP4494,Nikhil Das,employee4494@company.local,Finance,HR Executive,4.5,2015-01-11,"Excel, Finance, NLP, React",Available,69.6,6,66.8
EMP2180,Arun Verma,employee2180@company.local,IT,Senior Developer,2.5,2017-05-04,"Deep Learning, React",Available,71.4,6,64.4
EMP3415,Kavya Nair,employee3415@company.local,Sales,Project Manager,12.0,2020-06-01,"Data Analysis, NLP",Busy,100.0,4,68.4
EMP2114,Nikhil Mishra,employee2114@company.local,Engineering,Team Lead,3.4,2017-09-17,"SQL, NLP, Finance",Available,87.1,7,50.8
EMP2723,Sneha Sharma,employee2723@company.local,Marketing,Business Analyst,6.2,2023-02-04,"Computer Vision, Data Analysis",Available,62.9,6,73.1
EMP1386,Kiran Patel,employee1386@company.local,Marketing,Project Manager,11.2,2025-09-03,Computer Vision,Available,62.5,4,70.6
EMP1249,Meera Reddy,employee1249@company.local,IT,Business Analyst,2.4,2023-03-20,"Python, NLP",Available,55.7,3,69.0
EMP693,Pooja Menon,employee693@company.local,Operations,HR Executive,4.2,2016-08-17,"Django, Python, React, Machine Learning",Available,100.0,2,79.1
EMP2449,Meera Reddy,employee2449@company.local,HR,Business Analyst,4.3,2024-09-21,"NLP, Python, Computer Vision",Available,36.3,2,68.5
EMP883,Sneha Sharma,employee883@company.local,Marketing,Business Analyst,1.8,2019-08-19,Machine Learning,Available,34.5,2,60.0
EMP1193,Pooja Kapoor,employee1193@company.local,Operations,Business Analyst,5.2,2021-12-04,"Project Management, Data Analysis",Available,20.5,1,64.5
EMP1767,Neha Nair,employee1767@company.local,Engineering,Developer,7.3,2016-12-28,"React, Python, NLP, Project Management",Available,50.4,4,70.3
EMP3956,Aditya Verma,employee3956@company.local,IT,Data Scientist,10.4,2014-04-21,"Data Analysis, NLP, SQL",Busy,51.1,4,64.5
EMP2454,Nikhil Thomas,employee2454@company.local,HR,Analyst,16.3,2025-08-24,Computer Vision,Available,74.8,5,90.8
EMP711,Divya Nair,employee711@company.local,Engineering,Team Lead,10.5,2015-06-01,"Django, React, Machine Learning",Available,61.9,4,70.3
EMP4403,Sneha Sharma,employee4403@company.local,Operations,Developer,9.5,2023-02-18,"Deep Learning, Finance, Data Analysis",Available,71.9,5,65.2
EMP1552,Not specified,employee1552@company.local,IT,Data Scientist,3.4,2022-11-03,SQL,Available,27.7,2,68.5
EMP1839,Isha Iyer,employee1839@company.local,Finance,Developer,3.2,2019-11-23,"Machine Learning, Finance, React",Busy,43.7,5,72.2
EMP4219,Isha Joshi,employee4219@company.local,Operations,Senior Developer,13.5,2020-03-05,"SQL, NLP, Machine Learning",Available,60.6,6,95.0
EMP120,Arun Singh,employee120@company.local,HR,Data Scientist,18.6,2015-05-27,"Computer Vision, React, Python",Available,48.6,6,80.6
EMP4235,Kavya Joshi,employee4235@company.local,IT,Finance Analyst,1.2,2019-03-02,"Finance, Deep Learning, Project Management, SQL",Available,40.3,2,49.0
EMP2258,Manoj Mishra,employee2258@company.local,IT,Data Scientist,10.3,2016-01-12,Data Analysis,Busy,74.8,7,65.5
EMP3887,Neha Iyer,employee3887@company.local,HR,Finance Analyst,3.1,2013-12-22,"Data Analysis, NLP, Finance",Available,23.6,2,64.4
EMP4711,Divya Nair,employee4711@company.local,Sales,Team Lead,4.4,2013-05-30,"NLP, Django",Available,16.4,3,80.4
EMP1066,Kiran Patel,employee1066@company.local,Marketing,Analyst,3.4,2012-09-13,"Finance, Project Management, Machine Learning, Python",Available,66.1,6,76.3
EMP4428,Rohit Raj,employee4428@company.local,Marketing,Senior Developer,5.8,2023-12-05,"React, Finance",Available,100.0,5,60.8
EMP2087,Neha Nair,employee2087@company.local,HR,Project Manager,5.7,2019-04-28,"Python, Computer Vision, Deep Learning",Busy,26.1,2,68.9
EMP3629,Meera Pillai,employee3629@company.local,Engineering,HR Executive,14.3,2022-06-20,"Computer Vision, Project Management",Available,58.3,5,78.3
EMP3251,Divya Sharma,employee3251@company.local,Engineering,Senior Developer,2.6,2015-02-08,"Project Management, Django",Busy,56.6,3,62.6
EMP669,Meera Pillai,employee669@company.local,Sales,Finance Analyst,9.5,2020-01-08,"NLP, Project Management",Available,55.7,1,78.2
EMP1632,Sanjay Kumar,employee1632@company.local,Data Science,Project Manager,4.6,2021-02-01,"Django, SQL, Data Analysis",Available,57.8,6,81.8
EMP3557,Swati Menon,employee3557@company.local,Data Science,HR Executive,6.1,2018-01-25,"Python, Deep Learning, Project Management, Data Analysis",Available,31.4,0,70.6
EMP3577,Swati Kapoor,employee3577@company.local,Finance,Senior Developer,5.9,2024-10-08,"Deep Learning, React, Python, Finance",Available,88.8,7,63.7
EMP3456,Aditya Kumar,employee3456@company.local,Marketing,Finance Analyst,1.7,2022-12-22,Computer Vision,Busy,60.3,3,66.0
EMP2923,Sneha Joshi,employee2923@company.local,Operations,Developer,9.5,2014-02-04,"Data Analysis, React, Excel",Busy,33.8,0,76.6
EMP2269,Meera Pillai,employee2269@company.local,Finance,Senior Developer,1.7,2017-10-08,"SQL, Computer Vision",Busy,25.2,1,70.1
EMP1506,Kiran Mishra,employee1506@company.local,Engineering,Developer,5.2,2025-07-16,"Data Analysis, Django",Available,2.1,0,76.5
EMP1033,Pooja Kapoor,employee1033@company.local,Engineering,Team Lead,5.9,2017-03-03,"React, Excel, Project Management",Available,31.6,3,74.9
EMP4209,Meera Reddy,employee4209@company.local,Operations,Senior Developer,6.3,2024-01-29,"React, Project Management, Finance",Available,16.7,0,65.4
EMP4221,Priya Pillai,employee4221@company.local,Operations,Developer,11.0,2018-11-29,"React, Finance, Machine Learning",Busy,34.4,1,57.5
EMP3260,Arun Raj,employee3260@company.local,Sales,Project Manager,10.7,2025-06-03,"Data Analysis, Machine Learning",Available,31.5,1,98.9
EMP1764,Vivek Verma,employee1764@company.local,Engineering,Team Lead,5.5,2024-11-09,"React, Python, SQL",On Leave,61.7,4,53.8
EMP1563,Sneha Joshi,employee1563@company.local,Engineering,Senior Developer,0.5,2017-06-12,"Computer Vision, Deep Learning",Busy,44.5,3,61.3
EMP4047,Neha Iyer,employee4047@company.local,Operations,Developer,4.1,2016-08-22,"Computer Vision, Django, React, Finance",Available,85.8,7,73.8
EMP385,Anita Reddy,employee385@company.local,IT,Project Manager,6.5,2025-06-06,"SQL, Machine Learning",Available,61.4,3,75.6
EMP2639,Isha Iyer,employee2639@company.local,IT,Data Scientist,3.0,2016-08-06,"Python, Deep Learning, Finance, NLP",Busy,29.1,1,57.9
EMP2944,Vivek Kumar,employee2944@company.local,IT,Developer,2.9,2022-02-13,"Python, React, Computer Vision",Available,62.1,6,80.0
EMP2536,Aditya Singh,employee2536@company.local,Finance,Finance Analyst,3.5,2017-12-13,"Python, Data Analysis",Available,15.1,1,57.1
EMP3881,Priya Kapoor,employee3881@company.local,IT,Business Analyst,4.1,2015-03-30,"Computer Vision, Python",Available,76.3,5,73.7
EMP2883,Sneha Sharma,employee2883@company.local,Engineering,Team Lead,7.5,2023-06-15,Deep Learning,Busy,67.3,6,74.9
EMP824,Vivek Singh,employee824@company.local,Operations,Team Lead,4.2,2024-08-28,React,Available,51.7,3,58.1
EMP3824,Vivek Kumar,employee3824@company.local,Engineering,HR Executive,19.0,2018-10-10,"Python, Computer Vision, Excel, NLP",Busy,48.6,3,93.0
EMP3500,Arun Raj,employee3500@company.local,IT,Finance Analyst,15.2,2013-10-31,"Django, Machine Learning, Computer Vision, NLP",Busy,79.2,4,76.8
EMP2784,Vivek Kumar,employee2784@company.local,Marketing,Team Lead,2.4,2015-02-14,Machine Learning,Available,100.0,8,57.1
EMP109,Meera Pillai,employee109@company.local,Finance,Finance Analyst,4.8,2019-05-31,"Computer Vision, Machine Learning, Python, Finance",Busy,46.2,3,82.3
EMP967,Neha Nair,employee967@company.local,HR,Team Lead,1.1,2013-10-04,"SQL, Project Management, Deep Learning",Available,80.9,6,70.5
EMP2537,Swati Kapoor,employee2537@company.local,Data Science,HR Executive,8.7,2019-02-27,"Machine Learning, Django, NLP",Available,59.1,1,59.8
EMP3200,Arun Kumar,employee3200@company.local,Engineering,Team Lead,18.5,2015-12-18,"Django, SQL, Project Management",Available,54.7,4,99.0
EMP499,Isha Sharma,employee499@company.local,Engineering,Senior Developer,7.6,2013-01-30,Excel,Available,71.0,6,54.2
EMP4861,Priya Pillai,employee4861@company.local,Finance,Developer,6.7,2012-12-18,"Django, NLP",Busy,71.2,4,65.5
EMP2740,Arun Verma,employee2740@company.local,HR,Team Lead,1.9,2017-04-25,"React, Data Analysis, Project Management",Busy,59.7,4,79.6
EMP212,Sanjay Verma,employee212@company.local,HR,Business Analyst,16.6,2022-11-30,"Deep Learning, Excel, NLP",Available,64.0,4,79.0
EMP3281,Priya Reddy,employee3281@company.local,Sales,Project Manager,1.7,2020-10-23,"Data Analysis, Deep Learning",Available,66.4,4,71.2
EMP4161,Priya Reddy,employee4161@company.local,HR,Senior Developer,7.0,2025-06-20,React,Available,83.3,4,66.0
EMP481,Priya Reddy,employee481@company.local,Data Science,Finance Analyst,4.3,2021-09-19,"Machine Learning, React, Excel, SQL",Available,19.6,0,68.5
EMP3141,Priya Menon,employee3141@company.local,Operations,Team Lead,2.4,2025-05-01,Data Analysis,Busy,67.8,5,61.5
EMP624,Vivek Kumar,employee624@company.local,IT,HR Executive,12.8,2017-10-26,"Computer Vision, NLP, Python, Excel",Available,88.1,5,78.3
EMP368,Rohit Kumar,employee368@company.local,Engineering,Analyst,1.7,2015-02-23,NLP,Available,51.6,4,64.9
EMP1084,Vivek Raj,employee1084@company.local,Engineering,Business Analyst,4.1,2023-03-08,"React, Excel, Machine Learning",Available,16.2,1,86.1
EMP2563,Sneha Sharma,employee2563@company.local,Operations,Team Lead,6.5,2024-08-13,SQL,Available,36.9,4,66.1
EMP043,Sneha Joshi,employee043@company.local,Data Science,Business Analyst,2.9,2018-06-10,"Excel, Deep Learning, Finance, React",On Leave,9.3,2,67.6
EMP917,Swati Menon,employee917@company.local,Engineering,Analyst,13.5,2014-04-01,"Python, NLP, Data Analysis, SQL",Busy,43.4,5,77.9
EMP413,Pooja Pillai,employee413@company.local,Sales,Developer,4.7,2013-02-07,"NLP, Deep Learning",Busy,23.6,1,73.3
EMP3403,Sneha Joshi,employee3403@company.local,HR,Team Lead,4.6,2014-07-24,"Excel, Machine Learning",Available,19.2,3,87.2
EMP2486,Kiran Thomas,employee2486@company.local,Data Science,Finance Analyst,11.7,2013-08-25,Data Analysis,Busy,95.1,7,72.0
EMP648,Rohit Singh,employee648@company.local,IT,Data Scientist,3.1,2018-06-06,"Computer Vision, Python, React",Available,68.4,6,69.4
EMP2901,Priya Menon,employee2901@company.local,Sales,Finance Analyst,2.8,2023-10-11,"Python, Finance, Computer Vision, Deep Learning",Available,81.1,4,71.7
EMP1292,Sanjay Raj,employee1292@company.local,Data Science,HR Executive,3.9,2021-06-29,"Machine Learning, NLP",Busy,9.1,2,73.2
EMP1042,Rahul Mishra,employee1042@company.local,HR,HR Executive,13.1,2014-08-27,"Python, Computer Vision",Available,88.4,5,61.6
EMP933,Pooja Menon,employee933@company.local,Data Science,Data Scientist,12.7,2018-11-25,Deep Learning,Available,60.1,4,63.2
EMP2601,Priya Kapoor,employee2601@company.local,IT,Analyst,6.2,2014-07-01,"Project Management, Excel",Available,56.7,4,70.6
EMP021,Priya Menon,employee021@company.local,HR,Developer,4.9,2012-06-12,"Python, Project Management, Machine Learning",Available,63.3,4,69.1
EMP3829,Meera Menon,employee3829@company.local,Data Science,HR Executive,4.9,2016-03-24,"SQL, Deep Learning, Machine Learning, Computer Vision",Busy,35.8,4,63.0
EMP3361,Priya Reddy,employee3361@company.local,IT,HR Executive,12.2,2014-07-22,"Finance, React, Computer Vision, Data Analysis",Available,56.3,2,77.0
EMP177,Swati Reddy,employee177@company.local,Marketing,Senior Developer,4.8,2020-03-24,"Data Analysis, Excel",Busy,62.9,4,69.9
EMP3856,Aditya Kumar,employee3856@company.local,IT,Project Manager,6.1,2022-03-18,"Finance, SQL, Project Management, Django",Busy,46.3,4,82.2
EMP4791,Divya Nair,employee4791@company.local,HR,HR Executive,1.4,2017-05-06,"Finance, Python, Data Analysis, Excel",Available,57.3,4,63.6
EMP1901,Priya Pillai,employee1901@company.local,Finance,Developer,6.3,2012-10-19,Django,Available,66.4,5,67.1
EMP124,Vivek Raj,employee124@company.local,Data Science,Project Manager,10.9,2016-01-29,"Computer Vision, SQL, Data Analysis",Available,25.6,3,86.5
EMP1378,Manoj Mishra,employee1378@company.local,Operations,Data Scientist,3.0,2022-01-31,Machine Learning,Available,47.9,3,52.1
EMP1898,Manoj Patel,employee1898@company.local,HR,Finance Analyst,4.9,2013-05-11,"Excel, Deep Learning, Computer Vision, NLP",Available,46.1,1,65.2
EMP362,Rahul Patel,employee362@company.local,Engineering,Team Lead,2.4,2023-06-04,"Computer Vision, Python",Available,83.4,6,55.6
EMP1677,Swati Pillai,employee1677@company.local,Data Science,Team Lead,0.8,2022-09-24,"Machine Learning, Django, Project Management, Finance",Available,64.3,4,67.9
EMP1341,Priya Pillai,employee1341@company.local,Data Science,HR Executive,7.8,2020-03-30,"Data Analysis, Finance, Python",Busy,100.0,4,84.3
EMP3875,Kavya Sharma,employee3875@company.local,IT,HR Executive,6.0,2013-05-25,"SQL, NLP",Busy,48.4,4,64.0
EMP4217,Swati Kapoor,employee4217@company.local,Engineering,Data Scientist,5.5,2015-01-08,Finance,Busy,44.5,3,72.3
EMP3859,Isha Sharma,employee3859@company.local,Sales,Developer,8.0,2019-01-25,Django,Available,54.7,2,63.2
EMP2729,Meera Kapoor,employee2729@company.local,Data Science,HR Executive,5.1,2016-09-08,"React, Finance",Busy,57.8,4,67.0
EMP4665,Anita Kapoor,employee4665@company.local,Engineering,Analyst,5.5,2022-09-13,"Machine Learning, NLP, Computer Vision, Excel",Available,14.6,0,59.6
EMP4977,Swati Reddy,employee4977@company.local,IT,Senior Developer,22.0,2020-05-31,Data Analysis,Available,53.3,2,85.7
EMP1783,Sneha Nair,employee1783@company.local,HR,Data Scientist,12.4,2013-01-04,"Computer Vision, Deep Learning, Machine Learning, Finance",On Leave,74.0,1,68.7
EMP2989,Meera Pillai,employee2989@company.local,Operations,Team Lead,2.9,2015-01-28,SQL,Available,50.8,2,72.7
EMP2291,Divya Sharma,employee2291@company.local,IT,Data Scientist,5.6,2023-04-14,"Finance, Excel, Computer Vision",Busy,61.4,3,71.8
EMP2126,Kiran Das,employee2126@company.local,Marketing,Senior Developer,8.2,2012-04-02,"Python, React, SQL",Available,69.4,5,71.0
EMP2762,Rahul Patel,employee2762@company.local,Marketing,Project Manager,7.9,2019-06-07,"Excel, React, NLP, Machine Learning",On Leave,97.6,6,61.3
EMP4248,Rohit Singh,employee4248@company.local,HR,Senior Developer,22.0,2013-12-17,"Excel,Finance,Computer Vision,NLP",Available,82.0,6,81.9
EMP4667,Neha Joshi,employee4667@company.local,Finance,Analyst,2.6,2014-11-05,"Data Analysis, Finance, SQL, Machine Learning",Busy,37.7,2,72.9
EMP4322,Rahul Mishra,employee4322@company.local,Finance,HR Executive,5.4,2013-01-26,"Machine Learning, Django, Data Analysis",Available,55.9,6,64.1
EMP1522,Rahul Mishra,employee1522@company.local,Engineering,Finance Analyst,2.4,2023-07-28,Excel,Available,21.9,3,72.9
EMP2666,Kiran Patel,employee2666@company.local,Data Science,Analyst,4.4,2025-04-02,Computer Vision,Available,84.6,6,60.4
EMP2777,Swati Kapoor,employee2777@company.local,Marketing,Developer,2.7,2019-07-29,Finance,Available,73.9,7,47.3
EMP3446,Kiran Thomas,employee3446@company.local,Engineering,Developer,1.1,2017-09-17,"Machine Learning, Deep Learning, Python",Busy,53.9,3,60.9
EMP1610,Amit Patel,employee1610@company.local,Operations,Analyst,1.5,2024-08-06,Django,Busy,62.7,3,71.1
EMP4803,Sneha Sharma,employee4803@company.local,HR,Team Lead,2.1,2016-10-24,"NLP, React",Busy,94.6,7,71.6
EMP4777,Swati Kapoor,employee4777@company.local,Finance,Project Manager,3.6,2022-08-31,SQL,Available,89.4,6,62.2
EMP1412,Sanjay Verma,employee1412@company.local,Marketing,HR Executive,3.8,2018-02-04,"Data Analysis, Computer Vision",Available,62.5,4,63.2
EMP3559,Isha Nair,employee3559@company.local,Engineering,Finance Analyst,1.8,2013-02-27,"SQL, Machine Learning, React, Deep Learning",Available,40.2,1,62.4
EMP2830,Amit Das,employee2830@company.local,IT,Finance Analyst,18.4,2022-02-17,"Project Management, NLP",Busy,56.5,2,93.3
EMP4517,Swati Menon,employee4517@company.local,Operations,Senior Developer,4.4,2014-09-17,"Computer Vision, Machine Learning",Available,21.7,3,83.1
EMP3161,Priya Kapoor,employee3161@company.local,IT,Finance Analyst,4.7,2018-11-19,Computer Vision,Available,71.1,3,70.5
EMP2371,Divya Sharma,employee2371@company.local,HR,HR Executive,3.3,2024-09-07,"Finance, Computer Vision",Available,34.7,2,54.6
EMP3233,Pooja Reddy,employee3233@company.local,Sales,Project Manager,2.9,2023-04-16,Python,Busy,27.3,1,66.1
EMP4873,Pooja Kapoor,employee4873@company.local,Marketing,HR Executive,7.8,2020-05-22,"Computer Vision, SQL, Data Analysis, Deep Learning",Busy,95.3,3,68.8
EMP288,Rohit Kumar,employee288@company.local,Sales,HR Executive,5.3,2018-06-08,NLP,Available,55.5,4,73.5
EMP4722,Rahul Mishra,employee4722@company.local,Engineering,Data Scientist,6.4,2013-02-20,SQL,Available,74.5,5,69.3
EMP3789,Meera Pillai,employee3789@company.local,IT,Developer,6.8,2014-02-02,"Django, Computer Vision, Finance",Available,63.1,4,66.2
EMP266,Kiran Patel,employee266@company.local,Data Science,Business Analyst,10.3,2025-05-03,Django,Busy,76.2,4,70.2
EMP1038,Manoj Das,employee1038@company.local,Engineering,Developer,3.3,2019-01-27,React,Available,62.4,4,64.6
EMP1125,Anita Menon,employee1125@company.local,Data Science,Data Scientist,11.7,2022-08-05,"Finance, Project Management",Available,25.7,3,76.1
EMP2987,Neha Joshi,employee2987@company.local,IT,Analyst,4.9,2015-09-10,"SQL, Python",Busy,51.0,4,85.6
EMP3659,Isha Joshi,employee3659@company.local,Finance,Analyst,11.4,2013-10-24,"Django, React",Available,22.8,2,83.1
EMP2289,Meera Reddy,employee2289@company.local,Operations,HR Executive,15.3,2018-02-11,"Finance, React, Data Analysis",Available,96.9,6,71.3
EMP4774,Nikhil Thomas,employee4774@company.local,Engineering,Data Scientist,7.8,2024-08-30,SQL,Available,100.0,6,65.6
EMP1348,Rohit Verma,employee1348@company.local,Engineering,Business Analyst,13.0,2022-12-04,Deep Learning,Available,14.5,2,80.1
EMP1644,Vivek Raj,employee1644@company.local,Engineering,Analyst,6.8,2019-11-02,"Django, NLP, Project Management, Python",On Leave,88.2,6,65.6
EMP4613,Pooja Menon,employee4613@company.local,Data Science,Business Analyst,3.1,2015-08-16,Finance,Busy,35.1,2,62.7
EMP3331,Divya Sharma,employee3331@company.local,Marketing,Data Scientist,4.2,2015-01-10,"SQL, Project Management",On Leave,66.5,3,83.9
EMP1423,Sneha Iyer,employee1423@company.local,Operations,Finance Analyst,5.1,2012-01-20,Deep Learning,Available,12.8,0,69.4
EMP2451,Divya Sharma,employee2451@company.local,Operations,Finance Analyst,2.7,2022-05-30,"SQL, Machine Learning, Django, Python",Available,55.5,5,65.4
EMP2334,Nikhil Das,employee2334@company.local,Sales,Data Scientist,10.3,2014-09-03,"React, Machine Learning, NLP",Available,0.0,0,84.8
EMP4903,Sneha Nair,employee4903@company.local,Data Science,Business Analyst,5.5,2012-07-27,"SQL, Computer Vision",Available,63.3,5,80.9
EMP903,Sneha Nair,employee903@company.local,IT,Project Manager,3.1,2021-12-19,"Deep Learning, SQL, Django, Computer Vision",Available,64.1,5,53.5
EMP748,Rohit Raj,employee748@company.local,Engineering,Team Lead,7.4,2024-08-05,"SQL, Project Management, Machine Learning",Available,33.7,1,72.7
EMP4841,Priya Kapoor,employee4841@company.local,Engineering,Team Lead,13.3,2017-12-09,"SQL, Finance",Available,86.1,6,67.1
EMP3025,Anita Reddy,employee3025@company.local,Engineering,Business Analyst,3.2,2016-03-21,Finance,Available,72.6,3,62.2
EMP2415,Kavya Iyer,employee2415@company.local,Marketing,Project Manager,5.4,2021-05-04,SQL,Available,2.1,0,72.8
EMP150,Amit Thomas,employee150@company.local,Data Science,Developer,6.2,2015-01-23,React,Busy,64.5,6,47.3
EMP4943,Sneha Iyer,employee4943@company.local,Data Science,Project Manager,0.9,2020-05-28,Python,Available,64.4,6,65.6
EMP4720,Arun Kumar,employee4720@company.local,HR,Developer,18.4,2022-12-25,Deep Learning,Available,55.2,3,89.7
EMP4764,Vivek Raj,employee4764@company.local,Sales,Team Lead,2.7,2014-09-30,"NLP, Excel, Django, Finance",Available,60.4,4,63.4
EMP2161,Priya Reddy,employee2161@company.local,HR,Business Analyst,2.7,2024-12-10,"NLP, Data Analysis, React, Computer Vision",Available,100.0,2,59.9
EMP3482,Rahul Patel,employee3482@company.local,Engineering,HR Executive,1.7,2014-10-17,"Project Management, Finance, Data Analysis",Available,61.2,6,61.7
EMP3440,Arun Kumar,employee3440@company.local,Sales,Business Analyst,9.7,2016-11-15,React,Available,48.2,3,87.6
EMP2747,Neha Joshi,employee2747@company.local,Operations,Business Analyst,5.2,2022-04-29,"Python, Machine Learning, React",Available,38.4,3,67.9
EMP4075,Kavya Joshi,employee4075@company.local,Engineering,Project Manager,10.2,2017-07-25,"Deep Learning, Excel, Django, Computer Vision",Busy,36.9,3,75.5
EMP620,Arun Raj,employee620@company.local,Engineering,Finance Analyst,7.9,2015-04-02,Deep Learning,Busy,61.0,4,65.5
EMP1298,Manoj Mishra,employee1298@company.local,Operations,Developer,9.0,2023-04-20,"Python, React",Available,58.4,3,79.1
EMP769,Meera Reddy,employee769@company.local,Engineering,Project Manager,10.2,2021-01-13,Computer Vision,Available,55.7,3,58.4
EMP3338,Not specified,employee3338@company.local,IT,Project Manager,4.5,2025-04-16,"NLP, Data Analysis, Finance",Busy,45.0,4,58.5
EMP2956,Aditya Raj,employee2956@company.local,Data Science,Data Scientist,3.9,2017-10-09,Computer Vision,Available,27.0,2,86.7
EMP1873,Pooja Reddy,employee1873@company.local,Engineering,Business Analyst,5.0,2024-12-28,"Finance, Python, Excel, Machine Learning",Available,32.9,2,81.8
EMP4364,Vivek Raj,employee4364@company.local,Finance,Team Lead,3.5,2014-06-19,"Django, React, NLP, Finance",Available,25.9,3,77.3
EMP245,Anita Menon,employee245@company.local,Engineering,HR Executive,12.4,2019-02-09,"Data Analysis, Computer Vision, Excel",Unknown,54.5,5,72.2
EMP041,Priya Kapoor,employee041@company.local,Operations,Analyst,5.6,2019-03-16,"Deep Learning, Python, Project Management, Finance",Available,76.1,5,71.5
EMP3760,Arun Kumar,employee3760@company.local,Engineering,Project Manager,5.5,2020-09-27,"Excel, Machine Learning",Busy,67.3,2,66.7
EMP2341,Priya Menon,employee2341@company.local,Engineering,Business Analyst,1.1,2020-12-27,"Deep Learning, Machine Learning, Django, React",Busy,72.6,4,66.0
EMP801,Priya Reddy,employee801@company.local,Operations,Project Manager,2.9,2025-08-19,"SQL, NLP, React, Django",Available,57.9,3,78.0
EMP1673,Pooja Kapoor,employee1673@company.local,Marketing,Team Lead,6.3,2021-01-18,"Project Management, Excel",Busy,63.7,2,88.0
EMP2113,Pooja Reddy,employee2113@company.local,Operations,Developer,1.6,2012-07-22,"Finance, NLP, Django",Available,58.0,4,61.9
EMP2978,Manoj Mishra,employee2978@company.local,Engineering,Project Manager,5.1,2022-09-14,"Excel, Python, React",Available,44.9,3,54.3
EMP4187,Neha Joshi,employee4187@company.local,Engineering,Project Manager,6.4,2018-04-27,"SQL, Project Management",Busy,72.8,6,74.5
EMP005,Anita Menon,employee005@company.local,IT,HR Executive,14.9,2019-12-05,Django,Busy,63.3,4,66.7
EMP2307,Neha Sharma,employee2307@company.local,Finance,Project Manager,3.6,2016-03-01,Finance,Busy,62.5,3,84.3
EMP2319,Isha Iyer,employee2319@company.local,Engineering,Team Lead,7.1,2015-11-30,"Computer Vision, Finance, Django, NLP",Available,22.1,3,81.5
EMP4684,Vivek Raj,employee4684@company.local,Operations,Data Scientist,4.2,2013-09-28,"Deep Learning, NLP, Computer Vision",Available,53.9,5,68.3
EMP4626,Kiran Mishra,employee4626@company.local,Engineering,Analyst,4.4,2023-06-15,"Django, Deep Learning, SQL, Python",Busy,64.9,4,64.5
EMP604,Vivek Raj,employee604@company.local,IT,Developer,4.5,2022-03-02,"Project Management, Django, SQL",Busy,58.1,3,89.1
EMP126,Kiran Das,employee126@company.local,Engineering,Data Scientist,8.5,2021-01-31,React,Available,55.1,4,79.9
EMP2952,Sanjay Singh,employee2952@company.local,Data Science,Analyst,7.2,2018-09-29,"Python, SQL, Deep Learning",Available,55.2,2,80.1
EMP2215,Kavya Nair,employee2215@company.local,Engineering,Finance Analyst,6.1,2017-11-17,"NLP, Machine Learning, Data Analysis, Deep Learning",Busy,78.3,6,69.3
EMP666,Kiran Patel,employee666@company.local,Engineering,Analyst,2.6,2021-08-25,"Project Management, SQL",Busy,49.2,2,68.6
EMP2996,Aditya Verma,employee2996@company.local,Sales,HR Executive,7.6,2013-08-23,"Project Management, Computer Vision",Available,65.3,6,76.1
EMP3292,Sanjay Raj,employee3292@company.local,HR,Developer,9.6,2022-04-12,"Machine Learning, Finance, Django, Python",Available,84.9,6,76.1
EMP4542,Rahul Das,employee4542@company.local,Data Science,Finance Analyst,4.9,2013-06-05,"Machine Learning, Python",Available,58.8,1,71.5
EMP777,Swati Kapoor,employee777@company.local,Operations,Data Scientist,19.0,2025-07-02,"Data Analysis, Finance, Python, SQL",Available,54.2,4,99.0
EMP2191,Divya Iyer,employee2191@company.local,Finance,HR Executive,3.6,2012-09-21,"Machine Learning, Excel, SQL",Available,26.6,1,58.6
EMP428,Rohit Raj,employee428@company.local,Engineering,Developer,3.8,2015-10-05,"Computer Vision, Excel, Data Analysis",Available,56.2,5,57.3
EMP1657,Swati Kapoor,employee1657@company.local,Engineering,Finance Analyst,4.2,2021-10-22,"NLP, Django",Available,52.0,4,73.4
EMP1202,Rahul Mishra,employee1202@company.local,IT,Developer,6.9,2012-11-04,Excel,Available,98.4,8,52.7
EMP4336,Aditya Kumar,employee4336@company.local,Engineering,Business Analyst,1.4,2012-08-16,"Django, Machine Learning",Busy,70.7,4,62.1
EMP701,Priya Pillai,employee701@company.local,IT,Senior Developer,4.7,2012-03-22,Python,Available,52.9,1,78.2
EMP4229,Meera Menon,employee4229@company.local,IT,Project Manager,1.5,2023-12-04,"NLP, Computer Vision, Machine Learning",Available,59.8,4,48.3
EMP2426,Kiran Patel,employee2426@company.local,Operations,Analyst,4.5,2020-08-30,"SQL, Project Management, Data Analysis, Python",Busy,21.8,2,70.6
EMP3952,Sanjay Kumar,employee3952@company.local,Engineering,HR Executive,8.6,2020-12-05,Python,Available,48.6,3,60.6
EMP464,Vivek Kumar,employee464@company.local,HR,Team Lead,5.3,2025-02-18,"Computer Vision, Python",Busy,60.5,4,53.8
EMP4746,Kiran Patel,employee4746@company.local,Engineering,HR Executive,16.4,2020-10-04,"Data Analysis, Computer Vision, Deep Learning, Python",Available,47.5,3,94.8
EMP3221,Priya Menon,employee3221@company.local,Finance,Developer,11.6,2022-12-28,"Excel, Project Management",Busy,58.1,4,64.4
EMP3080,Arun Singh,employee3080@company.local,Engineering,HR Executive,11.1,2012-11-07,"React, Deep Learning, Finance, SQL",Available,42.8,3,82.7
EMP3290,Amit Patel,employee3290@company.local,Engineering,Senior Developer,0.8,2014-09-14,"Deep Learning, Python, Excel, Finance",Available,55.7,3,69.4
EMP1697,Swati Reddy,employee1697@company.local,Sales,Project Manager,4.7,2024-12-16,"Deep Learning, React, Project Management, Machine Learning",Available,67.7,6,82.4
EMP4538,Manoj Patel,employee4538@company.local,Marketing,Project Manager,7.6,2022-09-04,Python,On Leave,100.0,7,80.1
EMP1905,Anita Reddy,employee1905@company.local,Finance,Business Analyst,3.6,2014-06-05,"Excel, Machine Learning, Deep Learning",Busy,75.9,5,59.4
EMP3010,Amit Mishra,employee3010@company.local,Data Science,Developer,11.5,2023-04-09,"Deep Learning, Data Analysis, Finance, SQL",Available,21.1,2,74.6
EMP1525,Anita Menon,employee1525@company.local,Operations,HR Executive,4.5,2020-02-29,"SQL, Excel",Busy,42.4,3,57.3
EMP3047,Neha Nair,employee3047@company.local,IT,Team Lead,10.0,2024-07-03,"NLP, Computer Vision, Data Analysis",Available,75.2,7,67.6
EMP2577,Swati Reddy,employee2577@company.local,Data Science,Data Scientist,3.5,2014-11-21,"Computer Vision, Python, Deep Learning",Available,69.4,5,65.2
EMP3310,Amit Das,employee3310@company.local,Sales,Developer,5.6,2015-02-07,"Excel, Finance",Available,54.8,6,57.5
EMP4135,Kavya Nair,employee4135@company.local,Engineering,Senior Developer,8.8,2025-01-22,"Django, Finance, Python, React",Available,32.6,1,71.0
EMP4345,Anita Kapoor,employee4345@company.local,Engineering,HR Executive,3.9,2021-09-17,"NLP, Deep Learning",Available,65.3,5,82.2
EMP4088,Rohit Singh,employee4088@company.local,IT,Project Manager,1.4,2015-02-23,"Excel, Python, NLP",Busy,52.4,2,75.3
EMP692,Sanjay Verma,employee692@company.local,Finance,Developer,8.9,2020-02-29,"Data Analysis, Deep Learning, Finance, Computer Vision",Available,64.5,5,69.4
EMP3730,Amit Mishra,employee3730@company.local,Data Science,Developer,4.6,2014-10-10,"Data Analysis, Python, Django",Busy,67.5,5,72.7
EMP1215,Kavya Iyer,employee1215@company.local,Engineering,Senior Developer,0.7,2024-04-25,"Machine Learning, Deep Learning",Available,77.9,7,70.1
EMP897,Swati Reddy,employee897@company.local,Sales,Business Analyst,10.5,2016-04-29,"React, Machine Learning",Available,55.4,5,80.4
EMP783,Sneha Iyer,employee783@company.local,Marketing,HR Executive,6.3,2014-09-09,"Excel, SQL, Project Management",Available,86.4,4,63.9
EMP4476,Aditya Raj,employee4476@company.local,Sales,Analyst,8.6,2012-01-07,"SQL, Data Analysis, NLP, Excel",Available,54.9,4,90.6
EMP765,Anita Pillai,employee765@company.local,Sales,Business Analyst,6.6,2015-04-07,"Finance, Deep Learning",Available,65.6,4,94.0
EMP1735,Kavya Nair,employee1735@company.local,IT,Project Manager,9.3,2018-10-02,SQL,Busy,69.6,5,79.4
EMP1860,Arun Verma,employee1860@company.local,IT,Project Manager,9.8,2017-07-07,"Finance, Python, SQL",Available,55.7,5,87.1
EMP2891,Divya Joshi,employee2891@company.local,HR,Business Analyst,7.5,2017-06-12,"Project Management, Computer Vision, NLP",Available,63.0,5,55.9
EMP3848,Rohit Singh,employee3848@company.local,Data Science,Finance Analyst,8.5,2021-05-18,Finance,On Leave,22.2,3,73.2
EMP1462,Rahul Thomas,employee1462@company.local,Engineering,HR Executive,4.8,2012-07-30,Computer Vision,Busy,65.0,3,58.0
EMP4897,Swati Reddy,employee4897@company.local,Operations,Business Analyst,6.1,2021-10-24,"Python, Project Management, Computer Vision",Available,44.6,5,79.1
EMP2738,Manoj Mishra,employee2738@company.local,Engineering,Team Lead,4.2,2018-09-04,"Deep Learning, SQL, Project Management",Available,39.3,3,72.6
EMP333,Pooja Pillai,employee333@company.local,IT,Business Analyst,3.0,2019-12-21,"Django, Finance, SQL",Busy,29.3,1,71.6
EMP2315,Kavya Joshi,employee2315@company.local,Sales,HR Executive,11.4,2025-01-08,"Deep Learning, Python, Django",Available,28.4,1,78.2
EMP2586,Kiran Patel,employee2586@company.local,Data Science,HR Executive,7.5,2020-08-13,"Python, Data Analysis",Busy,42.8,2,89.0
EMP044,Vivek Raj,employee044@company.local,Operations,Analyst,11.1,2025-04-29,Project Management,Unknown,78.9,3,63.0
EMP2675,Kavya Sharma,employee2675@company.local,Data Science,Data Scientist,4.7,2022-11-12,"Computer Vision, Deep Learning, Data Analysis",Available,69.7,5,57.1
EMP3110,Amit Thomas,employee3110@company.local,Data Science,Project Manager,2.9,2020-02-19,"Data Analysis, Deep Learning, Python",Busy,86.5,7,54.8
EMP3445,Anita Menon,employee3445@company.local,Engineering,Team Lead,8.8,2012-02-07,Deep Learning,Available,83.3,5,87.1
EMP2066,Kiran Mishra,employee2066@company.local,Data Science,Senior Developer,5.2,2014-07-28,"Computer Vision, NLP",Available,25.0,0,61.1
EMP4269,Meera Pillai,employee4269@company.local,Engineering,Business Analyst,5.6,2020-10-24,"Finance, React",Available,0.0,0,65.6
EMP228,Rohit Verma,employee228@company.local,Sales,Data Scientist,13.1,2016-04-04,"Computer Vision, Django, Python, Machine Learning",Busy,54.9,5,85.5
EMP4909,Meera Pillai,employee4909@company.local,Operations,Project Manager,1.5,2020-08-27,"Machine Learning, SQL, Data Analysis",Busy,67.1,5,65.6
EMP2211,Divya Sharma,employee2211@company.local,Marketing,Senior Developer,3.1,2017-05-31,React,Available,61.5,5,70.8
EMP3209,Meera Kapoor,employee3209@company.local,Engineering,Senior Developer,2.9,2015-02-02,"Computer Vision, Data Analysis",Available,62.4,2,67.8
EMP4320,Arun Kumar,employee4320@company.local,IT,Data Scientist,4.3,2025-01-11,Machine Learning,Available,97.7,6,68.9
EMP1927,Neha Nair,employee1927@company.local,Finance,Developer,8.6,2024-03-27,"Excel, React, SQL, Project Management",Available,65.1,4,62.3
EMP4333,Pooja Pillai,employee4333@company.local,Marketing,Business Analyst,19.2,2021-02-05,"Data Analysis, Django, Python, Finance",Busy,67.5,4,89.8
EMP1700,Arun Verma,employee1700@company.local,Operations,HR Executive,7.9,2016-01-29,"Data Analysis, Project Management",Available,46.9,3,61.4
EMP706,Kiran Mishra,employee706@company.local,Data Science,Business Analyst,5.9,2018-07-20,"Finance, Deep Learning",Busy,74.4,5,60.1
EMP144,Vivek Kumar,employee144@company.local,IT,Finance Analyst,5.9,2015-09-18,"NLP, Project Management",Busy,22.8,2,72.4
EMP3738,Manoj Patel,employee3738@company.local,Sales,Data Scientist,12.1,2017-08-03,"Computer Vision, Excel, Finance",Available,76.4,3,73.1
EMP4547,Neha Sharma,employee4547@company.local,Marketing,Team Lead,20.7,2014-10-22,"Django, Deep Learning",Available,75.2,7,89.2
EMP4594,Nikhil Mishra,employee4594@company.local,IT,Senior Developer,5.6,2018-02-26,"Data Analysis, Finance, Deep Learning",Busy,65.8,1,80.2
EMP820,Arun Verma,employee820@company.local,Sales,Finance Analyst,4.5,2013-11-01,"Django, NLP, Data Analysis, Computer Vision",Busy,21.2,1,55.3
EMP511,Divya Iyer,employee511@company.local,IT,Developer,2.2,2023-01-08,"Excel, Machine Learning",Busy,21.8,2,69.4
EMP2167,Neha Nair,employee2167@company.local,Engineering,Team Lead,5.8,2018-04-03,"Finance, React",Busy,100.0,4,62.7
EMP1949,Meera Pillai,employee1949@company.local,Marketing,Finance Analyst,2.1,2012-02-11,"Computer Vision, Finance, Excel",Available,62.8,4,69.4
EMP235,Kavya Joshi,employee235@company.local,HR,Finance Analyst,4.4,2022-11-21,"Data Analysis, SQL, React, NLP",Available,90.3,7,68.7
EMP2508,Rohit Raj,employee2508@company.local,IT,Finance Analyst,8.9,2012-04-07,NLP,Available,55.2,4,74.0
EMP1555,Kavya Sharma,employee1555@company.local,IT,Analyst,3.9,2014-07-06,"Django, Project Management, Data Analysis, NLP",On Leave,74.6,5,68.8
EMP629,Meera Menon,employee629@company.local,Sales,Project Manager,3.8,2020-05-30,Project Management,On Leave,37.4,4,66.9
EMP4605,Anita Pillai,employee4605@company.local,Marketing,Project Manager,8.2,2013-04-05,Project Management,Available,51.6,2,71.0
EMP4214,Nikhil Thomas,employee4214@company.local,IT,Senior Developer,10.7,2025-05-04,"Deep Learning, Finance, Data Analysis, Computer Vision",Available,35.2,2,74.6
EMP1663,Sneha Iyer,employee1663@company.local,HR,Senior Developer,3.0,2018-04-12,"Django, Data Analysis, Machine Learning, Project Management",Busy,35.7,3,77.8
EMP3035,Kavya Joshi,employee3035@company.local,Sales,Analyst,5.4,2025-08-18,"Deep Learning, React",Available,50.9,3,77.8
EMP3785,Anita Kapoor,employee3785@company.local,Marketing,Project Manager,5.1,2014-09-19,"Finance, NLP, Machine Learning",Available,59.0,5,76.8
EMP294,Nikhil Thomas,employee294@company.local,IT,Data Scientist,8.6,2013-01-31,Finance,Available,34.8,1,60.3
EMP1667,Neha Sharma,employee1667@company.local,IT,Senior Developer,5.4,2014-05-10,"Excel, Machine Learning, Python",Busy,37.7,0,61.5
EMP3144,Vivek Singh,employee3144@company.local,HR,Team Lead,3.9,2024-01-01,Project Management,Busy,47.5,3,62.7
EMP2636,Aditya Raj,employee2636@company.local,IT,HR Executive,3.1,2020-10-25,"Excel, Data Analysis, Machine Learning",Available,56.5,3,71.6
EMP4519,Isha Nair,employee4519@company.local,Marketing,Analyst,9.6,2016-04-15,"React, Machine Learning, NLP",Available,79.9,4,90.9
EMP1538,Manoj Mishra,employee1538@company.local,HR,Developer,6.3,2014-04-26,"NLP, Machine Learning, Python, Excel",Available,37.7,3,70.2
EMP2807,Neha Nair,employee2807@company.local,HR,Project Manager,3.7,2020-07-16,"Computer Vision, Deep Learning, Machine Learning",Available,51.8,2,67.3
EMP2075,Kavya Joshi,employee2075@company.local,Marketing,Senior Developer,6.5,2025-02-27,"NLP, Data Analysis, Computer Vision, Finance",Busy,91.1,4,65.6
EMP3872,Sanjay Kumar,employee3872@company.local,HR,Developer,6.8,2017-04-05,React,Busy,71.2,4,68.0
EMP3695,Kavya Iyer,employee3695@company.local,IT,Senior Developer,20.8,2020-11-04,"Data Analysis, React, Project Management, Computer Vision",Available,3.6,0,91.5
EMP315,Kavya Joshi,employee315@company.local,Marketing,Developer,9.5,2019-08-01,Deep Learning,Available,80.8,6,77.3
EMP175,Kavya Iyer,employee175@company.local,Sales,Developer,7.9,2018-06-03,"Deep Learning, React",Available,85.2,8,73.9
EMP1607,Neha Nair,employee1607@company.local,IT,Data Scientist,3.9,2024-03-03,"Machine Learning, Django",Busy,67.1,2,51.0
EMP1123,Sneha Sharma,employee1123@company.local,Sales,Data Scientist,0.8,2014-09-16,"SQL, React, Django",Available,100.0,6,58.9
EMP4414,Nikhil Das,employee4414@company.local,Operations,Finance Analyst,1.6,2012-11-04,"Excel, Finance, Project Management, Data Analysis",Busy,92.3,6,53.5
EMP2058,Manoj Patel,employee2058@company.local,Engineering,Developer,7.8,2012-02-19,"Django, Finance, Computer Vision",Available,85.1,5,78.6
EMP4365,Anita Pillai,employee4365@company.local,Marketing,Finance Analyst,4.5,2013-12-30,"Data Analysis, Machine Learning, Project Management",Available,76.1,5,58.1
EMP2568,Rohit Singh,employee2568@company.local,Engineering,Analyst,3.8,2016-08-22,"React, Python, Deep Learning",Available,21.5,1,79.3
EMP482,Rahul Mishra,employee482@company.local,IT,Project Manager,1.5,2017-05-24,"Project Management, Django, Excel, React",Available,60.7,4,50.9
EMP3993,Pooja Kapoor,employee3993@company.local,IT,Team Lead,9.5,2022-07-08,"Finance, Python, Machine Learning",Busy,37.5,3,84.9
EMP1633,Pooja Reddy,employee1633@company.local,Data Science,Senior Developer,12.3,2019-04-02,"SQL, Python",Busy,45.0,6,84.6
EMP2611,Divya Sharma,employee2611@company.local,Data Science,Business Analyst,4.5,2025-06-13,"SQL, React, Excel",Available,0.0,0,64.6
EMP2581,Priya Menon,employee2581@company.local,Operations,Developer,2.3,2018-05-24,"Excel, Deep Learning",Available,68.8,4,68.4
EMP1482,Rahul Patel,employee1482@company.local,Engineering,Data Scientist,8.4,2019-03-08,"NLP, Finance, Python",Available,51.8,3,77.1
EMP1845,Anita Menon,employee1845@company.local,Operations,Project Manager,0.8,2025-06-27,Finance,Available,59.0,4,64.6
EMP1056,Aditya Kumar,employee1056@company.local,IT,Project Manager,10.0,2020-02-20,Excel,Available,43.8,1,67.9
EMP2459,Isha Joshi,employee2459@company.local,Data Science,Business Analyst,1.7,2019-02-14,"Python, Computer Vision",Busy,100.0,6,56.7
EMP038,Manoj Thomas,employee038@company.local,IT,Developer,10.5,2024-03-19,"Machine Learning, Excel, SQL",Busy,81.4,8,74.6
EMP2749,Meera Pillai,employee2749@company.local,Finance,Team Lead,6.5,2018-11-12,"Deep Learning, Django",Available,52.3,3,55.1
EMP328,Rohit Singh,employee328@company.local,IT,Analyst,4.9,2017-01-27,Computer Vision,Busy,9.0,1,57.6
EMP3590,Amit Thomas,employee3590@company.local,Data Science,Analyst,2.9,2013-01-06,"Machine Learning, Data Analysis",Available,72.8,3,74.3
EMP2094,Nikhil Das,employee2094@company.local,HR,Senior Developer,4.6,2013-07-08,"Excel, Python, Django",Busy,52.6,3,52.8
EMP416,Aditya Kumar,employee416@company.local,Engineering,Data Scientist,6.5,2022-09-26,"Python, Excel, Deep Learning, Machine Learning",Available,52.8,3,56.5
EMP1071,Divya Iyer,employee1071@company.local,Engineering,Business Analyst,5.8,2022-03-01,Deep Learning,Available,37.6,3,74.3
EMP718,Manoj Das,employee718@company.local,Finance,Data Scientist,5.8,2024-05-18,Deep Learning,Available,100.0,5,69.9
EMP272,Sanjay Kumar,employee272@company.local,Sales,Data Scientist,5.2,2023-03-16,"SQL, NLP, Python",Available,86.7,5,74.3
EMP3457,Swati Reddy,employee3457@company.local,Data Science,Senior Developer,1.3,2013-10-27,"NLP, SQL, Computer Vision, Excel",Available,52.2,3,62.5
EMP4805,Anita Menon,employee4805@company.local,Operations,HR Executive,10.9,2021-05-02,"Finance, SQL, Python, React",Available,20.4,2,75.0
EMP3962,Rahul Patel,employee3962@company.local,Operations,Analyst,10.1,2014-03-21,"SQL, Python",Available,28.3,1,77.4
EMP2205,Anita Pillai,employee2205@company.local,Operations,Finance Analyst,3.3,2012-06-30,Deep Learning,Available,55.7,4,58.5
EMP1087,Neha Iyer,employee1087@company.local,Data Science,Analyst,3.4,2023-02-17,"Python, Computer Vision",Busy,44.9,3,71.9
EMP2760,Arun Singh,employee2760@company.local,IT,Developer,3.2,2021-12-01,Excel,Available,32.5,3,64.1
EMP3182,Rahul Das,employee3182@company.local,Engineering,Team Lead,1.5,2018-10-28,"Computer Vision, Finance",On Leave,77.0,8,36.4
EMP4690,Amit Mishra,employee4690@company.local,Operations,HR Executive,9.9,2021-10-21,"Python, Machine Learning, Django, Data Analysis",Available,64.2,4,75.9
EMP1409,Meera Reddy,employee1409@company.local,IT,Analyst,5.3,2019-12-27,"SQL, Finance, React",Busy,28.6,1,56.9
EMP3167,Neha Iyer,employee3167@company.local,HR,Business Analyst,4.0,2015-12-26,"React, Machine Learning",On Leave,13.9,0,79.7
EMP2097,Swati Reddy,employee2097@company.local,IT,Finance Analyst,5.0,2013-10-29,Deep Learning,Available,89.5,6,59.0
EMP4936,Aditya Singh,employee4936@company.local,Data Science,Analyst,7.6,2021-04-27,"Excel, Data Analysis",Available,64.0,3,59.7
EMP3061,Priya Menon,employee3061@company.local,Marketing,Data Scientist,1.2,2017-10-29,Project Management,Available,85.6,5,51.6
EMP1592,Sanjay Singh,employee1592@company.local,IT,Finance Analyst,4.2,2018-09-14,"Deep Learning, Project Management, Excel, Finance",Busy,26.2,1,69.4
EMP2919,Isha Nair,employee2919@company.local,IT,HR Executive,10.3,2014-12-28,"Excel, Project Management, Machine Learning",Available,43.0,2,68.7
EMP3372,Sanjay Raj,employee3372@company.local,Engineering,Project Manager,5.1,2024-10-25,NLP,Available,40.8,2,78.9
EMP1353,Pooja Kapoor,employee1353@company.local,IT,Developer,5.2,2021-11-06,"NLP, Deep Learning, SQL, Data Analysis",Busy,55.7,0,57.7
EMP4676,Aditya Verma,employee4676@company.local,Finance,Finance Analyst,4.8,2013-10-17,"Data Analysis, Excel, Python",Available,100.0,2,69.2
EMP3011,Divya Sharma,employee3011@company.local,IT,Business Analyst,8.8,2019-07-23,"Computer Vision, Python, Excel",Busy,37.8,0,66.1
EMP4708,Rohit Verma,employee4708@company.local,Operations,HR Executive,6.6,2022-10-24,"Python, Machine Learning, Data Analysis",Busy,27.2,3,67.1
EMP1332,Sanjay Verma,employee1332@company.local,Marketing,Business Analyst,2.7,2022-05-10,Python,Busy,28.5,3,66.0
EMP2691,Divya Sharma,employee2691@company.local,Engineering,HR Executive,4.9,2020-08-28,Finance,Available,55.7,4,77.9
EMP1186,Kiran Mishra,employee1186@company.local,IT,Team Lead,3.4,2022-11-30,"Data Analysis, Finance, Project Management",Available,78.7,5,58.6
EMP3736,Aditya Singh,employee3736@company.local,Data Science,Business Analyst,6.0,2016-06-06,"Machine Learning, Data Analysis",Available,23.2,0,72.5
EMP3391,Divya Iyer,employee3391@company.local,Engineering,Analyst,10.2,2022-10-28,"Excel, Django",Available,47.0,3,61.0
EMP2378,Manoj Patel,employee2378@company.local,Operations,Developer,12.7,2015-12-14,"Machine Learning, Excel, Project Management",Busy,83.1,5,68.3
EMP2887,Neha Nair,employee2887@company.local,Marketing,Senior Developer,16.9,2019-06-22,Computer Vision,Available,33.4,2,99.0
EMP4234,Nikhil Patel,employee4234@company.local,Finance,Finance Analyst,14.8,2013-09-06,"Finance, Django",Available,35.3,1,72.2
EMP4925,Anita Pillai,employee4925@company.local,IT,HR Executive,6.6,2023-01-10,"React, Django, Deep Learning",Busy,57.8,3,82.1
EMP504,Vivek Singh,employee504@company.local,Data Science,HR Executive,4.6,2014-04-01,"Django, Computer Vision",Available,92.3,6,74.8
EMP1891,Divya Sharma,employee1891@company.local,Operations,Analyst,7.6,2013-04-21,"NLP, Computer Vision",Busy,60.3,6,74.0
EMP4178,Manoj Mishra,employee4178@company.local,Engineering,Finance Analyst,5.3,2012-02-09,"Deep Learning, Finance, Data Analysis, Python",Available,96.3,6,64.0
EMP1083,Sneha Joshi,employee1083@company.local,HR,HR Executive,4.9,2021-01-08,"SQL, Machine Learning, Django",Available,76.1,5,77.9
EMP086,Kiran Thomas,employee086@company.local,Finance,Team Lead,3.5,2014-05-30,"Data Analysis, Excel, Deep Learning",Available,31.5,2,74.0
EMP3095,Kavya Nair,employee3095@company.local,HR,Data Scientist,4.4,2015-01-17,"Data Analysis, Excel",Available,56.7,4,69.4
EMP3713,Pooja Reddy,employee3713@company.local,Finance,HR Executive,10.4,2012-08-12,"SQL, Finance, Machine Learning, Data Analysis",Available,55.3,3,67.7
EMP3586,Kiran Mishra,employee3586@company.local,HR,Team Lead,1.8,2013-11-09,"Project Management, React",Available,83.0,7,66.5
EMP1323,Sneha Joshi,employee1323@company.local,Engineering,Project Manager,20.2,2019-05-28,"Machine Learning, Data Analysis",Available,75.7,5,89.5
EMP878,Manoj Das,employee878@company.local,Operations,Developer,5.4,2015-07-08,"Finance, Project Management, NLP, Django",Busy,86.9,5,69.4
EMP174,Nikhil Das,employee174@company.local,Sales,Developer,10.2,2019-01-10,"Finance, Excel, Data Analysis, Project Management",Available,80.5,4,65.4
EMP4839,Isha Nair,employee4839@company.local,Marketing,HR Executive,11.9,2015-10-12,"Computer Vision, Data Analysis, Machine Learning, Finance",Available,35.2,3,81.1
EMP3276,Aditya Raj,employee3276@company.local,Finance,Developer,3.5,2022-04-15,"Django, Excel, Finance",Busy,35.2,2,67.3
EMP4390,Amit Thomas,employee4390@company.local,Data Science,Data Scientist,22.0,2020-10-26,Excel,Busy,54.9,4,95.4
EMP4237,Swati Pillai,employee4237@company.local,Operations,HR Executive,7.2,2014-12-24,"SQL, Project Management, Django",Busy,46.4,4,95.0
EMP1089,Meera Reddy,employee1089@company.local,Engineering,Analyst,17.6,2025-02-06,"Excel, Computer Vision, Python",Busy,61.6,6,90.1
EMP1698,Manoj Mishra,employee1698@company.local,HR,Business Analyst,5.0,2015-05-12,"Machine Learning, Python",Available,78.6,7,61.5
EMP2381,Priya Pillai,employee2381@company.local,Sales,Developer,5.6,2024-10-17,"Machine Learning, Python, Data Analysis",Available,67.1,4,77.3
EMP4462,Rahul Das,employee4462@company.local,Marketing,Senior Developer,4.5,2023-06-28,"Computer Vision, Excel, Data Analysis, Django",Available,58.1,3,63.6
EMP2866,Kiran Mishra,employee2866@company.local,IT,Analyst,4.5,2021-08-10,"NLP, Computer Vision",Available,65.9,4,81.8
EMP4228,Rohit Verma,employee4228@company.local,Engineering,Business Analyst,4.9,2023-10-12,"Excel, Machine Learning",Available,65.2,3,75.6
EMP1512,Sanjay Singh,employee1512@company.local,Sales,HR Executive,10.0,2022-04-30,"Data Analysis, Machine Learning",Available,38.9,1,61.8
EMP3991,Divya Nair,employee3991@company.local,Engineering,Project Manager,2.9,2013-04-26,Excel,Busy,0.0,0,69.1
EMP247,Neha Nair,employee247@company.local,HR,Finance Analyst,7.3,2018-01-07,"Deep Learning, NLP, Finance",Available,43.7,3,68.6
EMP3490,Amit Mishra,employee3490@company.local,Engineering,Business Analyst,10.8,2014-11-14,"Excel, Computer Vision, Project Management, Finance",Busy,52.8,4,85.1
EMP2928,Rohit Kumar,employee2928@company.local,IT,Analyst,8.7,2024-04-02,Django,Available,75.9,6,87.7
EMP4116,Aditya Verma,employee4116@company.local,Operations,Senior Developer,3.4,2021-12-21,"SQL, Finance, Python, React",Busy,79.0,4,59.5
EMP4332,Sanjay Raj,employee4332@company.local,IT,Project Manager,8.0,2012-02-01,"Project Management, Django, Computer Vision",Available,19.0,2,90.2
EMP3832,Sanjay Singh,employee3832@company.local,Finance,Finance Analyst,1.8,2021-07-31,"Python, Data Analysis, Finance, Django",Available,65.6,3,77.5
EMP383,Sneha Iyer,employee383@company.local,IT,Developer,3.6,2020-12-25,React,Available,75.1,5,61.9
EMP4580,Arun Verma,employee4580@company.local,Data Science,Finance Analyst,4.3,2025-06-16,"NLP, Excel",Available,63.6,7,63.7
EMP292,Sanjay Verma,employee292@company.local,IT,Team Lead,1.2,2013-08-28,Computer Vision,Available,65.8,5,65.0
EMP2418,Manoj Mishra,employee2418@company.local,IT,Developer,9.4,2017-08-25,Machine Learning,Available,83.0,8,64.3
EMP1580,Arun Raj,employee1580@company.local,Data Science,Project Manager,4.4,2017-09-06,Django,On Leave,100.0,8,68.9
EMP4742,Rahul Thomas,employee4742@company.local,Marketing,Senior Developer,2.8,2025-01-20,"Python, NLP",Available,100.0,7,65.3
EMP3426,Kiran Mishra,employee3426@company.local,Finance,Project Manager,1.1,2013-01-24,Computer Vision,Available,0.4,0,54.8
EMP3379,Isha Sharma,employee3379@company.local,HR,Finance Analyst,11.2,2012-03-21,"Django, Machine Learning, Project Management",Busy,73.9,5,66.5
EMP1584,Vivek Kumar,employee1584@company.local,Marketing,Team Lead,13.4,2017-09-26,Python,Available,55.7,7,64.2
EMP4330,Amit Patel,employee4330@company.local,Operations,Team Lead,11.3,2025-08-07,"Django, Machine Learning",Available,50.1,3,73.4
EMP2162,Rahul Mishra,employee2162@company.local,Data Science,Data Scientist,17.4,2013-04-28,Machine Learning,Available,37.2,2,80.8
EMP1656,Aditya Singh,employee1656@company.local,Data Science,HR Executive,11.8,2023-03-10,Computer Vision,Available,30.0,2,82.1
EMP322,Rahul Mishra,employee322@company.local,Marketing,Team Lead,6.1,2015-12-17,"Project Management, React",Available,74.8,4,70.5
EMP202,Rahul Patel,employee202@company.local,Finance,Developer,9.1,2015-09-29,"Machine Learning, NLP",Busy,34.1,0,72.9
EMP3823,Sneha Iyer,employee3823@company.local,HR,Business Analyst,5.2,2016-08-05,"Data Analysis, Computer Vision, Finance",Available,47.3,3,58.8
EMP2154,Nikhil Patel,employee2154@company.local,Data Science,Finance Analyst,2.7,2012-03-21,"Machine Learning, Excel, SQL",Unknown,27.2,2,69.4
EMP2584,Vivek Singh,employee2584@company.local,Operations,Senior Developer,5.5,2012-07-29,"Data Analysis, SQL, Project Management, Deep Learning",Available,64.1,5,73.5
EMP450,Amit Mishra,employee450@company.local,Finance,HR Executive,3.8,2019-03-13,"Python, Project Management, NLP",Available,84.6,7,77.2
EMP3959,Isha Nair,employee3959@company.local,HR,Business Analyst,2.4,2024-09-24,"Python, Data Analysis",Available,85.8,4,61.5
EMP4954,Nikhil Patel,employee4954@company.local,Engineering,Data Scientist,12.0,2019-08-01,"Excel, Deep Learning, React, Python",Busy,63.5,7,78.1
EMP1281,Priya Reddy,employee1281@company.local,Sales,Business Analyst,6.4,2013-06-15,"Computer Vision, SQL, Django, Deep Learning",Busy,57.4,6,69.1
EMP2076,Aditya Raj,employee2076@company.local,Finance,Business Analyst,2.5,2015-11-06,"Deep Learning, Excel, Finance, Computer Vision",Available,65.4,3,78.0
EMP2236,Aditya Raj,employee2236@company.local,Engineering,Business Analyst,3.6,2016-09-02,"Machine Learning, Finance, Project Management, Deep Learning",On Leave,2.5,0,73.6
EMP2372,Sanjay Verma,employee2372@company.local,IT,Team Lead,1.9,2017-02-03,"SQL, Django",Available,55.7,5,90.1
EMP2364,Vivek Raj,employee2364@company.local,Sales,Senior Developer,5.3,2022-12-27,"Data Analysis, Project Management",Available,36.0,2,73.1
EMP946,Kiran Mishra,employee946@company.local,Data Science,Analyst,2.2,2024-07-05,Deep Learning,Available,42.1,2,65.5
EMP1726,Kiran Das,employee1726@company.local,HR,Data Scientist,5.5,2022-07-20,"Project Management, Machine Learning, Deep Learning, SQL",Busy,19.6,0,65.4
EMP4013,Pooja Pillai,employee4013@company.local,Marketing,Business Analyst,0.5,2023-10-12,Django,Available,52.6,5,58.9
EMP2976,Aditya Kumar,employee2976@company.local,Operations,Senior Developer,3.2,2017-06-02,"NLP, Django, Deep Learning, React",Available,83.8,6,64.6
EMP252,Sanjay Raj,employee252@company.local,Engineering,Project Manager,2.3,2021-04-25,Data Analysis,Available,79.3,5,61.3
EMP008,Rohit Singh,employee008@company.local,Engineering,Project Manager,14.3,2013-08-04,Django,Busy,89.7,4,74.8
EMP3546,Kiran Patel,employee3546@company.local,Finance,Project Manager,7.8,2016-07-29,"Python, Deep Learning, Excel, Django",Busy,57.8,6,68.6
EMP4180,Arun Verma,employee4180@company.local,Engineering,Analyst,3.6,2024-10-17,"Python, React, NLP",Available,65.9,5,68.9
EMP919,Isha Nair,employee919@company.local,Finance,Data Scientist,9.0,2019-11-21,"Finance, Python",Busy,31.9,3,50.2
EMP3179,Isha Joshi,employee3179@company.local,Data Science,Project Manager,9.1,2016-10-11,Excel,Busy,74.3,6,75.0
EMP2980,Arun Verma,employee2980@company.local,Operations,Business Analyst,7.7,2023-03-07,"Django, SQL, NLP",Busy,63.7,4,79.8
EMP2377,Swati Kapoor,employee2377@company.local,Data Science,Senior Developer,1.2,2023-02-12,"React, Finance, Excel",Available,30.6,2,47.7
EMP113,Pooja Reddy,employee113@company.local,Finance,Finance Analyst,17.4,2015-12-22,"Computer Vision, React",Busy,33.0,2,81.8
EMP4440,Arun Singh,employee4440@company.local,HR,Project Manager,5.6,2016-09-27,React,Available,76.6,5,64.9
EMP1438,Manoj Das,employee1438@company.local,Engineering,Developer,2.3,2023-07-30,"Python, Machine Learning",Available,60.0,4,70.1
EMP157,Swati Pillai,employee157@company.local,Operations,Business Analyst,2.2,2021-05-16,Python,Available,33.1,2,60.3
EMP1794,Nikhil Mishra,employee1794@company.local,Marketing,Project Manager,10.8,2021-07-22,"Deep Learning, Excel, React",Available,22.5,0,65.9
EMP3933,Pooja Pillai,employee3933@company.local,Sales,Project Manager,7.6,2018-08-14,"React, Excel, Machine Learning, Project Management",On Leave,37.5,3,59.9
EMP963,Sneha Sharma,employee963@company.local,Engineering,Analyst,2.0,2024-06-06,SQL,Available,36.4,2,60.7
EMP2318,Manoj Das,employee2318@company.local,HR,Business Analyst,7.1,2018-09-24,"Project Management, Computer Vision, React",Available,62.1,5,75.6
EMP1289,Meera Kapoor,employee1289@company.local,Operations,Developer,3.5,2022-12-13,"NLP, Finance",Busy,29.8,2,74.0
EMP4493,Pooja Pillai,employee4493@company.local,IT,Business Analyst,12.8,2012-03-31,Finance,Available,60.3,2,84.2
EMP1293,Pooja Pillai,employee1293@company.local,IT,Analyst,4.6,2012-08-30,Python,Busy,62.6,4,66.8
EMP3584,Vivek Kumar,employee3584@company.local,Finance,Senior Developer,1.1,2015-09-21,Python,Busy,47.8,3,59.7
EMP1362,Rahul Mishra,employee1362@company.local,Finance,Team Lead,4.9,2020-06-27,"Data Analysis, Project Management, Deep Learning, Django",Busy,37.2,1,69.3
EMP1403,Sneha Joshi,employee1403@company.local,Operations,Data Scientist,1.2,2012-07-14,"Deep Learning, Machine Learning, Project Management",Busy,37.3,2,68.3
EMP3769,Meera Kapoor,employee3769@company.local,HR,Business Analyst,7.3,2024-07-21,Excel,Busy,79.0,6,78.2
EMP2513,Pooja Reddy,employee2513@company.local,Operations,Data Scientist,4.7,2012-01-23,Data Analysis,Available,84.6,6,65.4
EMP3715,Kavya Sharma,employee3715@company.local,HR,Business Analyst,6.1,2013-06-09,Deep Learning,Available,82.6,6,63.0
EMP425,Anita Kapoor,employee425@company.local,Data Science,Analyst,4.6,2020-08-18,React,Available,86.2,4,46.7
EMP3021,Priya Pillai,employee3021@company.local,IT,Finance Analyst,3.2,2025-05-22,Machine Learning,Available,58.7,5,52.6
EMP2430,Amit Das,employee2430@company.local,Marketing,Business Analyst,7.3,2016-11-01,"NLP, Machine Learning",Busy,11.5,0,70.9
EMP1459,Isha Sharma,employee1459@company.local,IT,Developer,3.5,2019-12-27,NLP,On Leave,71.4,5,59.4
EMP2707,Neha Sharma,employee2707@company.local,Marketing,Data Scientist,6.9,2015-08-24,"Finance, Machine Learning, SQL",Available,37.0,3,63.2
EMP1370,Amit Patel,employee1370@company.local,Data Science,Team Lead,1.8,2021-03-09,"Project Management, Django, Finance, NLP",Busy,61.9,4,79.8
EMP2256,Aditya Kumar,employee2256@company.local,IT,Analyst,5.3,2017-07-02,"Data Analysis, Computer Vision, NLP",Available,55.9,2,67.9
EMP1920,Arun Kumar,employee1920@company.local,IT,Analyst,1.7,2016-08-26,Data Analysis,Available,26.2,1,56.7
EMP194,Nikhil Mishra,employee194@company.local,HR,Business Analyst,8.5,2024-11-28,"Python, NLP",Available,53.7,1,80.0
EMP1357,Swati Pillai,employee1357@company.local,IT,Team Lead,3.0,2016-04-23,Django,Available,78.0,5,54.7
EMP137,Swati Kapoor,employee137@company.local,Operations,Data Scientist,6.7,2025-03-30,Computer Vision,Unknown,55.8,5,64.2
EMP4978,Manoj Mishra,employee4978@company.local,Operations,Business Analyst,6.9,2023-01-01,"Computer Vision, Excel, SQL, Machine Learning",Busy,57.9,4,54.5
EMP2165,Anita Menon,employee2165@company.local,Finance,Data Scientist,15.0,2015-09-30,Django,Available,64.2,6,96.5
EMP1385,Anita Kapoor,employee1385@company.local,IT,Project Manager,7.9,2018-09-21,"NLP, Data Analysis, Finance",Busy,59.3,3,74.5
EMP1029,Meera Menon,employee1029@company.local,Sales,Project Manager,11.5,2020-07-02,"Project Management, SQL, Computer Vision, Python",Busy,59.4,6,66.1
EMP427,Neha Joshi,employee427@company.local,Data Science,Project Manager,11.6,2024-12-24,Excel,Available,73.2,6,89.1
EMP4842,Rahul Patel,employee4842@company.local,Marketing,Project Manager,3.6,2013-03-25,"Machine Learning, Django, Project Management",Available,26.4,2,65.2
EMP1287,Neha Nair,employee1287@company.local,Operations,Data Scientist,8.5,2018-07-18,"Computer Vision, Excel, Machine Learning",Available,30.4,2,75.0
EMP1443,Sneha Sharma,employee1443@company.local,Engineering,Developer,18.0,2024-05-14,"Machine Learning, Computer Vision, React",Busy,71.7,4,83.4
EMP2071,Divya Nair,employee2071@company.local,Engineering,Project Manager,2.1,2020-08-10,"NLP, Python",Available,24.7,0,67.8
EMP339,Isha Sharma,employee339@company.local,Sales,HR Executive,11.1,2015-12-23,"Machine Learning, Deep Learning, Finance, Computer Vision",Busy,68.7,4,78.9
EMP2188,Rohit Raj,employee2188@company.local,Sales,Senior Developer,11.0,2019-10-29,Excel,Available,44.0,5,79.1
EMP1643,Sneha Joshi,employee1643@company.local,Finance,Data Scientist,9.9,2023-04-05,"Machine Learning, Data Analysis, Computer Vision",Available,49.2,3,75.6
EMP4946,Kiran Mishra,employee4946@company.local,Marketing,Data Scientist,7.3,2014-05-29,"React, Project Management, Excel",Available,50.6,2,70.5
EMP2739,Isha Sharma,employee2739@company.local,Data Science,Project Manager,2.1,2014-05-31,"Python, Finance",On Leave,56.3,1,37.0
EMP1792,Sanjay Kumar,employee1792@company.local,IT,Finance Analyst,7.7,2019-07-23,"Excel, Computer Vision, Django, Deep Learning",Busy,55.7,5,74.6
EMP578,Manoj Mishra,employee578@company.local,Engineering,Finance Analyst,4.3,2019-08-13,"React, Python",Busy,78.7,5,71.8
EMP3172,Sanjay Verma,employee3172@company.local,Data Science,Team Lead,5.6,2015-07-15,"Finance, Data Analysis, Excel",Available,73.0,6,70.7
EMP2171,Divya Joshi,employee2171@company.local,Engineering,HR Executive,9.3,2012-02-03,"Excel, SQL, Data Analysis, Project Management",Available,70.0,6,62.6
EMP2501,Priya Menon,employee2501@company.local,Data Science,Business Analyst,14.9,2012-11-15,"Deep Learning, Project Management, Machine Learning",Busy,51.3,5,84.2
EMP1302,Rahul Thomas,employee1302@company.local,Sales,Senior Developer,4.2,2019-09-02,"Machine Learning, NLP",Available,63.6,3,80.6
EMP414,Nikhil Das,employee414@company.local,Operations,Project Manager,6.5,2019-11-09,"Deep Learning, Excel, SQL",Available,24.6,2,64.0
EMP4947,Neha Sharma,employee4947@company.local,HR,Project Manager,4.2,2016-05-08,"NLP, SQL, Project Management, React",Available,52.2,5,62.6
EMP4981,Priya Menon,employee4981@company.local,Sales,Data Scientist,1.3,2012-10-03,"Python, Computer Vision",Available,61.0,4,47.8
EMP3793,Pooja Reddy,employee3793@company.local,Engineering,Team Lead,2.4,2014-07-22,Python,Busy,61.2,4,69.4
EMP4092,Sanjay Raj,employee4092@company.local,Marketing,Analyst,1.6,2019-08-11,"NLP, Finance, React",Available,37.0,2,50.6
EMP3742,Rahul Das,employee3742@company.local,HR,Developer,3.9,2018-08-28,"Finance, React, Project Management, SQL",Busy,73.8,5,66.3
EMP1294,Nikhil Das,employee1294@company.local,Data Science,Business Analyst,4.5,2021-08-18,"Finance, Django, Excel, Python",Busy,100.0,8,58.6
EMP326,Kiran Thomas,employee326@company.local,Operations,Project Manager,10.8,2023-07-12,"SQL, Finance, Deep Learning",Busy,32.4,3,85.0
EMP3553,Pooja Reddy,employee3553@company.local,Operations,Developer,4.6,2019-12-08,"Excel, NLP, Finance, Data Analysis",Available,55.6,4,70.1
EMP4964,Vivek Verma,employee4964@company.local,Finance,Business Analyst,3.9,2025-01-24,"NLP, Machine Learning, Project Management, Computer Vision",Busy,20.7,1,66.4
EMP1583,Sneha Iyer,employee1583@company.local,Operations,Project Manager,2.7,2025-08-01,"Excel, React",Available,58.0,4,79.8
EMP3176,Aditya Singh,employee3176@company.local,Sales,Developer,5.7,2020-03-06,Finance,Available,100.0,4,62.8
EMP2496,Aditya Kumar,employee2496@company.local,Marketing,Project Manager,3.0,2013-12-12,"React, Finance, Data Analysis, Django",Available,70.3,6,71.2
EMP1853,Pooja Pillai,employee1853@company.local,HR,Analyst,4.8,2017-12-11,"Python, Excel, Machine Learning",Available,47.8,4,75.7
EMP2455,Kavya Nair,employee2455@company.local,IT,Data Scientist,1.3,2014-02-18,"Computer Vision, Finance",Busy,67.1,5,56.3
EMP3592,Sanjay Singh,employee3592@company.local,Operations,Senior Developer,2.1,2013-06-05,"Deep Learning, Project Management",Available,57.5,2,69.2
EMP2282,Rahul Patel,employee2282@company.local,IT,Team Lead,12.4,2022-10-05,"Machine Learning, Excel, Computer Vision, Django",Available,55.7,6,66.8
EMP4967,Neha Nair,employee4967@company.local,Finance,Finance Analyst,1.3,2017-05-10,SQL,Available,49.5,4,65.2
EMP679,Isha Nair,employee679@company.local,Engineering,Senior Developer,2.3,2022-07-08,Django,Available,39.6,3,64.8
EMP2656,Aditya Kumar,employee2656@company.local,Finance,Finance Analyst,1.2,2019-11-04,Computer Vision,Available,100.0,7,48.3
EMP4410,Amit Patel,employee4410@company.local,HR,Finance Analyst,16.2,2020-12-20,"Machine Learning, Data Analysis",Busy,73.9,6,74.1
EMP1479,Isha Nair,employee1479@company.local,Marketing,Team Lead,8.9,2016-09-14,"SQL, Project Management, Machine Learning, Python",Available,44.9,4,66.4
EMP3512,Sanjay Singh,employee3512@company.local,HR,Senior Developer,11.3,2022-05-21,"React, Deep Learning, SQL",Available,46.3,3,81.2
EMP1585,Anita Reddy,employee1585@company.local,Sales,Project Manager,11.6,2015-09-18,"Computer Vision, Data Analysis, Excel",Busy,90.8,5,68.4
EMP4098,Manoj Mishra,employee4098@company.local,Operations,Developer,3.0,2018-10-19,"Excel, Django",Available,98.8,7,60.3
EMP3239,Isha Nair,employee3239@company.local,Marketing,Developer,10.2,2021-05-18,"Excel, NLP, Deep Learning",Available,38.2,3,71.2
EMP1773,Pooja Pillai,employee1773@company.local,Data Science,Senior Developer,5.2,2016-04-14,"Computer Vision, Django",Busy,64.2,3,65.6
EMP2772,Sanjay Verma,employee2772@company.local,Sales,Senior Developer,6.2,2024-12-21,"Deep Learning, Computer Vision, React",Available,47.5,2,68.1
EMP2490,Amit Patel,employee2490@company.local,Engineering,Data Scientist,19.7,2019-09-15,Excel,Available,63.9,5,75.7
EMP281,Priya Kapoor,employee281@company.local,Operations,Developer,8.9,2016-03-25,"Django, Project Management, Computer Vision",Busy,57.2,2,69.5
EMP2409,Meera Kapoor,employee2409@company.local,Sales,Project Manager,1.8,2020-09-26,"Deep Learning, Project Management, Machine Learning, NLP",Available,2.7,1,64.9
EMP644,Vivek Verma,employee644@company.local,Engineering,Project Manager,9.2,2019-06-15,"Project Management, Computer Vision, NLP",Available,52.1,2,67.4
EMP2973,Pooja Pillai,employee2973@company.local,IT,Developer,5.1,2023-02-26,"Deep Learning, Machine Learning, React, Finance",Available,55.9,4,59.6
EMP2295,Kavya Nair,employee2295@company.local,Data Science,Business Analyst,12.0,2023-08-26,"Data Analysis, Finance, Project Management, Excel",Available,41.3,1,86.9
EMP4080,Arun Kumar,employee4080@company.local,IT,Developer,4.6,2025-08-01,"NLP, Computer Vision, SQL",Available,28.8,0,64.1
EMP3668,Rohit Verma,employee3668@company.local,Sales,Finance Analyst,5.7,2016-09-21,"Excel, Python, Finance",Available,65.2,4,80.7
EMP2658,Manoj Mishra,employee2658@company.local,Finance,Team Lead,0.9,2014-09-04,"Django, NLP, Finance",Busy,57.9,5,62.7
EMP654,Nikhil Das,employee654@company.local,IT,Project Manager,0.8,2019-10-05,"Django, Deep Learning, SQL",Busy,38.2,2,54.8
EMP2545,Anita Reddy,employee2545@company.local,Operations,Data Scientist,9.3,2016-10-09,"Machine Learning, Project Management, Data Analysis, Python",Busy,79.9,4,83.2
EMP4231,Divya Nair,employee4231@company.local,IT,Developer,3.5,2019-11-04,"NLP, Django",On Leave,51.9,4,53.0
EMP2756,Aditya Verma,employee2756@company.local,Data Science,Business Analyst,9.7,2013-03-30,"Python, Django, Excel, Computer Vision",Available,56.1,3,85.7
EMP183,Sneha Nair,employee183@company.local,Marketing,Data Scientist,9.1,2025-01-06,"Finance, Python, Project Management, Deep Learning",Busy,43.5,3,66.5
EMP1728,Rohit Kumar,employee1728@company.local,Engineering,Finance Analyst,5.6,2018-06-14,"Finance, Data Analysis, Python",Busy,39.8,6,78.9
EMP2875,Kavya Joshi,employee2875@company.local,Data Science,Data Scientist,2.2,2021-09-22,"Data Analysis, NLP",Available,43.3,3,70.2
EMP778,Manoj Patel,employee778@company.local,HR,Data Scientist,3.3,2023-10-14,"Finance, Computer Vision",Available,26.3,4,69.4
EMP744,Vivek Singh,employee744@company.local,Engineering,Developer,5.7,2024-02-01,"Excel, NLP, SQL",Available,96.5,7,41.4
EMP1414,Nikhil Thomas,employee1414@company.local,IT,Data Scientist,6.0,2020-08-25,"Deep Learning, Django, SQL, Data Analysis",Available,56.2,2,69.3
EMP4564,Vivek Verma,employee4564@company.local,Marketing,Senior Developer,6.6,2020-10-31,Computer Vision,Available,66.7,5,77.4
EMP2872,Sanjay Singh,employee2872@company.local,IT,Senior Developer,4.8,2012-02-05,"Python, Django",On Leave,55.7,4,58.5
EMP3972,Sanjay Verma,employee3972@company.local,Finance,Project Manager,1.3,2012-07-20,Finance,Available,76.3,5,50.1
EMP105,Anita Kapoor,employee105@company.local,Operations,Data Scientist,16.9,2022-10-07,"Django, React, Deep Learning",Available,55.7,4,88.2
EMP3616,Aditya Kumar,employee3616@company.local,Operations,HR Executive,7.5,2024-06-03,"Python, SQL, Django",Busy,30.5,1,73.4
EMP2222,Rahul Das,employee2222@company.local,Engineering,Business Analyst,6.8,2019-03-27,"Deep Learning, Computer Vision, React",Available,50.4,3,75.2
EMP2992,Sanjay Kumar,employee2992@company.local,Engineering,Business Analyst,1.6,2017-12-06,"Data Analysis, Django, NLP, Deep Learning",Available,61.2,3,69.3
EMP1135,Kavya Iyer,employee1135@company.local,Sales,Analyst,6.6,2019-06-15,"Project Management, Deep Learning",On Leave,38.1,3,75.0
EMP3819,Isha Joshi,employee3819@company.local,Operations,Analyst,11.7,2024-07-20,Machine Learning,Available,63.4,5,70.3
EMP366,Kiran Das,employee366@company.local,IT,Business Analyst,12.3,2023-04-11,Deep Learning,Available,55.7,5,80.7
EMP3719,Isha Nair,employee3719@company.local,Operations,Project Manager,6.5,2016-07-13,Excel,Available,46.8,4,71.6
EMP4576,Aditya Kumar,employee4576@company.local,HR,Project Manager,3.9,2024-07-20,"Deep Learning, SQL",Busy,36.7,3,62.2
EMP304,Vivek Kumar,employee304@company.local,HR,Data Scientist,0.3,2021-02-09,"Data Analysis, SQL, Machine Learning",Available,0.5,0,64.8
EMP3899,Isha Joshi,employee3899@company.local,HR,Senior Developer,5.8,2024-12-23,"Django, Data Analysis, Project Management, Python",Available,100.0,8,69.7
EMP1184,Vivek Kumar,employee1184@company.local,HR,Team Lead,1.6,2018-05-05,"Excel, SQL",Available,48.1,4,70.8
EMP3511,Divya Nair,employee3511@company.local,HR,Team Lead,7.9,2019-12-03,"Excel, NLP, SQL, Machine Learning",Unknown,86.9,5,63.4
EMP3294,Nikhil Das,employee3294@company.local,Sales,Developer,7.1,2018-03-20,"NLP, Python",Available,60.8,5,76.2
EMP1965,Anita Pillai,employee1965@company.local,Engineering,Finance Analyst,1.6,2021-01-27,"SQL, Computer Vision, Project Management, Data Analysis",Busy,29.9,2,66.6
EMP920,Arun Singh,employee920@company.local,Operations,Business Analyst,4.0,2020-07-19,"Finance, Machine Learning, NLP, SQL",Available,29.5,1,61.5
EMP2551,Divya Nair,employee2551@company.local,HR,Business Analyst,4.9,2014-10-23,Excel,On Leave,36.5,2,64.4
EMP1210,Amit Patel,employee1210@company.local,Finance,Data Scientist,0.5,2014-05-05,Project Management,Busy,76.0,4,69.4
EMP1052,Sanjay Raj,employee1052@company.local,IT,Finance Analyst,2.9,2017-10-31,"Excel, Computer Vision, SQL, React",Available,90.4,5,61.2
EMP2789,Meera Menon,employee2789@company.local,IT,Project Manager,4.1,2019-09-21,"Django, React",Available,41.3,2,73.7
EMP359,Isha Nair,employee359@company.local,Data Science,Business Analyst,2.7,2015-12-19,"Computer Vision, Data Analysis, Python",Available,61.9,4,69.4
EMP2253,Pooja Pillai,employee2253@company.local,Operations,Analyst,3.1,2024-11-09,"Machine Learning, SQL, NLP, Finance",Available,32.2,1,72.3
EMP3910,Amit Thomas,employee3910@company.local,Sales,Data Scientist,3.7,2021-04-02,"Python, Django, Data Analysis, Finance",Available,99.2,8,53.2
EMP1919,Isha Iyer,employee1919@company.local,Data Science,Finance Analyst,1.7,2022-03-22,Data Analysis,Available,34.3,1,60.6
EMP3925,Anita Menon,employee3925@company.local,Engineering,Data Scientist,0.7,2022-10-22,"SQL, Project Management, Data Analysis, Computer Vision",Available,76.7,5,47.1
EMP1548,Rohit Raj,employee1548@company.local,Sales,Senior Developer,4.0,2020-01-24,"Project Management, Computer Vision, Finance",Busy,100.0,6,58.9
EMP2860,Arun Raj,employee2860@company.local,Sales,Project Manager,7.4,2025-07-17,"Deep Learning, Excel, NLP, Data Analysis",Available,94.8,7,64.6
EMP026,Kiran Patel,employee026@company.local,IT,Business Analyst,9.4,2016-12-09,Data Analysis,On Leave,57.5,4,69.4
EMP4354,Nikhil Mishra,employee4354@company.local,Data Science,Business Analyst,2.4,2013-06-11,"SQL, Python",Available,84.2,3,67.5
EMP2499,Isha Sharma,employee2499@company.local,IT,Data Scientist,16.1,2016-01-17,"React, NLP",Busy,43.1,2,82.2
EMP758,Manoj Thomas,employee758@company.local,Marketing,Project Manager,2.7,2023-11-27,"Finance, Computer Vision, NLP",Busy,25.3,1,60.7
EMP1356,Aditya Raj,employee1356@company.local,Operations,Business Analyst,5.9,2023-11-19,"React, SQL",Available,28.6,1,65.4
EMP4980,Arun Verma,employee4980@company.local,HR,Data Scientist,8.2,2024-05-02,"Computer Vision, Finance, Project Management",Available,61.8,4,62.7
EMP2482,Rahul Mishra,employee2482@company.local,Engineering,Finance Analyst,16.8,2016-08-26,Excel,On Leave,47.3,2,81.6
EMP3273,Pooja Kapoor,employee3273@company.local,Engineering,Team Lead,5.5,2020-01-15,React,On Leave,72.1,6,72.1
EMP1855,Kavya Iyer,employee1855@company.local,Engineering,Project Manager,4.4,2024-07-08,"Machine Learning, Deep Learning, SQL",On Leave,99.9,9,70.4
EMP3105,Anita Reddy,employee3105@company.local,Marketing,Finance Analyst,0.3,2018-02-06,"NLP, Django, Machine Learning, React",Busy,62.7,3,66.5
EMP4766,Kiran Das,employee4766@company.local,IT,Team Lead,10.6,2021-03-20,"Project Management, Excel",Available,42.5,3,81.1
EMP895,Kavya Iyer,employee895@company.local,Operations,Project Manager,2.8,2012-08-26,"Machine Learning, Deep Learning, Finance",Available,43.1,3,78.1
EMP2608,Rohit Kumar,employee2608@company.local,HR,Project Manager,6.8,2023-12-28,"Project Management, Deep Learning",Available,51.5,3,61.5
EMP3257,Swati Kapoor,employee3257@company.local,IT,Business Analyst,11.1,2024-01-13,"React, Data Analysis",Available,49.0,4,69.4
EMP4358,Manoj Thomas,employee4358@company.local,Marketing,Business Analyst,2.9,2023-08-18,NLP,Busy,20.1,2,67.0
EMP3618,Manoj Mishra,employee3618@company.local,Sales,Analyst,4.1,2022-07-26,Django,Busy,50.5,3,72.5
EMP4970,Amit Patel,employee4970@company.local,Data Science,Analyst,7.1,2019-06-29,Django,On Leave,6.8,0,64.0
EMP1791,Divya Iyer,employee1791@company.local,Finance,Developer,3.2,2015-08-01,"Project Management, Machine Learning",Busy,13.1,0,59.6
EMP4775,Kavya Nair,employee4775@company.local,Marketing,Developer,7.5,2023-09-22,"SQL, React, Machine Learning",Available,41.9,5,56.5
EMP3428,Rohit Verma,employee3428@company.local,Finance,Data Scientist,12.2,2023-01-12,"React, Project Management, Data Analysis, Machine Learning",Available,50.7,3,77.5
EMP3045,Anita Menon,employee3045@company.local,IT,Project Manager,6.0,2023-01-06,"Finance, Python, Computer Vision",On Leave,85.2,6,86.7
EMP3995,Kavya Joshi,employee3995@company.local,Engineering,Project Manager,8.2,2019-08-19,"Machine Learning, Python, SQL",Available,57.3,6,84.9
EMP1987,Neha Sharma,employee1987@company.local,Sales,Project Manager,3.2,2025-08-27,"React, Deep Learning, SQL",Available,66.0,3,58.3
EMP1209,Meera Kapoor,employee1209@company.local,Data Science,Analyst,3.8,2024-05-12,"Excel, Deep Learning",Busy,72.0,3,89.6
EMP4384,Vivek Kumar,employee4384@company.local,Marketing,Team Lead,22.0,2013-10-16,"Python, Deep Learning, Project Management",Available,40.2,3,82.8
EMP2494,Nikhil Das,employee2494@company.local,Sales,HR Executive,6.5,2022-06-23,"Machine Learning, Excel, React",Busy,78.5,5,63.1
EMP3316,Aditya Verma,employee3316@company.local,Marketing,Developer,2.4,2015-03-01,Project Management,Available,63.1,4,64.8
EMP1636,Aditya Verma,employee1636@company.local,Data Science,Developer,2.0,2017-05-16,"SQL, NLP",Available,42.4,1,68.6
EMP2633,Pooja Kapoor,employee2633@company.local,HR,Finance Analyst,8.1,2017-04-04,"React, Computer Vision, Python, NLP",On Leave,54.1,4,68.7
EMP1574,Nikhil Thomas,employee1574@company.local,HR,Data Scientist,9.8,2018-10-28,"Deep Learning, Project Management",Available,39.6,3,70.3
EMP2632,Sanjay Singh,employee2632@company.local,Sales,Team Lead,3.4,2021-07-03,"React, Project Management",Available,77.4,5,65.0
EMP2588,Rohit Raj,employee2588@company.local,Sales,Data Scientist,3.2,2015-05-28,"Project Management, Excel, Django",Available,3.9,0,60.9
EMP138,Manoj Patel,employee138@company.local,Marketing,HR Executive,4.0,2019-05-12,Data Analysis,On Leave,28.9,0,61.6
EMP3705,Anita Kapoor,employee3705@company.local,Finance,Business Analyst,6.0,2013-07-09,"React, Django",Available,9.5,1,71.1
EMP4505,Anita Kapoor,employee4505@company.local,Operations,Project Manager,2.9,2013-05-05,"Data Analysis, Deep Learning, Computer Vision, NLP",Busy,51.0,5,75.0
EMP3689,Meera Kapoor,employee3689@company.local,HR,Analyst,2.5,2013-11-21,"Finance, NLP",On Leave,94.3,8,53.8
EMP3866,Kiran Patel,employee3866@company.local,IT,Senior Developer,5.1,2023-01-28,"NLP, SQL, Excel, Deep Learning",Available,92.6,5,76.7
EMP3201,Priya Reddy,employee3201@company.local,Engineering,Business Analyst,6.4,2019-11-05,Machine Learning,Available,58.9,3,63.7
EMP4926,Kiran Das,employee4926@company.local,Data Science,Project Manager,6.5,2024-05-24,"Computer Vision, Data Analysis, Excel",Busy,48.4,2,73.5
EMP730,Amit Patel,employee730@company.local,HR,Team Lead,5.0,2023-09-30,"Project Management, Python, Machine Learning, Deep Learning",Available,61.4,3,69.4
EMP2965,Anita Menon,employee2965@company.local,Operations,Data Scientist,5.2,2017-07-31,Excel,Available,76.0,5,67.1
EMP1546,Kiran Patel,employee1546@company.local,Finance,Developer,15.2,2023-05-15,"React, Data Analysis, SQL",Available,42.0,2,76.0
EMP1183,Sneha Iyer,employee1183@company.local,IT,HR Executive,2.9,2024-03-04,"Machine Learning, Deep Learning, Excel, React",Busy,43.3,4,66.0
EMP1016,Aditya Singh,employee1016@company.local,HR,Business Analyst,1.6,2017-01-17,"Python, Data Analysis, Machine Learning",Available,67.9,5,58.9
EMP1445,Anita Menon,employee1445@company.local,Finance,Finance Analyst,1.9,2018-11-23,"Data Analysis, NLP, Deep Learning, Django",Available,52.7,4,57.3
EMP1014,Nikhil Thomas,employee1014@company.local,Marketing,Data Scientist,2.8,2015-11-13,"NLP, Machine Learning",Available,30.6,3,62.9
EMP1402,Rahul Patel,employee1402@company.local,Marketing,Senior Developer,9.0,2022-07-31,"Computer Vision, Finance, Excel, Data Analysis",Available,53.7,4,86.6
EMP036,Aditya Verma,employee036@company.local,Sales,Senior Developer,0.8,2023-06-30,"Project Management, Deep Learning",Busy,56.1,3,80.1
EMP723,Sneha Sharma,employee723@company.local,Sales,HR Executive,3.7,2024-01-22,React,Available,65.8,5,52.4
EMP534,Nikhil Thomas,employee534@company.local,Sales,Data Scientist,2.3,2016-10-27,"Data Analysis, Deep Learning, Python, Project Management",Available,46.5,4,78.5
EMP1152,Sanjay Kumar,employee1152@company.local,Finance,Senior Developer,2.9,2023-07-28,NLP,Available,32.2,1,68.7
EMP3800,Arun Singh,employee3800@company.local,Engineering,Senior Developer,1.0,2021-10-17,"Project Management, Data Analysis",Busy,86.3,5,57.2
EMP3431,Divya Nair,employee3431@company.local,IT,Finance Analyst,8.2,2024-11-09,"Project Management, Finance, Python, Excel",Available,100.0,6,80.0
EMP1495,Kavya Nair,employee1495@company.local,Engineering,Developer,7.6,2021-09-30,"Computer Vision, React, Excel",Busy,58.7,3,76.2
EMP4118,Manoj Thomas,employee4118@company.local,Engineering,HR Executive,11.4,2021-04-14,"Excel, Computer Vision",Available,26.4,1,64.5
EMP4328,Rohit Singh,employee4328@company.local,Engineering,Developer,4.5,2020-08-02,"Data Analysis, Computer Vision, Python, Deep Learning",Available,0.0,0,60.2
EMP676,Aditya Verma,employee676@company.local,Engineering,Project Manager,9.3,2012-05-25,"Computer Vision, Data Analysis",On Leave,0.0,0,77.9
EMP1940,Arun Verma,employee1940@company.local,Finance,Finance Analyst,22.0,2022-06-16,Python,Busy,47.5,3,83.9
EMP2668,Rohit Raj,employee2668@company.local,Sales,Team Lead,3.7,2019-12-20,"Excel, Project Management, Python",Available,45.9,1,72.4
EMP4292,Sanjay Verma,employee4292@company.local,Operations,Developer,10.6,2025-06-13,"Python, Data Analysis, Django, NLP",Available,85.8,4,86.6
EMP356,Aditya Verma,employee356@company.local,Finance,Finance Analyst,3.4,2017-03-31,"Finance, SQL, NLP",Available,30.2,2,63.0
EMP1072,Sanjay Kumar,employee1072@company.local,Marketing,Finance Analyst,8.5,2012-06-25,"NLP, Project Management, Computer Vision",Available,86.0,4,64.4
EMP1957,Swati Menon,employee1957@company.local,Data Science,Project Manager,18.3,2024-03-23,"Machine Learning, NLP, Python",Available,59.0,3,82.1
EMP1473,Pooja Reddy,employee1473@company.local,Data Science,Business Analyst,21.8,2019-07-30,"Django, Machine Learning",Available,78.0,6,92.4
EMP1322,Rahul Patel,employee1322@company.local,Sales,Analyst,1.9,2018-10-11,"Django, Deep Learning, Project Management",Busy,61.4,3,51.4
EMP3412,Sanjay Verma,employee3412@company.local,IT,Senior Developer,9.8,2017-08-09,"Excel, Python, React",Available,100.0,8,78.1
EMP1343,Sneha Iyer,employee1343@company.local,IT,Senior Developer,0.9,2014-07-05,"Django, NLP",Available,92.7,4,57.3
EMP2708,Rohit Verma,employee2708@company.local,IT,Data Scientist,7.1,2012-02-09,"Python, SQL, Project Management",Available,45.9,3,76.7
EMP111,Divya Iyer,employee111@company.local,Finance,Senior Developer,2.1,2024-12-01,Project Management,Available,71.8,4,59.1
EMP1355,Kavya Joshi,employee1355@company.local,Data Science,Analyst,4.3,2020-10-28,React,Available,79.8,6,61.0
EMP1685,Anita Menon,employee1685@company.local,Data Science,HR Executive,8.3,2014-04-07,"NLP, Machine Learning, Excel, SQL",Busy,91.2,8,74.8
EMP4969,Meera Kapoor,employee4969@company.local,HR,Team Lead,5.6,2023-11-05,"Project Management, Deep Learning, Finance",Available,74.6,6,81.3
EMP2880,Arun Kumar,employee2880@company.local,Engineering,Senior Developer,5.4,2023-10-11,"Finance, Data Analysis, Computer Vision",Unknown,35.1,1,73.1
EMP4920,Arun Singh,employee4920@company.local,IT,Data Scientist,5.6,2021-12-21,"Excel, Deep Learning, Python",Available,50.7,2,53.2
EMP2437,Swati Menon,employee2437@company.local,Sales,Business Analyst,4.8,2021-07-29,"React, Python, Data Analysis",Available,78.1,7,70.8
EMP3836,Aditya Raj,employee3836@company.local,Engineering,Senior Developer,12.6,2019-03-14,"NLP, React",Available,55.7,4,81.7
EMP4852,Sanjay Verma,employee4852@company.local,Engineering,Business Analyst,6.5,2016-10-19,Deep Learning,Available,100.0,5,76.9
EMP1384,Vivek Singh,employee1384@company.local,Data Science,Analyst,9.7,2018-12-05,Django,Available,50.5,3,83.7
EMP739,Isha Sharma,employee739@company.local,Sales,HR Executive,4.7,2014-10-04,"Project Management, Finance, React",Unknown,52.9,6,80.9
EMP3643,Sneha Joshi,employee3643@company.local,IT,Senior Developer,9.2,2019-09-02,"Finance, Project Management, Machine Learning, Data Analysis",Available,63.6,4,84.9
EMP2715,Kavya Joshi,employee2715@company.local,Marketing,Finance Analyst,8.0,2012-12-16,"Computer Vision, Python, Deep Learning, Django",On Leave,56.7,4,70.5
EMP3121,Priya Reddy,employee3121@company.local,IT,Business Analyst,6.0,2016-10-13,Django,Available,59.6,4,69.0
EMP1634,Nikhil Mishra,employee1634@company.local,Data Science,Analyst,6.2,2016-09-01,Deep Learning,Busy,80.1,6,60.2
EMP1805,Anita Pillai,employee1805@company.local,IT,Finance Analyst,5.9,2018-08-29,"Project Management, React",Available,57.7,4,82.0
EMP4809,Meera Kapoor,employee4809@company.local,IT,Senior Developer,8.0,2025-03-05,"Deep Learning, Computer Vision",Available,51.7,1,60.7
EMP1830,Amit Thomas,employee1830@company.local,Engineering,Project Manager,2.4,2012-11-25,React,Available,52.4,2,58.8
EMP4601,Priya Kapoor,employee4601@company.local,Operations,Project Manager,1.3,2020-02-27,"Django, Computer Vision, Project Management, Python",Busy,32.5,1,57.5
EMP2925,Anita Pillai,employee2925@company.local,Engineering,HR Executive,1.6,2024-02-03,"React, SQL",Available,46.5,3,69.4
EMP3227,Neha Joshi,employee3227@company.local,Data Science,Developer,9.3,2012-10-26,"NLP, Excel",Available,20.6,0,78.1
EMP1085,Anita Pillai,employee1085@company.local,Engineering,Business Analyst,9.1,2021-10-31,"Machine Learning, Project Management, Python",Available,81.8,5,62.0
EMP862,Rahul Das,employee862@company.local,Finance,Senior Developer,10.1,2017-08-18,"Deep Learning, Django, SQL",Busy,36.6,3,74.5
EMP1236,Aditya Verma,employee1236@company.local,Data Science,Project Manager,12.4,2021-01-21,Project Management,Available,1.6,2,78.4
EMP2026,Kiran Patel,employee2026@company.local,Engineering,HR Executive,2.6,2018-12-30,"React, Computer Vision, SQL",Available,97.2,8,48.1
EMP4953,Pooja Kapoor,employee4953@company.local,HR,Analyst,9.2,2019-12-19,"React, Python",Available,27.3,0,82.8
EMP4798,Manoj Das,employee4798@company.local,Operations,Analyst,10.1,2021-01-03,"Excel, React, Data Analysis, Python",Available,28.0,1,70.1
EMP300,Arun Raj,employee300@company.local,Operations,Developer,4.7,2022-10-05,"Project Management, Django, SQL",Available,33.6,2,61.8
EMP1212,Sanjay Raj,employee1212@company.local,Sales,Finance Analyst,7.9,2019-03-01,"Excel, Project Management, Machine Learning",Busy,100.0,7,81.6
EMP434,Nikhil Mishra,employee434@company.local,Sales,HR Executive,5.1,2023-10-17,"SQL, React, Python",Available,37.1,1,70.3
EMP4758,Manoj Thomas,employee4758@company.local,Finance,HR Executive,5.2,2013-04-09,Computer Vision,Available,15.4,2,60.2
EMP4296,Aditya Singh,employee4296@company.local,Marketing,Developer,3.0,2023-09-25,"Deep Learning, Machine Learning, SQL",Available,71.4,3,81.0
EMP3219,Isha Sharma,employee3219@company.local,Data Science,Developer,10.0,2021-03-11,Machine Learning,Available,32.3,4,82.0
EMP4151,Divya Nair,employee4151@company.local,HR,Finance Analyst,2.7,2023-03-14,"Deep Learning, Computer Vision, React",Available,61.1,3,58.4
EMP2768,Rohit Kumar,employee2768@company.local,Engineering,Project Manager,4.7,2015-01-26,"Python, NLP, Data Analysis",Available,23.0,2,58.9
EMP4957,Swati Pillai,employee4957@company.local,Sales,Data Scientist,8.8,2020-06-04,"Python, Data Analysis",Available,100.0,7,76.4
EMP945,Anita Reddy,employee945@company.local,Engineering,Project Manager,5.4,2023-02-16,"Machine Learning, NLP, Django",Available,100.0,5,63.6
EMP4113,Pooja Reddy,employee4113@company.local,IT,Senior Developer,2.1,2013-09-02,"Project Management, Deep Learning",Available,39.0,3,62.7
EMP3190,Amit Thomas,employee3190@company.local,Sales,Team Lead,1.0,2020-02-29,"Deep Learning, Machine Learning",Busy,100.0,7,67.6
EMP3150,Amit Das,employee3150@company.local,Sales,Team Lead,6.5,2024-09-30,"Deep Learning, Excel",Available,10.0,0,51.0
EMP3798,Manoj Thomas,employee3798@company.local,HR,Senior Developer,4.1,2020-04-28,"Machine Learning, Computer Vision, Excel",Unknown,73.1,6,68.2
EMP1296,Aditya Kumar,employee1296@company.local,Finance,Business Analyst,7.7,2022-01-28,"SQL, Computer Vision",Busy,7.3,1,66.3
EMP3002,Rahul Patel,employee3002@company.local,HR,HR Executive,12.8,2016-01-02,Excel,Available,8.5,0,69.4
EMP2516,Aditya Verma,employee2516@company.local,IT,Team Lead,3.7,2015-11-14,"Data Analysis, Machine Learning, Python, Project Management",Available,54.0,3,70.4
EMP2634,Nikhil Patel,employee2634@company.local,HR,HR Executive,8.2,2020-03-12,"Computer Vision, Django, NLP, Finance",Available,66.8,8,63.2
EMP907,Neha Joshi,employee907@company.local,Engineering,Analyst,2.9,2019-09-26,"SQL, Project Management",Busy,66.3,5,65.4
EMP3528,Rohit Singh,employee3528@company.local,Finance,Senior Developer,17.6,2024-06-25,"Data Analysis, Machine Learning, Django",Available,44.5,3,77.0
EMP3041,Priya Reddy,employee3041@company.local,Operations,HR Executive,7.5,2017-04-26,Finance,Available,57.8,4,79.2
EMP3503,Sneha Iyer,employee3503@company.local,Finance,Team Lead,11.1,2023-11-21,"NLP, Django, Computer Vision, SQL",Busy,25.0,2,83.6
EMP3975,Kavya Nair,employee3975@company.local,IT,Developer,1.3,2019-02-07,"Data Analysis, NLP",Available,74.0,4,73.6
EMP1109,Meera Menon,employee1109@company.local,Finance,Finance Analyst,3.8,2016-03-14,SQL,Available,62.3,3,77.0
EMP4450,Amit Mishra,employee4450@company.local,Operations,Team Lead,3.1,2015-04-19,"NLP, Data Analysis, React, Django",Available,17.3,0,52.8
EMP2514,Nikhil Mishra,employee2514@company.local,HR,Analyst,9.5,2019-10-05,"Finance, Computer Vision, Django, SQL",Available,75.7,5,69.4
EMP2801,Priya Reddy,employee2801@company.local,Operations,HR Executive,11.1,2015-08-25,"Machine Learning, Computer Vision, Deep Learning",Busy,80.1,5,75.5
EMP1976,Aditya Singh,employee1976@company.local,Sales,Analyst,6.7,2012-11-11,"Django, Machine Learning",Available,28.6,2,48.4
EMP2247,Neha Nair,employee2247@company.local,Finance,Team Lead,5.7,2020-05-17,"Finance, Django, Project Management",Available,48.5,4,55.1
EMP360,Arun Singh,employee360@company.local,HR,Finance Analyst,6.7,2024-04-08,"React, Finance, Django",Available,23.9,2,58.0
EMP528,Rohit Kumar,employee528@company.local,Sales,Business Analyst,12.2,2015-02-21,Machine Learning,Busy,56.5,3,79.3
EMP3279,Isha Iyer,employee3279@company.local,Engineering,Developer,5.4,2012-08-02,Computer Vision,Busy,44.6,3,60.1
EMP3160,Arun Singh,employee3160@company.local,Sales,HR Executive,11.7,2012-03-23,"SQL, React, Deep Learning",Available,59.3,3,61.7
EMP2800,Arun Kumar,employee2800@company.local,Marketing,Senior Developer,18.4,2020-10-02,"Python, Machine Learning",Busy,20.4,0,73.9
EMP3917,Swati Pillai,employee3917@company.local,Data Science,Developer,5.6,2022-10-02,"SQL, Excel, Deep Learning",Available,42.4,4,95.8
EMP3747,Neha Sharma,employee3747@company.local,Sales,Data Scientist,3.1,2022-10-13,React,Available,39.7,4,53.3
EMP4168,Rohit Singh,employee4168@company.local,Operations,Finance Analyst,2.9,2018-07-04,Computer Vision,Available,53.7,5,56.4
EMP3714,Nikhil Mishra,employee3714@company.local,Marketing,Business Analyst,3.5,2023-11-27,NLP,Available,80.0,5,67.5
EMP3851,Divya Joshi,employee3851@company.local,Finance,Developer,2.5,2023-05-19,"Computer Vision, Project Management, Finance",Busy,35.1,2,55.0
EMP518,Manoj Thomas,employee518@company.local,Finance,Project Manager,22.0,2022-07-21,"SQL, Excel, Python, Finance",On Leave,52.1,4,94.5
EMP2198,Manoj Thomas,employee2198@company.local,Operations,Data Scientist,6.1,2012-10-01,"Deep Learning, Data Analysis, Finance, Machine Learning",Available,93.0,7,71.1
EMP4889,Meera Kapoor,employee4889@company.local,IT,Project Manager,1.9,2023-05-04,"SQL, Machine Learning, React, Data Analysis",Available,65.7,2,47.0
EMP2367,Neha Iyer,employee2367@company.local,Engineering,Analyst,11.4,2015-06-03,React,Busy,27.9,2,79.8
EMP1477,Swati Menon,employee1477@company.local,Sales,Analyst,10.2,2016-07-16,"Deep Learning, Excel",Available,14.7,3,80.2
EMP4112,Sanjay Kumar,employee4112@company.local,Marketing,Analyst,2.6,2016-05-02,"Data Analysis, React, Finance, Deep Learning",Available,54.6,4,57.1
EMP1490,Amit Mishra,employee1490@company.local,IT,Finance Analyst,10.8,2021-03-21,"Machine Learning, NLP, Computer Vision",Busy,83.8,7,72.0
EMP1719,Isha Nair,employee1719@company.local,Data Science,Analyst,5.8,2016-11-09,SQL,Available,44.7,2,51.8
EMP006,Kiran Thomas,employee006@company.local,Operations,Senior Developer,1.7,2012-04-06,"SQL, React, NLP, Machine Learning",Busy,41.4,3,56.5
EMP497,Swati Reddy,employee497@company.local,Finance,Developer,7.4,2024-07-08,"Finance, NLP",Available,77.1,5,65.8
EMP3137,Swati Reddy,employee3137@company.local,IT,Data Scientist,9.3,2017-01-26,Deep Learning,Busy,58.7,3,78.1
EMP4265,Anita Kapoor,employee4265@company.local,HR,Finance Analyst,5.6,2017-08-25,"Project Management, SQL, Django, Deep Learning",Busy,30.2,1,73.0
EMP1664,Vivek Kumar,employee1664@company.local,Engineering,Data Scientist,4.1,2022-08-19,Machine Learning,Available,67.6,5,71.4
EMP1629,Meera Pillai,employee1629@company.local,Sales,Data Scientist,12.8,2022-08-08,"Finance, Excel, React, Django",Available,50.6,1,92.5
EMP2016,Aditya Kumar,employee2016@company.local,Engineering,Developer,7.9,2023-05-26,"SQL, React, Data Analysis",Busy,47.9,2,80.6
EMP655,Kavya Iyer,employee655@company.local,Sales,Analyst,11.3,2014-06-17,"Finance, Python",Available,69.9,4,99.0
EMP3619,Isha Sharma,employee3619@company.local,Data Science,HR Executive,2.8,2025-05-14,"Finance, Deep Learning, SQL, Machine Learning",Available,50.9,5,59.5
EMP873,Pooja Kapoor,employee873@company.local,Finance,Team Lead,7.4,2013-01-21,Django,Available,53.1,3,72.8
EMP407,Neha Nair,employee407@company.local,Data Science,Data Scientist,2.5,2019-01-09,"Deep Learning, NLP, Project Management, Django",On Leave,38.2,2,76.3
EMP1040,Arun Kumar,employee1040@company.local,Data Science,Business Analyst,5.0,2023-08-30,Python,Available,66.2,6,65.7
EMP4786,Kiran Mishra,employee4786@company.local,Engineering,Data Scientist,5.2,2021-01-29,"NLP, SQL",Unknown,59.3,3,82.3
EMP2849,Meera Reddy,employee2849@company.local,Finance,Team Lead,5.9,2023-08-22,Excel,Available,65.0,3,67.5
EMP1832,Sanjay Singh,employee1832@company.local,Operations,Data Scientist,3.1,2016-07-21,"Deep Learning, SQL, Python, Finance",Available,53.7,3,77.7
EMP4174,Nikhil Das,employee4174@company.local,Marketing,Developer,1.7,2015-04-15,Excel,Busy,55.4,1,55.6
EMP1394,Nikhil Mishra,employee1394@company.local,Data Science,HR Executive,15.8,2013-09-10,Finance,Busy,59.3,2,71.0
EMP2469,Meera Menon,employee2469@company.local,Data Science,Analyst,12.0,2020-04-05,"SQL, Finance",On Leave,53.1,6,69.2
EMP107,Neha Joshi,employee107@company.local,Finance,Data Scientist,8.7,2014-12-09,"Project Management, Deep Learning",Busy,55.7,3,77.3
EMP4634,Nikhil Patel,employee4634@company.local,Engineering,Developer,4.1,2020-06-14,Deep Learning,Available,67.2,6,65.3
EMP1164,Not specified,employee1164@company.local,Engineering,Analyst,8.3,2020-09-11,"Excel, SQL, Data Analysis, Finance",Busy,18.4,2,75.2
EMP792,Sanjay Singh,employee792@company.local,HR,HR Executive,4.0,2020-04-05,"SQL, Data Analysis",Busy,42.3,5,61.7
EMP049,Meera Reddy,employee049@company.local,Operations,Team Lead,10.1,2020-06-07,Machine Learning,Busy,59.0,4,73.2
EMP4293,Pooja Menon,employee4293@company.local,Finance,Analyst,3.6,2015-08-05,"Deep Learning, NLP, Excel",Available,47.7,5,60.4
EMP611,Divya Sharma,employee611@company.local,Sales,Analyst,11.6,2023-06-23,"Excel, Computer Vision, Django, Machine Learning",Available,80.0,3,79.5
EMP1017,Swati Kapoor,employee1017@company.local,Finance,Senior Developer,2.2,2023-09-08,Deep Learning,Available,18.6,4,66.2
EMP2370,Amit Mishra,employee2370@company.local,Data Science,Finance Analyst,1.6,2013-08-15,Project Management,Available,65.1,3,69.9
EMP3936,Aditya Kumar,employee3936@company.local,IT,Senior Developer,3.7,2021-05-21,"Django, SQL, Excel, React",Busy,50.7,5,70.0
EMP1772,Sanjay Raj,employee1772@company.local,Engineering,Analyst,1.3,2023-10-19,"SQL, Deep Learning, Finance, Machine Learning",Available,98.3,6,55.1
EMP4433,Pooja Reddy,employee4433@company.local,Sales,Developer,3.3,2015-06-26,"SQL, React, Deep Learning, Project Management",Available,100.0,6,66.8
EMP2814,Nikhil Das,employee2814@company.local,Engineering,Senior Developer,4.6,2019-10-14,SQL,Available,37.3,3,54.5
EMP3287,Neha Nair,employee3287@company.local,Operations,Project Manager,1.8,2013-07-05,"Data Analysis, Django, Excel",Busy,59.1,6,62.3
EMP2331,Divya Joshi,employee2331@company.local,Operations,Analyst,7.7,2022-11-30,Data Analysis,Available,60.6,6,67.0
EMP2624,Vivek Kumar,employee2624@company.local,IT,Finance Analyst,10.1,2014-01-18,Machine Learning,Busy,16.0,0,73.7
EMP2098,Manoj Mishra,employee2098@company.local,Engineering,Business Analyst,2.2,2012-12-13,"Finance, React, Python",Available,40.3,4,71.2
EMP740,Arun Verma,employee740@company.local,Data Science,HR Executive,6.8,2019-03-02,"Excel, Deep Learning, React",Available,61.4,4,68.4
EMP1432,Sanjay Singh,employee1432@company.local,Marketing,Data Scientist,5.1,2022-09-25,"Django, Machine Learning, Python",Busy,21.1,2,91.6
EMP1790,Amit Das,employee1790@company.local,Data Science,Senior Developer,4.0,2024-04-06,"Data Analysis, Python, NLP",Available,77.9,2,55.1
EMP2249,Meera Kapoor,employee2249@company.local,Engineering,HR Executive,22.0,2016-11-19,"SQL, Finance, Deep Learning",Available,74.5,4,94.3
EMP3037,Swati Pillai,employee3037@company.local,Marketing,Analyst,5.6,2015-10-26,Python,Busy,51.7,4,62.3
EMP3504,Vivek Kumar,employee3504@company.local,Operations,Team Lead,2.5,2015-12-19,"Data Analysis, Machine Learning, React, Python",Available,27.8,0,67.6
EMP745,Anita Kapoor,employee745@company.local,Finance,Business Analyst,3.9,2015-12-25,"React, Excel, Finance",Available,0.0,1,60.9
EMP1971,Divya Sharma,employee1971@company.local,Operations,Data Scientist,4.2,2025-02-13,"NLP, Project Management, Django, Excel",Available,43.6,2,71.5
EMP2753,Pooja Reddy,employee2753@company.local,Operations,Data Scientist,3.8,2013-01-08,"React, Python, Excel, Django",Busy,67.9,5,52.4
EMP1255,Kavya Nair,employee1255@company.local,Engineering,Analyst,6.0,2015-08-27,"Deep Learning, Django, Excel, React",Busy,33.3,2,66.9
EMP2664,Vivek Singh,employee2664@company.local,Engineering,Developer,14.2,2019-06-25,"Project Management, NLP, Finance, Computer Vision",On Leave,33.2,3,80.7
EMP1913,Pooja Kapoor,employee1913@company.local,Operations,Analyst,14.3,2023-11-03,"Machine Learning, Project Management, Deep Learning, NLP",Busy,100.0,6,77.3
EMP397,Swati Pillai,employee397@company.local,Data Science,Developer,2.1,2015-08-18,"Finance, Machine Learning",Available,59.3,1,54.5
EMP1272,Sanjay Singh,employee1272@company.local,Engineering,Business Analyst,13.2,2012-11-01,Computer Vision,Busy,11.2,1,82.4
EMP486,Kiran Thomas,employee486@company.local,Sales,Team Lead,10.9,2015-05-06,"Data Analysis, Computer Vision, SQL, NLP",Busy,100.0,8,97.2
EMP1461,Priya Menon,employee1461@company.local,HR,Project Manager,5.8,2015-05-01,"Finance, Machine Learning, NLP",On Leave,75.3,4,69.1
EMP184,Vivek Singh,employee184@company.local,Sales,Team Lead,4.4,2020-08-24,"Deep Learning, Computer Vision",Busy,35.7,1,62.1
EMP1437,Swati Pillai,employee1437@company.local,HR,Business Analyst,5.3,2024-10-19,"SQL, Python",Available,66.4,6,66.9
EMP1024,Vivek Kumar,employee1024@company.local,HR,Data Scientist,17.2,2021-12-19,"Django, Python, Data Analysis",Available,100.0,2,96.1
EMP103,Sneha Nair,employee103@company.local,Finance,Analyst,7.4,2019-03-02,Computer Vision,Busy,31.1,2,56.4
EMP1232,Sanjay Kumar,employee1232@company.local,Sales,Analyst,2.4,2022-09-26,"Deep Learning, React, NLP, Finance",On Leave,34.9,3,64.8
EMP239,Isha Iyer,employee239@company.local,IT,Analyst,14.2,2022-05-11,"Project Management, NLP, Computer Vision",Available,52.9,4,74.4
EMP2021,Priya Menon,employee2021@company.local,Sales,Developer,5.5,2023-10-19,"Project Management, Excel, Deep Learning",Available,33.7,2,70.0
EMP803,Sneha Sharma,employee803@company.local,Operations,Analyst,11.2,2019-02-10,"Project Management, SQL, NLP, Deep Learning",Busy,59.2,6,85.3
EMP3303,Sneha Nair,employee3303@company.local,Engineering,Business Analyst,0.3,2017-02-03,"Python, Finance, SQL, Machine Learning",Available,77.3,5,60.3
EMP3879,Isha Nair,employee3879@company.local,Engineering,Business Analyst,0.6,2018-10-04,"Python, Computer Vision, Finance",Available,73.2,1,46.6
EMP896,Aditya Kumar,employee896@company.local,Operations,Project Manager,0.9,2015-04-24,Data Analysis,Busy,14.3,1,69.6
EMP794,Nikhil Patel,employee794@company.local,Data Science,Team Lead,6.0,2025-09-08,"Deep Learning, Machine Learning",Available,95.2,5,43.3
EMP197,Swati Menon,employee197@company.local,Sales,Senior Developer,2.6,2023-08-27,"SQL, NLP, Machine Learning",Available,100.0,7,62.7
EMP828,Rohit Raj,employee828@company.local,Finance,Analyst,8.6,2022-10-28,"Deep Learning, Computer Vision, NLP, Data Analysis",Available,65.1,2,72.6
EMP4252,Sanjay Raj,employee4252@company.local,Sales,Senior Developer,3.8,2022-02-10,"Excel, NLP",Available,42.0,2,71.5
EMP4741,Priya Menon,employee4741@company.local,Engineering,Team Lead,7.0,2012-12-04,"NLP, Deep Learning, Computer Vision",Busy,60.9,5,66.2
EMP2306,Kiran Mishra,employee2306@company.local,Data Science,Team Lead,10.0,2013-03-11,Project Management,Available,57.4,3,69.2
EMP2811,Divya Joshi,employee2811@company.local,Engineering,Data Scientist,4.9,2022-09-24,"Computer Vision, Data Analysis, Project Management, SQL",Available,36.0,3,61.9
EMP1469,Meera Pillai,employee1469@company.local,Sales,Business Analyst,2.8,2019-02-12,"Finance, NLP, Data Analysis",Busy,65.4,3,70.5
EMP2842,Rahul Patel,employee2842@company.local,IT,Developer,1.6,2025-06-21,"Python, Data Analysis, Project Management, SQL",Busy,34.4,3,72.4
EMP672,Sanjay Kumar,employee672@company.local,Marketing,Data Scientist,1.6,2020-08-14,"Python, Project Management, Finance, SQL",Available,31.7,3,70.5
EMP2004,Vivek Verma,employee2004@company.local,Sales,Project Manager,2.2,2018-12-22,Machine Learning,Available,55.8,2,74.2
EMP2876,Aditya Raj,employee2876@company.local,IT,Developer,7.3,2020-03-16,"Deep Learning, SQL",Busy,76.6,6,62.0
EMP4956,Aditya Raj,employee4956@company.local,Engineering,Developer,6.9,2018-08-26,"Data Analysis, Project Management, Python",Available,0.0,0,67.8
EMP1081,Priya Kapoor,employee1081@company.local,Sales,Analyst,1.8,2016-04-21,"Deep Learning, Data Analysis, NLP, Django",Available,71.9,5,69.7
EMP1683,Sneha Sharma,employee1683@company.local,Sales,Analyst,10.7,2025-05-27,"SQL, Machine Learning, Computer Vision",Busy,44.4,4,78.2
EMP496,Aditya Kumar,employee496@company.local,Operations,Team Lead,2.3,2013-05-23,"NLP, SQL, React, Python",Available,63.3,5,74.6
EMP3821,Priya Pillai,employee3821@company.local,Engineering,Analyst,8.2,2013-09-29,"SQL, Machine Learning",Busy,49.1,3,81.2
EMP024,Vivek Singh,employee024@company.local,Engineering,HR Executive,0.6,2024-05-25,"Django, Data Analysis, Deep Learning",Available,40.9,2,57.4
EMP3770,Amit Patel,employee3770@company.local,Finance,Developer,9.3,2014-11-30,"Data Analysis, Project Management, Finance",Available,40.8,2,71.5
EMP4717,Swati Pillai,employee4717@company.local,Marketing,HR Executive,1.9,2016-03-05,"Excel, Machine Learning, Django",Available,42.6,1,61.5
EMP3672,Sanjay Singh,employee3672@company.local,Engineering,Finance Analyst,4.3,2022-04-15,"Computer Vision, NLP, Finance, Django",Available,73.3,6,79.1
EMP3207,Neha Nair,employee3207@company.local,Data Science,Finance Analyst,7.9,2019-08-13,"React, Python, Django, Computer Vision",Busy,52.9,3,69.9
EMP1819,Isha Joshi,employee1819@company.local,IT,Project Manager,9.1,2024-12-14,"Finance, Project Management",Available,64.4,6,72.0
EMP3740,Arun Raj,employee3740@company.local,Operations,Developer,3.4,2012-05-09,Data Analysis,Available,44.7,6,76.5
EMP4240,Arun Kumar,employee4240@company.local,Operations,Team Lead,2.7,2014-04-27,Computer Vision,Available,60.3,6,67.0
EMP966,Kiran Thomas,employee966@company.local,Operations,Senior Developer,1.0,2017-01-11,"Python, Finance",Available,41.4,4,82.6
EMP1999,Isha Iyer,employee1999@company.local,Data Science,Business Analyst,9.7,2025-03-26,NLP,Busy,56.8,4,73.4
EMP278,Manoj Thomas,employee278@company.local,Engineering,Project Manager,2.2,2025-07-24,"Deep Learning, Computer Vision, Finance",Busy,45.1,2,56.7
EMP710,Amit Thomas,employee710@company.local,IT,Data Scientist,4.8,2022-02-18,"Data Analysis, Machine Learning",Busy,49.2,6,80.4
EMP1838,Manoj Das,employee1838@company.local,IT,Developer,1.1,2023-02-20,"Excel, Python, Deep Learning",Available,74.7,5,46.9
EMP4148,Rohit Verma,employee4148@company.local,Engineering,Developer,7.0,2014-12-30,Computer Vision,Available,39.6,1,75.9
EMP4487,Neha Nair,employee4487@company.local,Data Science,Finance Analyst,6.8,2013-04-23,"Deep Learning, Python",Available,6.2,1,70.2
EMP186,Kiran Patel,employee186@company.local,Finance,Analyst,4.8,2012-01-19,"Data Analysis, SQL, Deep Learning",Available,55.7,0,64.3
EMP3870,Amit Das,employee3870@company.local,HR,Business Analyst,6.9,2018-05-24,NLP,Available,81.8,5,77.8
EMP949,Meera Menon,employee949@company.local,Sales,Developer,6.9,2021-10-10,"Deep Learning, Project Management",Busy,52.4,4,65.5
EMP1201,Priya Reddy,employee1201@company.local,IT,Project Manager,14.1,2023-12-12,"Project Management, SQL",Available,81.6,6,77.9
EMP4101,Priya Menon,employee4101@company.local,Engineering,Business Analyst,1.5,2019-06-02,"Project Management, Machine Learning, Computer Vision",Available,99.7,6,52.8
EMP3072,Sanjay Kumar,employee3072@company.local,IT,Business Analyst,10.1,2023-11-08,"Django, Data Analysis, NLP, Excel",Busy,52.4,4,78.8
EMP116,Aditya Verma,employee116@company.local,Engineering,Business Analyst,12.4,2021-05-18,Deep Learning,Available,51.3,4,73.7
EMP4005,Anita Menon,employee4005@company.local,Operations,Analyst,6.5,2025-05-04,"Data Analysis, Machine Learning",Available,63.5,7,56.5
EMP2717,Swati Pillai,employee2717@company.local,Sales,Data Scientist,3.2,2014-04-25,"Machine Learning, Python, Project Management, NLP",Available,42.6,4,69.4
EMP125,Anita Pillai,employee125@company.local,Data Science,Project Manager,5.6,2022-08-20,"Data Analysis, Python, Excel",Available,73.4,5,74.0
EMP435,Kavya Sharma,employee435@company.local,Engineering,Finance Analyst,10.2,2022-02-19,"Machine Learning, Finance, NLP",Available,29.9,3,49.5
EMP3825,Anita Reddy,employee3825@company.local,Engineering,Project Manager,7.7,2025-03-09,"Data Analysis, Python, Project Management, Django",Available,100.0,3,77.0
EMP4789,Meera Menon,employee4789@company.local,Engineering,Developer,10.8,2016-11-27,"Finance, Data Analysis, Django, Deep Learning",Available,55.7,3,68.0
EMP3370,Amit Patel,employee3370@company.local,Operations,HR Executive,12.2,2016-05-28,"Deep Learning, Project Management, Excel",Busy,73.3,4,75.2
EMP4511,Divya Iyer,employee4511@company.local,Data Science,Analyst,4.9,2023-07-23,Django,Available,29.2,2,67.9
EMP3044,Not specified,employee3044@company.local,Marketing,Business Analyst,6.7,2014-01-30,"Project Management, Data Analysis, Excel, NLP",Available,78.2,5,70.5
EMP759,Isha Nair,employee759@company.local,Marketing,Analyst,2.2,2020-09-26,"NLP, Python, Excel",Available,86.9,7,72.3
EMP905,Anita Kapoor,employee905@company.local,Engineering,Senior Developer,4.7,2016-03-23,Computer Vision,Busy,0.0,0,59.8
EMP4474,Nikhil Patel,employee4474@company.local,Finance,Data Scientist,3.2,2021-11-04,"SQL, Machine Learning, Django",Busy,78.6,6,64.5
EMP1253,Pooja Menon,employee1253@company.local,Marketing,HR Executive,2.0,2013-08-28,Computer Vision,Busy,54.1,1,69.3
EMP713,Pooja Kapoor,employee713@company.local,Engineering,Business Analyst,4.2,2014-01-19,"Excel, Deep Learning",Available,2.2,0,63.3
EMP3272,Sanjay Singh,employee3272@company.local,Marketing,Project Manager,3.5,2014-07-25,"Machine Learning, Project Management, Computer Vision, Finance",Available,100.0,7,62.5
EMP3980,Arun Raj,employee3980@company.local,Data Science,Business Analyst,8.3,2018-02-07,"Data Analysis, Machine Learning",Available,70.8,5,96.4
EMP1662,Rahul Das,employee1662@company.local,Marketing,Finance Analyst,3.1,2017-07-25,"NLP, Deep Learning",Available,100.0,8,80.3
EMP3750,Amit Thomas,employee3750@company.local,Data Science,Data Scientist,3.4,2013-05-28,SQL,Available,54.5,3,68.7
EMP009,Meera Kapoor,employee009@company.local,Finance,Analyst,1.0,2015-11-14,Django,Available,100.0,9,43.9
EMP173,Pooja Pillai,employee173@company.local,HR,Analyst,3.7,2022-01-10,React,Available,48.9,3,57.0
EMP1889,Meera Reddy,employee1889@company.local,Engineering,Team Lead,7.7,2012-12-15,"Deep Learning, React, Excel",Available,39.7,3,70.5
EMP1653,Pooja Menon,employee1653@company.local,Operations,Team Lead,1.7,2014-09-21,"SQL, Excel, Project Management",On Leave,100.0,7,70.2
EMP4107,Neha Joshi,employee4107@company.local,Operations,Analyst,7.2,2014-12-21,"NLP, Computer Vision, Finance",Busy,65.4,5,89.2
EMP4896,Aditya Kumar,employee4896@company.local,Engineering,Developer,4.3,2015-11-08,"Finance, Python, Deep Learning, Project Management",Available,56.0,1,62.5
EMP1258,Manoj Patel,employee1258@company.local,IT,Data Scientist,11.3,2015-07-19,"Computer Vision, NLP, Machine Learning",Available,72.5,6,58.1
EMP375,Kavya Nair,employee375@company.local,Sales,Senior Developer,4.3,2013-04-03,"NLP, React, Django",Busy,71.4,5,63.6
EMP347,Neha Joshi,employee347@company.local,HR,Team Lead,11.6,2015-09-28,Project Management,Available,28.7,3,69.4
EMP4976,Aditya Kumar,employee4976@company.local,Marketing,Developer,5.3,2022-09-28,"Django, Data Analysis, NLP",Available,76.5,8,72.6
EMP3861,Priya Menon,employee3861@company.local,Marketing,Project Manager,1.9,2014-11-10,Django,Busy,37.0,1,67.8
EMP4806,Kiran Thomas,employee4806@company.local,Finance,Business Analyst,12.3,2014-08-31,"Computer Vision, Excel, Data Analysis, Python",Busy,85.9,6,63.7
EMP4571,Divya Joshi,employee4571@company.local,Finance,Finance Analyst,9.8,2023-05-07,"Data Analysis, Python, Django",Busy,85.3,7,77.0
EMP837,Swati Menon,employee837@company.local,Marketing,Senior Developer,13.1,2023-12-25,Excel,Available,74.9,6,85.6
EMP1347,Neha Sharma,employee1347@company.local,IT,Business Analyst,1.3,2020-06-19,Python,Busy,61.7,4,59.6
EMP2462,Rahul Das,employee2462@company.local,Engineering,Analyst,4.0,2025-06-24,"Django, Machine Learning, Python, Data Analysis",Available,47.1,4,62.8
EMP130,Amit Mishra,employee130@company.local,HR,Analyst,2.1,2015-06-04,Django,Available,48.0,2,70.6
EMP371,Divya Sharma,employee371@company.local,IT,Senior Developer,8.8,2016-06-15,"Deep Learning, React",Available,35.0,6,77.3
EMP3685,Anita Menon,employee3685@company.local,Sales,Data Scientist,10.0,2024-07-14,"Deep Learning, Computer Vision, Finance",Available,58.8,3,70.9
EMP4470,Amit Thomas,employee4470@company.local,Operations,Team Lead,18.0,2020-02-27,"Django, React",Available,55.0,4,78.2
EMP2667,Neha Joshi,employee2667@company.local,Data Science,Business Analyst,1.8,2017-04-07,"Finance, Python",Busy,70.4,5,66.0
EMP198,Manoj Thomas,employee198@company.local,Engineering,Finance Analyst,2.0,2022-07-06,"Deep Learning, Python, SQL, Computer Vision",On Leave,51.4,4,62.6
EMP060,Arun Raj,employee060@company.local,Operations,Project Manager,22.0,2016-04-26,"Django, Finance, SQL",Busy,52.8,3,93.9
EMP2244,Vivek Verma,employee2244@company.local,Sales,Finance Analyst,1.6,2014-11-11,"Computer Vision, Machine Learning",Available,53.9,2,69.5
EMP3397,Swati Menon,employee3397@company.local,Sales,Finance Analyst,11.0,2025-04-06,"SQL, Deep Learning",On Leave,73.7,4,75.1
EMP2604,Vivek Raj,employee2604@company.local,Marketing,Developer,8.0,2022-11-08,"Deep Learning, Machine Learning, NLP",Available,78.3,2,64.5
EMP1037,Swati Pillai,employee1037@company.local,Engineering,Analyst,8.5,2023-01-24,"Excel, React, Computer Vision, Machine Learning",Busy,20.8,2,69.8
EMP3373,Pooja Pillai,employee3373@company.local,IT,Team Lead,9.4,2014-03-06,"Django, Python, SQL",Available,36.6,3,71.6
EMP2854,Nikhil Thomas,employee2854@company.local,Engineering,HR Executive,22.0,2025-07-03,"Project Management, Deep Learning",Available,11.0,1,96.1
EMP2583,Sneha Nair,employee2583@company.local,HR,Developer,11.3,2019-12-13,"Python, Deep Learning, Machine Learning, SQL",Available,67.8,4,76.8
EMP1199,Isha Iyer,employee1199@company.local,Engineering,Finance Analyst,11.7,2020-04-07,"Excel, Computer Vision, Django, SQL",Busy,11.8,2,66.3
EMP1566,Kiran Das,employee1566@company.local,Finance,Analyst,5.6,2024-05-08,"Machine Learning, NLP",Available,81.0,4,65.7
EMP1494,Nikhil Thomas,employee1494@company.local,Marketing,Project Manager,2.8,2024-10-05,"Django, Excel, Data Analysis, Python",Available,78.9,4,71.7
EMP1205,Anita Menon,employee1205@company.local,Data Science,Business Analyst,6.1,2022-08-23,"Finance, Excel, Machine Learning, Project Management",Available,71.1,5,60.7
EMP1444,Vivek Verma,employee1444@company.local,Sales,Analyst,3.1,2024-11-02,"NLP, SQL, Project Management",Busy,66.4,4,61.2
EMP2140,Arun Raj,employee2140@company.local,Engineering,Team Lead,5.2,2024-04-15,"Deep Learning, Computer Vision, SQL, Finance",Available,77.5,5,62.4
EMP4630,Amit Thomas,employee4630@company.local,Sales,HR Executive,5.6,2017-07-18,"NLP, SQL, Deep Learning",Busy,46.7,5,64.2
EMP3691,Divya Joshi,employee3691@company.local,Operations,Business Analyst,1.5,2014-10-20,"React, Excel, Data Analysis",Unknown,59.8,3,62.2
EMP3845,Anita Menon,employee3845@company.local,HR,Analyst,0.8,2018-10-07,"Data Analysis, Finance, Machine Learning, NLP",Available,27.0,1,62.3
EMP4965,Anita Menon,employee4965@company.local,Sales,Analyst,3.1,2013-12-18,"Data Analysis, NLP",Available,74.0,5,62.2
EMP1937,Swati Reddy,employee1937@company.local,Data Science,Business Analyst,12.6,2012-06-21,Finance,Busy,54.0,3,72.5
EMP1351,Divya Nair,employee1351@company.local,Engineering,Analyst,10.2,2023-12-19,"Data Analysis, Excel, NLP, Project Management",Available,35.1,2,78.4
EMP353,Pooja Reddy,employee353@company.local,Engineering,HR Executive,10.1,2012-01-23,"SQL, Project Management",Available,49.2,3,66.1
EMP277,Swati Menon,employee277@company.local,Engineering,HR Executive,7.3,2021-01-20,"Python, Data Analysis, Deep Learning",Available,18.4,1,68.6
EMP1720,Arun Singh,employee1720@company.local,Engineering,Project Manager,4.6,2022-03-07,Python,Available,25.2,1,69.5
EMP4983,Sneha Nair,employee4983@company.local,Engineering,Analyst,16.6,2013-01-05,"Excel, Project Management, Machine Learning",Available,28.9,2,83.0
EMP4788,Rohit Verma,employee4788@company.local,Marketing,Project Manager,1.2,2024-12-09,Django,Available,59.4,3,62.1
EMP4149,Meera Menon,employee4149@company.local,Sales,Team Lead,8.0,2017-03-25,"React, Data Analysis",Available,55.7,2,80.2
EMP4385,Anita Reddy,employee4385@company.local,Operations,Project Manager,11.8,2021-06-19,"Excel, SQL, NLP, Computer Vision",Busy,57.8,3,69.4
EMP1497,Swati Kapoor,employee1497@company.local,Engineering,Data Scientist,2.1,2016-01-17,"Deep Learning, SQL, React",On Leave,10.8,0,77.7
EMP2103,Sneha Nair,employee2103@company.local,Engineering,Analyst,12.6,2012-07-27,"Python, NLP, SQL",Busy,54.3,4,85.8
EMP2270,Amit Das,employee2270@company.local,Operations,Business Analyst,12.3,2020-09-06,"Computer Vision, SQL",Busy,68.5,6,91.4
EMP2512,Sanjay Kumar,employee2512@company.local,Sales,Senior Developer,6.4,2015-05-09,"Machine Learning, React, Deep Learning, Data Analysis",Available,76.3,3,70.2
EMP3757,Swati Pillai,employee3757@company.local,HR,Data Scientist,0.6,2020-06-27,"Machine Learning, SQL, Deep Learning",Available,87.6,5,43.5
EMP2166,Kiran Thomas,employee2166@company.local,Marketing,HR Executive,2.8,2016-10-01,"Project Management, React, Finance, Django",Busy,4.5,0,85.3
EMP4051,Divya Sharma,employee4051@company.local,Data Science,Developer,4.0,2021-05-10,Finance,Available,68.4,4,63.5
EMP999,Isha Nair,employee999@company.local,Data Science,Project Manager,2.7,2024-01-27,"Computer Vision, Excel, Deep Learning, Finance",Available,96.8,8,57.5
EMP4620,Arun Raj,employee4620@company.local,Finance,Business Analyst,4.0,2021-10-28,"Python, NLP",On Leave,76.5,4,76.7
EMP2052,Sanjay Verma,employee2052@company.local,Finance,Business Analyst,2.8,2023-03-05,"Python, React, Deep Learning",Available,57.4,3,70.3
EMP2591,Divya Iyer,employee2591@company.local,Engineering,Analyst,3.9,2019-10-29,"React, Python",Available,47.6,3,80.6
EMP582,Rahul Thomas,employee582@company.local,Engineering,Business Analyst,4.8,2016-06-28,Computer Vision,Available,21.5,0,69.4
EMP1399,Isha Nair,employee1399@company.local,HR,Project Manager,10.8,2018-04-30,"Data Analysis, SQL",Busy,32.8,3,77.7
EMP2972,Sanjay Raj,employee2972@company.local,Data Science,Project Manager,17.2,2015-05-16,"Deep Learning, Project Management",Available,43.0,4,99.0
EMP3780,Arun Verma,employee3780@company.local,Engineering,Finance Analyst,6.8,2025-01-23,"SQL, NLP, Deep Learning, Finance",Available,65.9,4,87.6
EMP1239,Isha Nair,employee1239@company.local,IT,Developer,7.5,2019-09-27,"Computer Vision, Machine Learning",Busy,43.8,2,71.4
EMP2292,Sanjay Verma,employee2292@company.local,Data Science,Team Lead,2.6,2016-09-17,"Deep Learning, Finance, React",Available,100.0,8,63.3
EMP073,Pooja Kapoor,employee073@company.local,Operations,Team Lead,8.1,2016-12-31,"Finance, Excel, Project Management",Available,100.0,8,75.3
EMP1883,Sneha Joshi,employee1883@company.local,Finance,Finance Analyst,8.4,2012-08-24,Django,Available,57.9,4,72.2
EMP290,Amit Mishra,employee290@company.local,Operations,Finance Analyst,3.6,2018-05-24,"Machine Learning, Data Analysis, SQL, Excel",Available,55.7,6,59.4
EMP540,Arun Raj,employee540@company.local,Finance,Business Analyst,6.6,2020-03-29,"Deep Learning, SQL, Excel, NLP",Available,40.6,1,77.0
EMP3608,Rohit Singh,employee3608@company.local,Engineering,Team Lead,9.5,2012-02-17,Computer Vision,Available,33.8,1,70.4
EMP3006,Kiran Das,employee3006@company.local,Engineering,Finance Analyst,2.7,2016-09-05,Data Analysis,Busy,66.6,5,58.5
EMP1453,Pooja Pillai,employee1453@company.local,IT,Business Analyst,4.8,2023-12-07,Finance,Available,75.2,5,58.3
EMP1518,Manoj Das,employee1518@company.local,IT,Finance Analyst,8.4,2018-06-13,"NLP, SQL, Project Management, Finance",Available,59.5,3,73.2
EMP3202,Rahul Mishra,employee3202@company.local,Marketing,Finance Analyst,3.7,2017-07-26,"Project Management, Excel, Finance",Available,49.1,7,76.7
EMP2833,Pooja Reddy,employee2833@company.local,Sales,Analyst,4.5,2016-06-21,"Data Analysis, Excel",Busy,19.4,3,56.7
EMP3648,Rohit Kumar,employee3648@company.local,Engineering,HR Executive,5.8,2017-12-13,"Deep Learning, NLP, React",Available,54.1,3,62.2
EMP3841,Priya Reddy,employee3841@company.local,Engineering,Business Analyst,3.3,2015-05-15,Machine Learning,Available,63.0,6,66.8
EMP1687,Neha Nair,employee1687@company.local,Marketing,Senior Developer,1.8,2022-12-22,"Project Management, Computer Vision",Available,86.5,8,60.9
EMP3914,Nikhil Patel,employee3914@company.local,Data Science,Project Manager,5.1,2021-08-10,SQL,Available,49.5,2,66.7
EMP1707,Neha Joshi,employee1707@company.local,Finance,Developer,6.5,2017-08-29,"Project Management, Machine Learning, NLP, Data Analysis",Available,75.9,5,61.9
EMP678,Manoj Thomas,employee678@company.local,IT,Finance Analyst,5.4,2015-08-15,SQL,Busy,0.0,1,64.6
EMP2461,Priya Pillai,employee2461@company.local,Operations,Analyst,8.0,2019-10-26,"Django, Machine Learning, SQL, React",Available,86.0,6,71.3
EMP007,Neha Nair,employee007@company.local,Sales,Data Scientist,4.1,2017-08-02,"Python, Computer Vision, Deep Learning, React",Available,23.8,3,74.4
EMP1221,Priya Menon,employee1221@company.local,Data Science,Project Manager,22.0,2024-12-08,"NLP, Excel, Finance, Machine Learning",Busy,13.1,0,91.6
EMP4963,Sneha Sharma,employee4963@company.local,Marketing,Analyst,6.2,2022-07-14,Data Analysis,Busy,68.1,5,72.4
EMP4162,Rahul Mishra,employee4162@company.local,Operations,Project Manager,4.4,2018-04-22,"SQL, Project Management",On Leave,83.0,6,54.5
EMP4783,Sneha Iyer,employee4783@company.local,Engineering,Finance Analyst,14.9,2018-10-28,"NLP, Python, Excel",Available,77.2,5,96.6
EMP3093,Pooja Menon,employee3093@company.local,Data Science,Team Lead,4.1,2017-03-05,Django,Available,55.7,5,64.9
EMP3842,Rahul Mishra,employee3842@company.local,Data Science,Business Analyst,0.5,2019-03-11,"Machine Learning, Computer Vision",Busy,58.0,5,58.0
EMP1573,Pooja Menon,employee1573@company.local,Data Science,Data Scientist,15.8,2025-02-14,"SQL, React",Busy,42.4,5,91.4
EMP3630,Amit Das,employee3630@company.local,Operations,Analyst,7.1,2024-10-06,NLP,Busy,61.9,3,67.3
EMP2046,Kiran Das,employee2046@company.local,HR,Analyst,12.0,2022-06-28,Data Analysis,Busy,38.0,3,68.5
EMP805,Anita Menon,employee805@company.local,Engineering,Finance Analyst,2.2,2016-05-29,"Django, Python",Busy,43.2,4,69.6
EMP4526,Kiran Das,employee4526@company.local,Sales,Data Scientist,11.0,2015-01-13,"Machine Learning, NLP",Busy,75.7,5,79.6
EMP1712,Sanjay Kumar,employee1712@company.local,IT,Analyst,8.1,2019-06-16,"Excel, NLP, Machine Learning, Project Management",Busy,13.9,0,74.4
EMP1116,Aditya Raj,employee1116@company.local,IT,Team Lead,1.7,2012-12-24,"Django, React",Busy,84.1,6,67.1
EMP3185,Anita Reddy,employee3185@company.local,Sales,Analyst,8.1,2012-07-25,SQL,Busy,16.5,1,81.5
EMP2943,Sneha Iyer,employee2943@company.local,Finance,Data Scientist,6.5,2014-05-01,"SQL, Data Analysis",Available,35.9,2,68.2
EMP2770,Amit Mishra,employee2770@company.local,IT,Senior Developer,10.1,2022-10-15,"Machine Learning, NLP, Computer Vision, Data Analysis",Busy,92.4,7,80.1
EMP1011,Divya Sharma,employee1011@company.local,Operations,Senior Developer,0.4,2022-10-19,"NLP, React",Available,68.1,4,69.3
EMP757,Swati Menon,employee757@company.local,Operations,Developer,4.8,2022-03-27,"Computer Vision, Data Analysis, Python, Excel",Available,70.3,6,69.4
EMP4242,Rahul Mishra,employee4242@company.local,Finance,Team Lead,3.7,2022-02-24,"Django, React",Available,39.8,4,56.3
EMP4966,Kiran Thomas,employee4966@company.local,IT,Developer,15.2,2021-10-15,"NLP, Excel, React",Available,53.5,5,83.5
EMP976,Aditya Kumar,employee976@company.local,IT,HR Executive,3.3,2013-11-21,Computer Vision,Available,55.7,5,72.7
EMP894,Nikhil Das,employee894@company.local,Marketing,Developer,6.2,2014-05-27,"Computer Vision, NLP, Machine Learning, Deep Learning",Busy,86.0,7,95.8
EMP704,Vivek Kumar,employee704@company.local,IT,Project Manager,11.3,2021-01-31,"Computer Vision, React, Python, Django",Available,85.7,7,89.3
EMP3407,Neha Iyer,employee3407@company.local,Finance,Data Scientist,3.8,2017-02-10,"SQL, React, NLP",On Leave,85.1,4,61.2
EMP4273,Pooja Reddy,employee4273@company.local,Engineering,Senior Developer,8.7,2022-05-16,Deep Learning,On Leave,76.2,7,69.7
EMP1448,Rohit Singh,employee1448@company.local,HR,HR Executive,5.4,2021-07-01,Deep Learning,Busy,82.7,7,53.7
EMP2279,Isha Nair,employee2279@company.local,Sales,HR Executive,5.1,2018-03-02,"Python, Machine Learning, SQL, Project Management",Available,89.3,4,58.2
EMP2733,Pooja Pillai,employee2733@company.local,Marketing,Finance Analyst,6.6,2015-09-09,SQL,Available,86.6,7,70.4
EMP4801,Priya Reddy,employee4801@company.local,IT,Data Scientist,7.3,2016-05-25,"Finance, Computer Vision",Available,50.5,3,85.2
EMP2859,Isha Joshi,employee2859@company.local,Engineering,Senior Developer,4.1,2013-02-06,"Django, Machine Learning, Computer Vision, Data Analysis",Available,93.0,6,58.4
EMP1549,Meera Pillai,employee1549@company.local,Engineering,Analyst,9.8,2020-09-15,"Computer Vision, Django, Finance",Available,73.8,6,69.4
EMP4691,Divya Sharma,employee4691@company.local,HR,Team Lead,4.2,2022-08-22,Deep Learning,Available,46.0,5,62.3
EMP639,Isha Iyer,employee639@company.local,Engineering,Senior Developer,2.8,2021-01-17,"NLP, Computer Vision, Project Management",Available,72.8,4,72.0
EMP1835,Kavya Joshi,employee1835@company.local,Engineering,Analyst,1.2,2016-06-30,"React, SQL",On Leave,43.2,3,59.1
EMP2700,Arun Raj,employee2700@company.local,Engineering,Analyst,0.9,2013-03-04,"React, Data Analysis, SQL, Excel",Available,39.3,1,75.4
EMP2435,Kavya Sharma,employee2435@company.local,Operations,Data Scientist,5.2,2018-05-26,"Machine Learning, Excel, NLP",Available,67.7,5,53.0
EMP3191,Divya Nair,employee3191@company.local,Operations,Finance Analyst,4.2,2021-11-25,"Project Management, Data Analysis, React",Available,50.5,3,84.5
EMP4854,Nikhil Thomas,employee4854@company.local,Sales,Data Scientist,14.8,2024-07-26,"Python, Deep Learning, Django, NLP",Busy,63.3,4,80.9
EMP1541,Priya Menon,employee1541@company.local,Data Science,Business Analyst,3.4,2013-10-06,"Python, Computer Vision",Busy,29.1,2,70.1
EMP1063,Sneha Nair,employee1063@company.local,Operations,Team Lead,4.5,2016-11-09,"NLP, Machine Learning, Data Analysis",Unknown,20.9,3,73.9
EMP4618,Manoj Patel,employee4618@company.local,Engineering,HR Executive,2.4,2023-06-03,"Project Management, Excel",Busy,61.8,3,64.6
EMP2446,Kiran Das,employee2446@company.local,IT,Developer,5.4,2015-07-16,"Deep Learning, Project Management, Python",Available,60.1,5,68.6
EMP4274,Nikhil Mishra,employee4274@company.local,Marketing,Data Scientist,5.2,2020-09-21,Excel,Busy,72.0,5,66.2
EMP4202,Rahul Patel,employee4202@company.local,HR,Data Scientist,2.4,2022-02-08,"Python, Finance, Computer Vision, Deep Learning",Busy,57.2,4,60.6
EMP3680,Arun Kumar,employee3680@company.local,IT,Business Analyst,4.0,2019-04-04,Django,Available,95.3,7,75.4
EMP2039,Isha Nair,employee2039@company.local,Data Science,Senior Developer,3.0,2012-06-13,Project Management,Busy,23.0,1,79.4
EMP2786,Kiran Mishra,employee2786@company.local,IT,Project Manager,4.5,2019-04-27,"Data Analysis, Excel, Computer Vision",Available,47.3,3,72.8
EMP2971,Divya Joshi,employee2971@company.local,Sales,Developer,2.2,2016-09-13,Data Analysis,Busy,61.4,4,78.0
EMP248,Rohit Singh,employee248@company.local,Engineering,Data Scientist,2.1,2015-07-07,"Finance, NLP, React",Available,51.0,4,54.0
EMP4319,Isha Iyer,employee4319@company.local,Marketing,Team Lead,10.5,2019-03-12,"Deep Learning, Excel, Computer Vision",Busy,15.6,0,68.5
EMP2711,Divya Nair,employee2711@company.local,Engineering,Analyst,14.4,2023-12-31,React,Busy,72.8,4,91.8
EMP1363,Sneha Sharma,employee1363@company.local,Engineering,Project Manager,8.3,2018-07-25,NLP,Available,47.4,3,79.9
EMP4611,Divya Sharma,employee4611@company.local,Finance,Analyst,8.8,2015-01-02,Django,Available,38.3,1,65.6
EMP3284,Vivek Verma,employee3284@company.local,Marketing,Senior Developer,1.3,2013-03-22,"Deep Learning, Data Analysis, Django",Available,32.4,2,55.4
EMP1517,Swati Pillai,employee1517@company.local,Data Science,Senior Developer,3.3,2021-08-22,"Project Management, Python",Available,60.8,5,70.1
EMP3222,Rahul Thomas,employee3222@company.local,IT,Data Scientist,5.9,2025-02-08,"Django, Finance",Available,19.3,0,67.6
EMP1157,Swati Menon,employee1157@company.local,Data Science,Developer,5.4,2022-12-29,"Django, React",Busy,81.4,4,62.7
EMP726,Kiran Thomas,employee726@company.local,Marketing,Business Analyst,2.2,2022-08-14,Data Analysis,Available,57.4,1,76.7
EMP1798,Manoj Thomas,employee1798@company.local,Finance,Business Analyst,0.8,2025-07-31,"Python, Machine Learning",Available,72.9,6,38.6
EMP619,Isha Joshi,employee619@company.local,Data Science,Developer,6.8,2020-08-20,"Deep Learning, Computer Vision, SQL, Project Management",Busy,42.6,4,71.3
EMP660,Arun Verma,employee660@company.local,Marketing,HR Executive,3.5,2014-01-02,"Project Management, React",Available,60.6,4,62.1
EMP3274,Nikhil Patel,employee3274@company.local,Engineering,Team Lead,6.6,2019-10-28,Data Analysis,Available,69.6,4,77.9
EMP1439,Isha Iyer,employee1439@company.local,IT,Finance Analyst,6.0,2016-09-03,"Machine Learning, Python, Excel",Available,69.4,5,73.1
EMP3328,Rohit Kumar,employee3328@company.local,Data Science,Data Scientist,7.8,2015-01-24,"Excel, Machine Learning",Available,36.2,2,89.3
EMP1833,Pooja Kapoor,employee1833@company.local,HR,Project Manager,12.2,2022-11-28,"React, Computer Vision",Busy,37.4,2,60.2
EMP4171,Divya Joshi,employee4171@company.local,Finance,Team Lead,8.6,2020-10-15,NLP,Available,11.1,3,52.2
EMP4437,Swati Menon,employee4437@company.local,IT,Project Manager,15.5,2017-01-21,"Project Management, Deep Learning, Machine Learning",Available,19.2,1,72.6
EMP067,Neha Sharma,employee067@company.local,Engineering,Project Manager,6.0,2021-07-01,"Python, React, Django",Available,35.1,4,69.4
EMP1933,Pooja Pillai,employee1933@company.local,Finance,Project Manager,4.9,2024-12-02,"Deep Learning, Finance, Computer Vision",Available,75.0,4,54.7
EMP2102,Rahul Thomas,employee2102@company.local,HR,Data Scientist,1.8,2022-05-09,"Deep Learning, React, Finance",Available,62.9,5,49.7
EMP3526,Kiran Thomas,employee3526@company.local,Operations,HR Executive,9.3,2012-10-26,Computer Vision,Available,64.7,3,67.0
EMP1689,Meera Kapoor,employee1689@company.local,Data Science,Business Analyst,4.7,2016-06-24,"Finance, Machine Learning, Django, SQL",Available,100.0,8,74.5
EMP2737,Swati Reddy,employee2737@company.local,Engineering,Finance Analyst,2.1,2015-07-17,"Project Management, NLP, SQL",On Leave,90.5,8,59.0
EMP2598,Manoj Thomas,employee2598@company.local,HR,Project Manager,8.4,2022-08-21,"SQL, NLP, Data Analysis",Busy,60.8,5,73.5
EMP2480,Arun Kumar,employee2480@company.local,IT,Business Analyst,7.0,2019-11-19,Project Management,Available,36.2,2,97.5
EMP3448,Rohit Singh,employee3448@company.local,Operations,Data Scientist,5.6,2017-08-15,Excel,On Leave,16.4,2,81.7
EMP544,Vivek Kumar,employee544@company.local,Engineering,Business Analyst,4.0,2015-07-11,"Excel, Deep Learning, Data Analysis",Available,56.0,2,53.8
EMP1808,Rohit Kumar,employee1808@company.local,HR,Team Lead,5.6,2017-10-02,Finance,Busy,79.7,6,67.0
EMP3826,Kiran Mishra,employee3826@company.local,Finance,Team Lead,16.8,2015-05-22,"Machine Learning, Data Analysis",Unknown,57.1,4,71.8
EMP1531,Divya Joshi,employee1531@company.local,IT,Business Analyst,2.7,2012-11-29,"Python, Project Management",Busy,56.8,5,62.7
EMP2400,Arun Kumar,employee2400@company.local,IT,Data Scientist,2.8,2019-12-09,Machine Learning,Available,37.1,2,72.0
EMP4847,Neha Iyer,employee4847@company.local,Marketing,Team Lead,1.2,2017-01-06,"Computer Vision, SQL",Unknown,64.6,5,65.3
EMP4325,Anita Menon,employee4325@company.local,Marketing,Business Analyst,1.1,2018-03-02,"Machine Learning, Django, SQL",Available,36.0,2,64.2
EMP3016,Aditya Singh,employee3016@company.local,Data Science,Senior Developer,4.1,2018-02-22,"Computer Vision, NLP",Available,57.7,4,51.9
EMP4518,Manoj Thomas,employee4518@company.local,Marketing,Business Analyst,5.7,2022-10-04,"Data Analysis, Python",Available,90.5,6,73.1
EMP2829,Meera Pillai,employee2829@company.local,IT,HR Executive,4.5,2024-02-27,Deep Learning,Available,45.9,2,69.4
EMP4649,Meera Kapoor,employee4649@company.local,IT,Senior Developer,5.2,2021-11-29,Data Analysis,On Leave,65.2,3,66.2
EMP4130,Amit Mishra,employee4130@company.local,Operations,Team Lead,2.4,2014-05-05,"Deep Learning, Finance, Data Analysis, Excel",Busy,60.8,5,57.9
EMP3111,Divya Nair,employee3111@company.local,Marketing,Senior Developer,4.5,2021-01-19,"Computer Vision, Data Analysis",Busy,25.4,2,70.3
EMP4734,Nikhil Das,employee4734@company.local,Data Science,Senior Developer,9.3,2025-03-28,"Finance, Python",Busy,63.9,5,69.8
EMP2895,Kavya Iyer,employee2895@company.local,IT,HR Executive,6.8,2015-01-04,"Machine Learning, NLP, SQL, React",Available,62.5,3,85.4
EMP4197,Swati Menon,employee4197@company.local,Engineering,Data Scientist,1.7,2023-02-13,"Machine Learning, React",Available,8.1,2,64.7
EMP2840,Arun Singh,employee2840@company.local,Sales,Finance Analyst,2.0,2019-11-04,"Deep Learning, Excel, Project Management",Available,55.3,4,77.0
EMP1136,Aditya Kumar,employee1136@company.local,Engineering,Team Lead,19.5,2018-08-04,"Excel, Finance, Django",Available,68.4,7,87.6
EMP1420,Arun Raj,employee1420@company.local,Engineering,Senior Developer,13.4,2019-05-20,Excel,Busy,90.6,6,70.2
EMP879,Isha Iyer,employee879@company.local,Data Science,Project Manager,7.4,2020-07-01,"SQL, Deep Learning, Project Management, React",Available,20.2,4,77.7
EMP1161,Priya Kapoor,employee1161@company.local,Data Science,Developer,22.0,2020-08-16,React,Available,66.4,5,94.3
EMP2463,Sneha Iyer,employee2463@company.local,Finance,Analyst,0.3,2023-07-27,"React, Excel, NLP",Available,41.6,3,62.1
EMP4438,Manoj Thomas,employee4438@company.local,HR,Business Analyst,9.7,2016-07-29,Django,On Leave,55.7,3,80.1
EMP1117,Swati Pillai,employee1117@company.local,Engineering,Developer,11.8,2014-01-14,"Computer Vision, Excel",On Leave,73.1,5,92.7
EMP925,Anita Pillai,employee925@company.local,Finance,Team Lead,5.0,2019-03-27,Data Analysis,Available,62.2,3,63.4
EMP3865,Anita Kapoor,employee3865@company.local,Marketing,Business Analyst,7.2,2020-12-18,"Deep Learning, Machine Learning, Excel, Computer Vision",Available,42.5,3,70.5
EMP2960,Arun Kumar,employee2960@company.local,Sales,Data Scientist,0.7,2019-12-31,"Excel, Python, Data Analysis",Busy,57.5,2,68.5
EMP4184,Vivek Singh,employee4184@company.local,HR,Analyst,3.7,2013-11-04,"Deep Learning, Django",Available,89.3,5,61.6
EMP2790,Amit Thomas,employee2790@company.local,Data Science,Senior Developer,18.5,2018-04-24,"React, Python, Excel",Available,56.4,2,90.0
EMP4459,Not specified,employee4459@company.local,IT,HR Executive,13.0,2015-08-09,"SQL, Machine Learning, Python",Available,25.0,2,67.9
EMP4018,Manoj Mishra,employee4018@company.local,Finance,Finance Analyst,21.5,2012-01-28,"Django, NLP, SQL",Available,56.4,4,83.5
EMP469,Meera Menon,employee469@company.local,Engineering,Team Lead,4.0,2019-02-08,"Computer Vision, Machine Learning, Django",Busy,43.5,3,69.4
EMP4254,Not specified,employee4254@company.local,Engineering,Business Analyst,7.0,2023-07-04,"Finance, SQL",Available,5.8,0,75.1
EMP2088,Rohit Singh,employee2088@company.local,Operations,Project Manager,12.3,2025-06-20,"NLP, Excel, Machine Learning, React",Available,67.0,4,68.5
EMP4727,Neha Nair,employee4727@company.local,Operations,Developer,16.0,2024-02-20,"React, NLP, Deep Learning, SQL",Available,59.8,3,78.6
EMP4176,Aditya Kumar,employee4176@company.local,Engineering,Analyst,6.6,2024-12-21,"Machine Learning, Project Management",Available,48.7,1,73.9
EMP4190,Amit Das,employee4190@company.local,Operations,Project Manager,5.7,2013-05-21,Machine Learning,Available,78.3,4,73.7
EMP1562,Rahul Patel,employee1562@company.local,Finance,HR Executive,2.8,2021-09-25,"Finance, Django, Computer Vision, Project Management",Available,53.6,3,67.8
EMP1187,Neha Sharma,employee1187@company.local,Sales,Business Analyst,10.0,2013-01-22,"SQL, Computer Vision, Excel",Available,62.5,4,71.7
EMP3103,Sneha Iyer,employee3103@company.local,Marketing,Business Analyst,3.0,2021-03-20,"Excel, Finance",Available,62.1,5,71.1
EMP1938,Manoj Mishra,employee1938@company.local,IT,Business Analyst,3.8,2021-10-12,"Project Management, Deep Learning, Django",Available,36.4,1,63.9
EMP3774,Nikhil Das,employee3774@company.local,Sales,HR Executive,6.5,2015-06-02,"Excel, Machine Learning, NLP, Project Management",Available,75.2,3,78.2
EMP2704,Vivek Kumar,employee2704@company.local,HR,Data Scientist,0.5,2014-04-15,"React, Finance, Machine Learning, Data Analysis",Busy,17.1,0,67.0
EMP1627,Neha Joshi,employee1627@company.local,Engineering,Team Lead,10.7,2019-08-12,"Python, Project Management, Computer Vision, React",Available,53.4,4,86.1
EMP330,Amit Patel,employee330@company.local,Marketing,Developer,5.0,2015-05-07,Machine Learning,Available,80.6,3,63.3
EMP3525,Anita Menon,employee3525@company.local,Data Science,HR Executive,4.2,2019-03-08,"NLP, Django, Excel, React",Available,51.5,7,60.0
EMP553,Pooja Kapoor,employee553@company.local,IT,Analyst,1.4,2019-09-22,Deep Learning,Available,56.7,3,77.7
EMP1086,Kiran Das,employee1086@company.local,Finance,Data Scientist,10.3,2022-07-16,"Project Management, Finance",Busy,75.0,5,68.8
EMP2806,Kiran Thomas,employee2806@company.local,Data Science,Senior Developer,12.0,2015-02-25,Machine Learning,Available,95.2,6,70.6
EMP3516,Aditya Raj,employee3516@company.local,Data Science,Analyst,4.1,2020-07-04,"React, NLP, Project Management, Data Analysis",Available,28.4,2,86.1
EMP1557,Swati Menon,employee1557@company.local,Data Science,Team Lead,10.9,2020-10-31,"Computer Vision, SQL",Available,46.1,4,76.3
EMP2385,Anita Reddy,employee2385@company.local,Engineering,Data Scientist,5.4,2013-12-03,"Data Analysis, NLP, Excel",Available,49.6,3,70.9
EMP4615,Kavya Nair,employee4615@company.local,Engineering,Developer,9.2,2021-10-06,"Data Analysis, Excel",Available,65.8,5,70.3
EMP1277,Swati Pillai,employee1277@company.local,Data Science,Finance Analyst,3.2,2021-09-17,Computer Vision,Available,34.0,3,71.9
EMP4285,Anita Pillai,employee4285@company.local,Engineering,Team Lead,1.9,2016-03-12,"React,Computer Vision",Busy,12.9,0,63.9
EMP3762,Rahul Mishra,employee3762@company.local,Marketing,Business Analyst,2.5,2014-05-27,"Machine Learning, Deep Learning",Busy,47.2,4,64.4
EMP1569,Meera Reddy,employee1569@company.local,Operations,HR Executive,4.6,2019-02-10,"SQL, Finance, Django",Busy,38.6,2,55.9
EMP4089,Meera Kapoor,employee4089@company.local,Sales,HR Executive,5.6,2017-12-03,Excel,Busy,67.5,5,68.9
EMP3604,Vivek Verma,employee3604@company.local,Finance,Data Scientist,14.8,2025-03-11,React,Available,55.7,5,85.1
EMP4857,Swati Kapoor,employee4857@company.local,HR,Senior Developer,7.3,2012-12-26,"NLP, React, Machine Learning, Django",Available,35.7,4,76.6
EMP4109,Meera Pillai,employee4109@company.local,Engineering,Developer,2.8,2024-01-31,"Django, Project Management, Finance",Available,82.5,7,68.2
EMP3417,Swati Kapoor,employee3417@company.local,Data Science,HR Executive,5.0,2015-07-10,Django,Available,52.9,5,79.2
EMP4034,Nikhil Mishra,employee4034@company.local,HR,Developer,8.3,2017-10-18,"Django, Machine Learning, Finance, Data Analysis",Available,44.3,2,67.8
EMP344,Vivek Singh,employee344@company.local,Finance,Team Lead,6.2,2025-06-21,"Project Management, NLP, Computer Vision, React",Available,29.9,2,67.4
EMP3058,Manoj Mishra,employee3058@company.local,Operations,Analyst,4.5,2019-03-13,Excel,Available,55.7,2,63.2
EMP773,Pooja Menon,employee773@company.local,Finance,Finance Analyst,14.3,2017-10-31,Deep Learning,Available,47.9,2,73.6
EMP1327,Neha Iyer,employee1327@company.local,Engineering,Project Manager,14.2,2012-02-20,"Project Management, Excel",Busy,25.3,1,75.4
EMP3164,Vivek Raj,employee3164@company.local,Operations,Developer,8.3,2014-09-10,Finance,On Leave,100.0,6,70.3
EMP653,Pooja Pillai,employee653@company.local,HR,Senior Developer,1.1,2017-06-04,"Deep Learning, Data Analysis, Django, React",Available,66.2,4,68.1
EMP1388,Rohit Raj,employee1388@company.local,Operations,Team Lead,6.3,2015-07-30,"Python, Django, React, Excel",Available,100.0,7,53.6
EMP2422,Rahul Thomas,employee2422@company.local,Engineering,Business Analyst,2.8,2022-11-07,"React, Django, Data Analysis",Available,47.8,4,49.7
EMP886,Kiran Thomas,employee886@company.local,Data Science,Finance Analyst,2.8,2024-04-04,Computer Vision,On Leave,23.0,0,61.9
EMP1018,Manoj Patel,employee1018@company.local,Engineering,Team Lead,7.5,2018-10-21,React,Available,70.5,5,72.4
EMP4704,Vivek Kumar,employee4704@company.local,Operations,HR Executive,2.3,2021-04-01,Python,Busy,62.7,4,68.1
EMP4716,Aditya Raj,employee4716@company.local,Engineering,Developer,3.1,2024-01-21,"Computer Vision, SQL",Available,85.9,5,74.8
EMP1887,Neha Iyer,employee1887@company.local,Finance,Analyst,2.4,2013-04-07,"Project Management, Machine Learning, Finance",Busy,43.5,3,64.2
EMP3529,Meera Kapoor,employee3529@company.local,Sales,HR Executive,2.2,2019-05-22,Django,Available,42.9,3,68.7
EMP445,Anita Pillai,employee445@company.local,Data Science,Business Analyst,5.1,2021-10-01,"Excel, Django",Available,17.5,1,77.2
EMP3979,Isha Joshi,employee3979@company.local,Operations,Developer,18.2,2014-06-07,"NLP, React, SQL, Django",On Leave,78.4,6,73.0
EMP3510,Amit Thomas,employee3510@company.local,IT,HR Executive,2.4,2016-05-12,Excel,Available,75.2,6,41.3
EMP4578,Manoj Mishra,employee4578@company.local,Operations,HR Executive,6.0,2021-07-05,"NLP, Django, Python, Machine Learning",Available,52.5,4,84.0
EMP2261,Priya Menon,employee2261@company.local,Engineering,HR Executive,11.7,2015-06-12,"SQL, Deep Learning, React",Available,73.2,4,81.8
EMP2685,Anita Pillai,employee2685@company.local,HR,Developer,6.8,2015-04-18,"Machine Learning, SQL",Available,48.5,5,56.6
EMP3078,Manoj Thomas,employee3078@company.local,Engineering,Business Analyst,4.4,2017-11-20,Deep Learning,Available,68.5,4,68.9
EMP3433,Pooja Kapoor,employee3433@company.local,IT,Business Analyst,4.7,2014-01-22,"Computer Vision, Excel, Django, SQL",Busy,95.6,6,52.5
EMP4520,Arun Singh,employee4520@company.local,Data Science,Finance Analyst,5.7,2021-03-31,"NLP, Python, Excel, Finance",Available,71.7,2,67.3
EMP3805,Anita Pillai,employee3805@company.local,Finance,Team Lead,5.8,2021-02-07,Django,On Leave,83.4,6,58.5
EMP4753,Pooja Reddy,employee4753@company.local,HR,Team Lead,8.6,2014-08-28,"Data Analysis, Deep Learning, Python, Machine Learning",Busy,78.7,6,64.3
EMP3392,Sanjay Kumar,employee3392@company.local,Engineering,Business Analyst,12.8,2024-11-10,"Python, Data Analysis",Available,14.3,3,91.8
EMP2929,Meera Reddy,employee2929@company.local,Data Science,Team Lead,7.2,2017-01-15,"Deep Learning, Project Management",Busy,50.8,2,53.9
EMP4309,Meera Menon,employee4309@company.local,Marketing,Team Lead,1.6,2017-06-04,Finance,Available,52.4,3,78.0
EMP1449,Meera Kapoor,employee1449@company.local,Sales,Senior Developer,15.6,2016-02-14,"Deep Learning, Data Analysis, React, Finance",Available,68.9,6,89.4
EMP2067,Neha Sharma,employee2067@company.local,Sales,Team Lead,4.2,2013-04-14,"Excel, React, Data Analysis, Python",Available,62.2,5,73.8
EMP4668,Rohit Raj,employee4668@company.local,Data Science,Project Manager,6.4,2017-03-24,"Excel, React, Machine Learning, Finance",Available,59.6,3,61.7
EMP502,Rahul Thomas,employee502@company.local,Data Science,Project Manager,3.9,2024-09-08,"Finance, SQL",Busy,34.0,2,60.2
EMP250,Amit Patel,employee250@company.local,Data Science,Project Manager,6.3,2017-09-19,"React, Django, Excel, Machine Learning",Busy,31.6,0,69.1
EMP872,Sanjay Singh,employee872@company.local,Finance,Data Scientist,6.8,2014-02-14,"SQL, Deep Learning, Excel",Available,80.0,5,77.4
EMP2360,Arun Singh,employee2360@company.local,Finance,Senior Developer,7.6,2023-01-20,"Excel, Finance",On Leave,54.2,3,64.3
EMP1325,Anita Pillai,employee1325@company.local,Sales,Team Lead,18.6,2022-05-22,"Project Management, React, Finance",Busy,40.0,2,79.5
EMP1493,Pooja Menon,employee1493@company.local,Marketing,Business Analyst,7.6,2022-05-03,React,On Leave,77.1,6,71.1
EMP1376,Aditya Kumar,employee1376@company.local,Marketing,Team Lead,1.8,2017-11-09,"NLP, Project Management, React, SQL",Available,40.8,3,69.1
EMP1800,Arun Singh,employee1800@company.local,Marketing,Data Scientist,15.4,2023-05-27,"Project Management, Python, Finance",Busy,94.9,7,78.8
EMP2781,Priya Pillai,employee2781@company.local,Sales,HR Executive,1.9,2021-04-27,"React, Finance",Available,33.4,2,72.0
EMP2224,Vivek Kumar,employee2224@company.local,Data Science,Senior Developer,5.9,2012-01-25,React,Busy,55.7,3,89.2
EMP1143,Sneha Nair,employee1143@company.local,Marketing,HR Executive,1.9,2012-03-26,"Computer Vision, Finance",Busy,86.1,4,79.5
EMP3474,Nikhil Mishra,employee3474@company.local,Data Science,Business Analyst,11.0,2019-12-18,Finance,Available,39.5,1,81.5
EMP1577,Swati Kapoor,employee1577@company.local,Finance,Project Manager,2.8,2020-10-05,"Project Management, Data Analysis, Machine Learning, Django",Available,38.8,4,56.3
EMP231,Divya Nair,employee231@company.local,Engineering,Business Analyst,5.0,2015-03-11,"Machine Learning, Finance, NLP, Django",Available,63.0,4,64.3
EMP4064,Vivek Kumar,employee4064@company.local,Finance,HR Executive,18.1,2013-07-22,"Django, Computer Vision, Finance, Deep Learning",Available,50.0,3,93.2
EMP3174,Nikhil Thomas,employee3174@company.local,IT,Senior Developer,6.5,2016-03-08,Machine Learning,On Leave,55.6,5,81.7
EMP4998,Manoj Thomas,employee4998@company.local,Sales,Analyst,14.1,2016-09-23,"Finance, Data Analysis, Computer Vision",Available,69.1,5,78.9
EMP3996,Aditya Raj,employee3996@company.local,Finance,Developer,3.8,2021-03-28,"Data Analysis, NLP, Django",Available,45.5,2,66.7
EMP4929,Meera Reddy,employee4929@company.local,Operations,Data Scientist,5.1,2021-10-17,"Machine Learning, Data Analysis, Deep Learning",Available,67.3,4,71.7
EMP3724,Vivek Raj,employee3724@company.local,Engineering,Developer,4.9,2014-06-08,"Computer Vision, React",Available,40.1,2,68.9
EMP047,Neha Iyer,employee047@company.local,Finance,Senior Developer,12.4,2020-03-26,"SQL, Finance, Deep Learning, Project Management",Available,34.3,2,65.1
EMP3437,Swati Pillai,employee3437@company.local,Engineering,HR Executive,1.4,2017-03-28,"Finance, SQL, Django",Busy,73.2,4,67.2
EMP1451,Divya Joshi,employee1451@company.local,IT,Data Scientist,2.6,2019-03-19,"Machine Learning, Django",Busy,63.9,2,53.9
EMP2014,Nikhil Das,employee2014@company.local,Data Science,HR Executive,2.4,2023-11-17,"Excel, Django",Available,21.6,0,54.0
EMP312,Sanjay Singh,employee312@company.local,Marketing,Business Analyst,8.3,2023-01-02,Python,Busy,19.0,0,64.9
EMP960,Arun Kumar,employee960@company.local,Data Science,Project Manager,4.1,2022-06-08,"Django, Machine Learning",Unknown,76.3,7,60.7
EMP1466,Kiran Patel,employee1466@company.local,Engineering,Business Analyst,6.6,2024-03-31,"Data Analysis, Deep Learning",Available,79.7,5,57.1
EMP1219,Isha Sharma,employee1219@company.local,Marketing,HR Executive,8.2,2012-05-23,"Django, Computer Vision",Available,39.4,1,67.0
EMP1483,Sneha Joshi,employee1483@company.local,Marketing,HR Executive,2.6,2018-12-06,"Finance, Machine Learning, React, NLP",Busy,54.4,3,65.2
EMP477,Swati Pillai,employee477@company.local,Marketing,Team Lead,2.8,2014-05-19,Computer Vision,Available,99.8,5,61.1
EMP1958,Manoj Thomas,employee1958@company.local,Operations,Business Analyst,9.4,2016-10-06,"SQL, NLP",On Leave,81.5,3,60.6
EMP1337,Swati Kapoor,employee1337@company.local,HR,Analyst,16.8,2015-07-27,Python,On Leave,100.0,8,89.0
EMP529,Meera Reddy,employee529@company.local,Data Science,Finance Analyst,1.1,2015-08-27,"NLP, Project Management, Deep Learning",Busy,45.7,1,79.7
EMP2927,Neha Iyer,employee2927@company.local,Sales,Developer,3.2,2023-04-29,"SQL, NLP, Deep Learning, Python",Available,66.4,6,53.9
EMP3086,Kiran Das,employee3086@company.local,IT,Developer,7.4,2024-12-28,Python,Busy,49.0,4,71.2
EMP530,Amit Mishra,employee530@company.local,Sales,Project Manager,8.4,2012-07-09,"Data Analysis, SQL, Excel, React",Available,30.7,2,70.1
EMP2380,Arun Raj,employee2380@company.local,Operations,Business Analyst,3.0,2018-09-03,"Finance, React, Computer Vision, Python",Available,59.2,2,70.5
EMP165,Anita Menon,employee165@company.local,IT,Data Scientist,7.0,2023-11-09,Data Analysis,Available,57.6,3,76.5
EMP2994,Nikhil Mishra,employee2994@company.local,Sales,Developer,7.0,2019-09-12,Deep Learning,Available,25.0,2,68.6
EMP316,Aditya Raj,employee316@company.local,Engineering,Finance Analyst,3.4,2012-11-05,Python,Available,100.0,8,51.8
EMP2935,Kavya Nair,employee2935@company.local,Engineering,Data Scientist,6.5,2015-11-27,"NLP, Deep Learning",Busy,56.3,4,83.3
EMP1723,Sneha Joshi,employee1723@company.local,Operations,HR Executive,5.3,2024-07-31,"React, Deep Learning",Available,100.0,9,69.4
EMP2110,Amit Das,employee2110@company.local,Operations,Analyst,7.8,2025-06-27,"NLP, Finance, SQL, Deep Learning",Available,78.7,6,81.1
EMP2590,Amit Das,employee2590@company.local,Engineering,HR Executive,3.8,2020-03-28,"React, Django, SQL, Python",Available,45.7,3,65.2
EMP3709,Meera Pillai,employee3709@company.local,IT,Data Scientist,2.6,2021-01-14,"Deep Learning, Python",Available,36.4,2,73.3
EMP843,Sneha Joshi,employee843@company.local,Engineering,Team Lead,4.9,2023-04-11,"Python, Project Management, NLP",Available,93.1,7,69.0
EMP4356,Aditya Verma,employee4356@company.local,Sales,Data Scientist,6.9,2014-04-08,"Data Analysis, SQL, Excel, Django",Available,45.6,4,63.0
EMP1537,Swati Reddy,employee1537@company.local,Data Science,Developer,10.3,2014-09-25,"React, Django",Busy,72.1,6,69.3
EMP1624,Vivek Singh,employee1624@company.local,Data Science,HR Executive,7.8,2014-01-31,"Project Management, Machine Learning, Deep Learning",Available,82.9,6,75.8
EMP220,Arun Raj,employee220@company.local,Engineering,HR Executive,5.6,2022-03-11,Python,Available,86.7,7,57.5
EMP3098,Manoj Patel,employee3098@company.local,IT,Analyst,5.6,2021-12-27,Computer Vision,Busy,61.6,4,54.3
EMP396,Aditya Raj,employee396@company.local,Operations,Finance Analyst,7.8,2019-12-08,"Finance, Data Analysis, Excel, Computer Vision",Available,53.1,2,93.3
EMP2764,Vivek Raj,employee2764@company.local,Engineering,HR Executive,4.6,2019-06-17,"Computer Vision, Deep Learning, Data Analysis",Busy,55.7,4,73.9
EMP4756,Aditya Verma,employee4756@company.local,Operations,Senior Developer,4.5,2015-11-27,Deep Learning,Available,23.6,2,83.3
EMP2783,Sneha Iyer,employee2783@company.local,Finance,Business Analyst,9.9,2021-06-19,"Python, SQL, Django",Busy,61.6,4,80.1
EMP349,Meera Pillai,employee349@company.local,Engineering,Finance Analyst,4.1,2025-06-07,"Data Analysis, Machine Learning, Finance, Django",Available,64.6,6,64.8
EMP4749,Meera Pillai,employee4749@company.local,HR,Analyst,5.7,2017-02-15,"Data Analysis, React, Python, SQL",Available,64.5,5,72.7
EMP3155,Kavya Sharma,employee3155@company.local,Finance,Analyst,8.3,2019-11-25,"Python, Deep Learning, Project Management, Finance",Available,50.5,4,69.4
EMP2718,Manoj Das,employee2718@company.local,Engineering,Senior Developer,5.1,2014-01-08,"Django, Computer Vision, React",Busy,50.5,2,78.8
EMP4300,Arun Raj,employee4300@company.local,Operations,Team Lead,8.8,2014-10-19,"Project Management, Computer Vision, Finance, Data Analysis",Unknown,59.0,2,63.7
EMP422,Rahul Thomas,employee422@company.local,IT,Finance Analyst,5.2,2024-07-23,Deep Learning,Available,55.7,2,68.2
EMP4698,Manoj Patel,employee4698@company.local,Finance,Business Analyst,5.5,2020-06-02,"Finance, Python, SQL",Available,55.9,5,73.7
EMP3384,Vivek Singh,employee3384@company.local,HR,Business Analyst,6.5,2019-08-31,"Deep Learning, Excel",Available,21.4,3,59.2
EMP282,Rahul Patel,employee282@company.local,Engineering,HR Executive,5.1,2019-10-26,"Project Management, Finance, Excel",Busy,75.6,6,53.7
EMP3901,Priya Pillai,employee3901@company.local,Engineering,Senior Developer,6.1,2023-03-07,"Finance, Project Management, SQL",Available,73.0,5,82.3
EMP2670,Amit Das,employee2670@company.local,Data Science,Data Scientist,1.2,2017-05-13,"Deep Learning, Excel",Available,70.0,5,67.9
EMP1269,Meera Menon,employee1269@company.local,Marketing,Finance Analyst,12.6,2012-01-16,"React, Computer Vision, SQL",Available,12.3,0,87.4
EMP3620,Arun Verma,employee3620@company.local,Engineering,Finance Analyst,1.4,2015-09-09,"Finance, Deep Learning, Django, Excel",Available,73.0,6,64.1
EMP1534,Nikhil Das,employee1534@company.local,Data Science,Business Analyst,7.7,2022-02-11,Deep Learning,Available,79.6,5,87.9
EMP2153,Pooja Kapoor,employee2153@company.local,Data Science,Analyst,2.8,2023-05-27,"Finance, Python",Available,26.6,2,62.2
EMP3628,Rohit Raj,employee3628@company.local,IT,Senior Developer,4.8,2022-02-11,"Python, SQL, Computer Vision",Available,33.4,3,69.2
EMP1472,Sanjay Kumar,employee1472@company.local,IT,HR Executive,14.8,2014-05-15,"SQL, Computer Vision, Data Analysis",Busy,61.8,4,70.5
EMP1467,Neha Joshi,employee1467@company.local,Engineering,Team Lead,5.5,2021-06-27,"Excel, Deep Learning",Available,71.1,5,77.6
EMP2615,Kavya Nair,employee2615@company.local,Engineering,Senior Developer,5.1,2019-07-20,Machine Learning,Unknown,34.8,3,75.4
EMP4000,Arun Kumar,employee4000@company.local,Engineering,Analyst,4.5,2020-12-02,"Django, Machine Learning",Busy,37.7,2,60.9
EMP2433,Pooja Reddy,employee2433@company.local,Engineering,Developer,1.7,2012-10-15,"React, Finance",Busy,34.2,1,60.0
EMP261,Priya Menon,employee261@company.local,Sales,HR Executive,7.2,2018-01-25,"React, Excel, NLP, Machine Learning",On Leave,29.8,1,62.0
EMP855,Kavya Nair,employee855@company.local,IT,HR Executive,5.2,2015-02-12,Excel,Available,55.4,4,70.5
EMP830,Amit Das,employee830@company.local,Data Science,Finance Analyst,5.2,2012-11-12,"Data Analysis, SQL, Python",Available,36.1,3,58.4
EMP3765,Anita Menon,employee3765@company.local,Data Science,HR Executive,21.4,2021-09-20,Deep Learning,Available,33.2,3,72.4
EMP2210,Amit Mishra,employee2210@company.local,Marketing,Data Scientist,6.9,2013-07-17,"Project Management, Finance, Data Analysis, Excel",Available,89.8,4,61.0
EMP3633,Pooja Reddy,employee3633@company.local,Data Science,Analyst,0.8,2015-05-22,"Python, Django, Project Management, Excel",On Leave,55.7,5,62.7
EMP1880,Arun Singh,employee1880@company.local,Operations,HR Executive,1.8,2022-04-29,"Finance, Deep Learning",Available,38.3,3,61.1
EMP4635,Kavya Joshi,employee4635@company.local,Engineering,Data Scientist,4.6,2012-11-15,"Python, Project Management, Machine Learning, Data Analysis",Available,27.4,2,76.1
EMP4828,Rohit Raj,employee4828@company.local,Engineering,Analyst,5.3,2013-09-08,Data Analysis,Available,53.2,4,64.8
EMP876,Aditya Raj,employee876@company.local,HR,Data Scientist,4.0,2018-09-08,Python,Available,68.3,3,69.3
EMP667,Neha Joshi,employee667@company.local,Data Science,Senior Developer,1.2,2019-12-20,"Project Management, Computer Vision",Available,12.2,0,52.6
EMP2838,Manoj Thomas,employee2838@company.local,Data Science,Developer,2.9,2017-05-02,Computer Vision,Available,84.0,6,69.4
EMP3295,Kavya Iyer,employee3295@company.local,IT,Finance Analyst,3.9,2022-04-26,"SQL, Computer Vision, Project Management, React",Available,41.7,2,65.1
EMP562,Rahul Mishra,employee562@company.local,IT,Developer,2.0,2012-05-19,"Computer Vision, Deep Learning",Available,50.3,3,57.6
EMP318,Manoj Das,employee318@company.local,HR,Senior Developer,7.9,2020-05-10,Computer Vision,Available,77.9,6,72.8
EMP3362,Rahul Mishra,employee3362@company.local,Engineering,Analyst,13.6,2019-11-23,SQL,Available,21.9,2,72.4
EMP2498,Manoj Mishra,employee2498@company.local,Sales,Senior Developer,7.0,2020-05-08,SQL,On Leave,52.7,5,75.6
EMP2954,Nikhil Patel,employee2954@company.local,Engineering,Senior Developer,8.0,2020-11-15,"SQL, Finance, Data Analysis, Deep Learning",Available,52.0,3,81.4
EMP1628,Rohit Raj,employee1628@company.local,HR,Business Analyst,7.4,2018-09-08,Data Analysis,Available,62.0,3,67.1
EMP1804,Vivek Raj,employee1804@company.local,Sales,Team Lead,3.0,2012-04-14,Data Analysis,Available,48.0,3,74.0
EMP964,Vivek Verma,employee964@company.local,Engineering,Data Scientist,3.7,2021-06-08,"Excel, NLP, Finance, Django",Available,5.9,0,55.3
EMP4387,Neha Sharma,employee4387@company.local,Engineering,Analyst,7.4,2023-05-02,"SQL, Python, Finance, Django",Available,94.1,8,76.1
EMP1542,Rahul Thomas,employee1542@company.local,IT,Data Scientist,7.5,2015-01-31,Deep Learning,Available,39.1,2,74.2
EMP2669,Meera Pillai,employee2669@company.local,IT,Senior Developer,10.9,2017-11-25,Finance,Busy,87.3,3,81.8
EMP1319,Isha Nair,employee1319@company.local,Operations,Developer,3.5,2024-04-23,"Django, NLP",Available,1.2,1,88.9
EMP2029,Meera Pillai,employee2029@company.local,Operations,Business Analyst,6.0,2013-08-12,"SQL, Deep Learning, React",Available,71.3,6,71.1
EMP4426,Kiran Patel,employee4426@company.local,Finance,Business Analyst,2.2,2015-09-15,"React, Computer Vision",Busy,18.2,3,74.8
EMP4776,Aditya Singh,employee4776@company.local,Data Science,HR Executive,9.1,2013-02-17,"Finance, React",Unknown,55.7,5,73.2
EMP4346,Kiran Patel,employee4346@company.local,IT,Finance Analyst,7.5,2021-12-02,"Machine Learning, Finance",Available,29.5,1,77.5
EMP3658,Manoj Patel,employee3658@company.local,HR,HR Executive,22.0,2014-07-09,React,Available,48.7,5,99.0
EMP4959,Isha Iyer,employee4959@company.local,Finance,Team Lead,9.9,2024-09-20,Project Management,Available,41.7,4,81.2
EMP3657,Swati Kapoor,employee3657@company.local,Data Science,Developer,7.7,2012-02-22,"Machine Learning, Data Analysis, Python, Django",Available,48.5,5,83.4
EMP1556,Aditya Verma,employee1556@company.local,Engineering,Business Analyst,20.6,2012-10-11,NLP,Available,99.3,6,84.3
EMP3206,Kiran Thomas,employee3206@company.local,Marketing,Data Scientist,7.1,2024-12-21,"Excel, Deep Learning, Django",Available,46.2,3,82.7
EMP2918,Manoj Thomas,employee2918@company.local,Marketing,Data Scientist,11.6,2019-10-01,"Computer Vision, Machine Learning, NLP",Available,47.2,5,74.6
EMP4599,Isha Nair,employee4599@company.local,Sales,Analyst,5.7,2023-12-05,"Machine Learning, Python, Finance, Project Management",Available,32.2,1,59.9
EMP4429,Meera Pillai,employee4429@company.local,Operations,HR Executive,10.9,2016-03-12,Data Analysis,Available,90.2,5,72.8
EMP2149,Meera Menon,employee2149@company.local,Marketing,Developer,5.6,2020-12-20,"Project Management, Finance, Deep Learning",Available,100.0,8,76.7
EMP3576,Aditya Singh,employee3576@company.local,Engineering,Data Scientist,4.2,2016-02-14,"NLP, Excel, SQL, Deep Learning",Available,63.7,4,58.6
EMP3530,Amit Patel,employee3530@company.local,HR,Developer,17.3,2025-03-22,"Project Management, Django",Available,22.9,0,86.2
EMP225,Anita Reddy,employee225@company.local,IT,Project Manager,6.2,2017-07-19,Project Management,Available,35.9,1,63.4
EMP4622,Rahul Das,employee4622@company.local,Finance,Analyst,6.8,2012-01-09,"Computer Vision, NLP, Python",Busy,79.4,4,75.5
EMP1391,Divya Iyer,employee1391@company.local,Engineering,Developer,3.2,2018-06-25,"Django, Data Analysis, SQL, Python",Busy,67.4,3,79.7
EMP1111,Divya Nair,employee1111@company.local,Marketing,Data Scientist,5.8,2020-10-26,Machine Learning,Available,37.0,4,75.7
EMP951,Divya Nair,employee951@company.local,IT,Business Analyst,4.8,2013-05-29,"React, Excel, Django, Finance",Available,59.8,4,75.3
EMP4800,Arun Kumar,employee4800@company.local,Operations,Finance Analyst,8.9,2015-06-02,"Deep Learning, NLP, Excel, Project Management",Available,54.8,4,87.7
EMP652,Sanjay Raj,employee652@company.local,Sales,Senior Developer,3.3,2013-10-29,"Data Analysis, Django",On Leave,65.7,7,50.5
EMP1779,Isha Sharma,employee1779@company.local,Finance,Business Analyst,3.1,2016-09-21,"Project Management, Excel",Available,80.1,6,81.1
EMP1862,Rahul Thomas,employee1862@company.local,HR,Developer,3.1,2018-12-17,Excel,Busy,24.9,3,82.8
EMP4834,Nikhil Mishra,employee4834@company.local,IT,Developer,1.3,2015-02-07,"Machine Learning, SQL, NLP",Available,22.2,1,46.2
EMP1441,Priya Reddy,employee1441@company.local,Engineering,Analyst,3.8,2023-12-11,"SQL, Machine Learning, Excel",Available,54.0,4,79.4
EMP3304,Vivek Singh,employee3304@company.local,Engineering,HR Executive,9.3,2012-05-31,"Machine Learning, NLP, React",Busy,81.3,6,55.8
EMP2815,Kavya Iyer,employee2815@company.local,Data Science,Team Lead,2.4,2021-08-26,"Data Analysis, Excel, Finance",Available,64.3,3,70.0
EMP2652,Sanjay Raj,employee2652@company.local,Data Science,Project Manager,2.7,2017-04-29,"Finance, React, Data Analysis",Busy,67.5,2,59.9
EMP1078,Manoj Thomas,employee1078@company.local,Engineering,Finance Analyst,3.8,2023-12-28,React,Busy,100.0,8,55.5
EMP4885,Anita Menon,employee4885@company.local,Finance,Developer,4.0,2021-10-18,"Project Management, Finance, Excel",Available,61.7,4,75.1
EMP1460,Arun Verma,employee1460@company.local,Engineering,Senior Developer,6.5,2017-10-06,"Django, Project Management, Data Analysis",Busy,43.9,3,54.1
EMP804,Vivek Verma,employee804@company.local,IT,Business Analyst,17.5,2013-07-09,"Finance, NLP, Data Analysis, SQL",Busy,57.4,4,77.6
EMP3652,Sanjay Verma,employee3652@company.local,Operations,Team Lead,11.0,2016-08-22,"SQL, Project Management, Django",Busy,75.0,4,76.4
EMP3312,Sanjay Kumar,employee3312@company.local,Data Science,HR Executive,7.7,2017-02-26,"Django, Project Management",Available,51.9,1,82.6
EMP3612,Sanjay Raj,employee3612@company.local,Sales,Developer,17.2,2024-01-10,"SQL, Python",Available,85.6,7,82.9
EMP1400,Arun Singh,employee1400@company.local,Marketing,Data Scientist,3.2,2016-04-25,Computer Vision,Available,84.9,7,77.3
EMP4144,Vivek Kumar,employee4144@company.local,IT,Finance Analyst,8.1,2022-07-04,"NLP, Computer Vision, Data Analysis",Busy,22.7,2,66.4
EMP2963,Sneha Sharma,employee2963@company.local,Engineering,Data Scientist,17.4,2020-05-30,"SQL, Excel, React, Finance",Available,23.3,3,80.8
EMP3452,Sanjay Raj,employee3452@company.local,Operations,Finance Analyst,4.3,2015-05-05,"Data Analysis, NLP, Django",Available,67.5,3,50.4
EMP1816,Aditya Singh,employee1816@company.local,Marketing,Developer,3.6,2021-02-03,"React, Python, Data Analysis",Busy,7.3,2,59.0
EMP4216,Aditya Singh,employee4216@company.local,Engineering,Finance Analyst,16.3,2021-10-05,"React, Deep Learning, Python, Computer Vision",Busy,53.7,4,78.5
EMP2792,Sanjay Singh,employee2792@company.local,IT,Senior Developer,7.3,2017-03-18,"NLP, Excel, Deep Learning, Django",Available,62.2,2,54.8
EMP3513,Pooja Kapoor,employee3513@company.local,Sales,Finance Analyst,10.3,2022-01-09,Data Analysis,Busy,76.6,7,86.5
EMP3256,Aditya Singh,employee3256@company.local,HR,Business Analyst,2.0,2014-04-25,"SQL, Deep Learning, Machine Learning",Available,54.3,4,69.4
EMP408,Rohit Singh,employee408@company.local,Operations,Data Scientist,9.2,2021-03-09,NLP,Available,98.6,7,63.5
EMP4874,Nikhil Patel,employee4874@company.local,IT,Data Scientist,6.1,2024-07-24,"Django, SQL, Project Management",Busy,16.1,1,76.5
EMP119,Isha Nair,employee119@company.local,Data Science,Team Lead,11.1,2016-08-20,SQL,Busy,56.5,2,86.4
EMP4645,Anita Menon,employee4645@company.local,Operations,Senior Developer,3.9,2022-02-02,NLP,Available,50.5,3,75.1
EMP2470,Amit Thomas,employee2470@company.local,Finance,Analyst,6.5,2022-07-21,"Computer Vision, SQL",Available,83.2,6,76.1
EMP039,Isha Nair,employee039@company.local,Sales,Data Scientist,4.6,2016-07-10,"Project Management, Data Analysis, React, Excel",Busy,68.1,5,75.3
EMP4730,Amit Patel,employee4730@company.local,IT,HR Executive,9.8,2023-01-12,Finance,Available,21.7,2,71.6
EMP1953,Pooja Reddy,employee1953@company.local,Marketing,Finance Analyst,3.0,2018-08-29,"Machine Learning, Python, NLP, Finance",Available,47.4,2,70.8
EMP2993,Pooja Reddy,employee2993@company.local,Finance,Finance Analyst,10.6,2019-04-06,"NLP, Django",Busy,60.9,2,70.8
EMP1019,Isha Joshi,employee1019@company.local,Operations,Finance Analyst,5.1,2023-03-04,SQL,Available,72.6,6,62.1
EMP4814,Nikhil Das,employee4814@company.local,Engineering,Analyst,3.7,2025-05-18,"React, Python, Deep Learning, Project Management",On Leave,66.6,5,76.8
EMP877,Swati Pillai,employee877@company.local,Engineering,HR Executive,9.1,2023-05-19,Excel,Available,13.7,2,68.0
EMP243,Sneha Sharma,employee243@company.local,Sales,Analyst,2.3,2020-03-26,"Excel, Deep Learning, Data Analysis",Available,64.8,5,67.2
EMP2780,Arun Raj,employee2780@company.local,Engineering,Business Analyst,5.9,2022-01-29,"Data Analysis, Project Management",Available,81.4,5,75.3
EMP4845,Anita Pillai,employee4845@company.local,Engineering,HR Executive,8.1,2023-06-04,"Excel, React, Project Management, Data Analysis",Busy,71.4,6,79.8
EMP4236,Aditya Raj,employee4236@company.local,Data Science,Project Manager,2.4,2022-11-08,"Django, Deep Learning",Available,53.3,1,68.3
EMP1611,Divya Joshi,employee1611@company.local,Sales,Team Lead,7.1,2023-09-18,"Python, Machine Learning, Deep Learning",Available,30.8,3,61.7
EMP4686,Kiran Das,employee4686@company.local,Marketing,Team Lead,12.6,2013-11-25,Finance,Busy,72.0,6,80.1
EMP2178,Manoj Mishra,employee2178@company.local,Sales,HR Executive,8.4,2012-08-07,"Project Management, Machine Learning, NLP, Python",Available,93.2,9,74.1
EMP172,Sanjay Raj,employee172@company.local,Data Science,Data Scientist,4.3,2025-06-22,"Machine Learning, Excel",Available,34.1,1,52.5
EMP1314,Nikhil Mishra,employee1314@company.local,Data Science,HR Executive,3.1,2013-04-12,"Excel, React",On Leave,35.8,3,68.6
EMP4458,Manoj Patel,employee4458@company.local,Operations,Team Lead,6.4,2020-06-07,"NLP, SQL, React, Python",Available,100.0,6,59.1
EMP2105,Anita Kapoor,employee2105@company.local,Data Science,Finance Analyst,9.9,2012-01-29,"Data Analysis, Excel, Python",Available,44.2,4,73.2
EMP471,Divya Nair,employee471@company.local,IT,HR Executive,7.3,2013-04-28,"NLP, Computer Vision, Deep Learning, Python",Available,79.8,6,60.6
EMP2778,Manoj Patel,employee2778@company.local,Operations,Finance Analyst,2.1,2018-01-23,"SQL, Machine Learning, Project Management",Available,67.3,4,60.0
EMP2384,Vivek Kumar,employee2384@company.local,Operations,Business Analyst,2.0,2013-11-07,Computer Vision,Available,31.5,3,65.1
EMP1047,Neha Nair,employee1047@company.local,HR,Project Manager,6.6,2025-07-09,"Project Management, Data Analysis, Machine Learning",Available,42.9,5,76.1
EMP3521,Priya Reddy,employee3521@company.local,IT,Senior Developer,3.6,2016-02-20,"Deep Learning, Finance, Machine Learning, Computer Vision",Available,43.4,5,75.4
EMP1529,Meera Kapoor,employee1529@company.local,Marketing,Finance Analyst,1.6,2024-10-15,Django,Busy,16.2,0,59.9
EMP586,Kiran Patel,employee586@company.local,Finance,HR Executive,2.9,2014-07-12,"NLP, Deep Learning, Computer Vision, SQL",Available,93.8,5,65.6
EMP237,Swati Pillai,employee237@company.local,Data Science,Business Analyst,5.1,2024-09-15,"Computer Vision, SQL, Excel",Available,63.4,4,61.7
EMP342,Rahul Thomas,employee342@company.local,Sales,Analyst,6.2,2021-11-16,"React, Finance, Project Management, Excel",Available,57.0,2,77.1
EMP274,Nikhil Mishra,employee274@company.local,Operations,Developer,2.5,2014-06-17,"Django, Project Management, Computer Vision",Busy,42.1,5,54.9
EMP2242,Rahul Mishra,employee2242@company.local,Sales,Business Analyst,6.0,2017-04-20,"SQL, Data Analysis, NLP",Available,32.6,3,67.6
EMP1876,Aditya Verma,employee1876@company.local,Engineering,Data Scientist,3.7,2018-01-24,"SQL, Project Management, Data Analysis",Busy,86.0,4,79.3
EMP4819,Isha Sharma,employee4819@company.local,Data Science,Senior Developer,18.6,2020-08-13,Project Management,Busy,76.5,2,80.9
EMP063,Sneha Iyer,employee063@company.local,HR,Analyst,2.1,2012-09-03,"NLP, SQL",Available,57.1,5,82.3
EMP2271,Divya Iyer,employee2271@company.local,Finance,HR Executive,6.1,2020-08-12,"Python, Finance, Deep Learning, Project Management",Available,55.7,4,62.6
EMP4213,Pooja Menon,employee4213@company.local,Finance,Team Lead,2.4,2018-11-22,"Computer Vision, Deep Learning, Data Analysis",Busy,99.8,7,35.0
EMP4137,Swati Kapoor,employee4137@company.local,Operations,Senior Developer,4.7,2017-08-16,"Finance, SQL",Busy,58.6,4,51.8
EMP880,Arun Kumar,employee880@company.local,IT,Analyst,8.4,2014-10-03,"React, SQL, Deep Learning, Machine Learning",On Leave,46.1,4,71.3
EMP807,Neha Nair,employee807@company.local,Operations,Team Lead,2.5,2013-07-06,"Finance, Django, Computer Vision",On Leave,53.5,4,52.1
EMP4824,Vivek Singh,employee4824@company.local,Operations,Team Lead,6.9,2020-06-18,"Excel, Finance, SQL, Computer Vision",Available,18.0,0,77.7
EMP2343,Sneha Nair,employee2343@company.local,Engineering,Finance Analyst,9.3,2017-09-12,"Python, React, Computer Vision",Available,76.3,3,57.2
EMP2207,Neha Iyer,employee2207@company.local,HR,Finance Analyst,2.3,2019-09-16,"Excel, Python, Django, Deep Learning",Busy,39.3,3,64.1
EMP575,Kavya Iyer,employee575@company.local,Data Science,Finance Analyst,5.0,2019-04-23,"Machine Learning, Django",Busy,66.8,5,67.1
EMP727,Neha Nair,employee727@company.local,Sales,Data Scientist,3.6,2017-06-15,"Project Management, Computer Vision",Available,75.3,6,44.8
EMP2406,Kiran Thomas,employee2406@company.local,Finance,Data Scientist,14.3,2018-02-21,"React, Django, Deep Learning",Busy,70.4,5,78.0
EMP4927,Neha Iyer,employee4927@company.local,Finance,Developer,4.3,2015-03-29,"Python, SQL, Project Management, NLP",Busy,88.0,6,71.9
EMP3393,Pooja Reddy,employee3393@company.local,HR,Developer,3.5,2014-02-19,"NLP, Deep Learning, Computer Vision, Machine Learning",Busy,63.8,5,64.5
EMP3255,Kavya Nair,employee3255@company.local,IT,Project Manager,9.7,2015-07-04,SQL,Busy,70.0,2,72.9
EMP4100,Arun Verma,employee4100@company.local,Marketing,Senior Developer,2.6,2016-03-26,"React, Computer Vision",Available,27.0,2,69.4
EMP703,Sneha Iyer,employee703@company.local,Sales,HR Executive,7.9,2025-06-18,React,Available,95.8,8,78.8
EMP598,Manoj Thomas,employee598@company.local,IT,Business Analyst,7.7,2018-05-17,"Excel, Computer Vision, NLP, SQL",Busy,46.2,4,81.9
EMP271,Divya Iyer,employee271@company.local,Engineering,Project Manager,12.3,2021-02-10,"Django, Data Analysis",Available,70.3,5,57.0
EMP462,Rahul Das,employee462@company.local,HR,HR Executive,2.8,2012-03-26,"React, Deep Learning, Project Management",Available,49.8,3,46.1
EMP2930,Amit Mishra,employee2930@company.local,Data Science,Business Analyst,8.4,2022-02-08,"Excel, Project Management",Available,57.3,4,86.9
EMP3107,Neha Sharma,employee3107@company.local,Data Science,Senior Developer,3.1,2017-01-28,"NLP, Project Management, Deep Learning",Available,48.8,3,68.8
EMP3674,Nikhil Patel,employee3674@company.local,Sales,Project Manager,5.6,2021-03-04,"Finance, Project Management, Deep Learning, SQL",Available,64.6,5,69.3
EMP104,Vivek Singh,employee104@company.local,IT,Senior Developer,3.4,2023-02-05,"Deep Learning, Computer Vision, Excel",Available,78.2,4,75.5
EMP4709,Meera Menon,employee4709@company.local,IT,Developer,7.9,2023-06-05,"Computer Vision, React, Data Analysis",Available,52.9,3,71.6
EMP764,Vivek Raj,employee764@company.local,Finance,Analyst,4.0,2021-02-01,"Excel, Project Management, SQL",Busy,55.3,6,49.9
EMP1757,Swati Pillai,employee1757@company.local,Marketing,Business Analyst,13.7,2015-05-10,"Project Management, Deep Learning",Busy,100.0,8,74.8
EMP4568,Rohit Singh,employee4568@company.local,IT,Senior Developer,3.0,2024-05-17,"Django, Excel",Available,76.1,8,68.2
EMP1532,Sanjay Raj,employee1532@company.local,Marketing,Data Scientist,2.0,2023-08-15,"React, Finance",Available,83.7,7,70.7
EMP3335,Kavya Nair,employee3335@company.local,HR,Senior Developer,4.7,2015-10-05,Deep Learning,Available,49.0,5,61.1
EMP3661,Priya Pillai,employee3661@company.local,IT,Business Analyst,3.4,2014-02-12,"Finance, Deep Learning, SQL",Available,74.6,2,69.7
EMP1812,Sanjay Verma,employee1812@company.local,Finance,Finance Analyst,2.7,2015-12-17,NLP,Available,62.4,6,65.7
EMP2391,Divya Nair,employee2391@company.local,Marketing,Team Lead,2.4,2019-09-14,"Excel, Deep Learning, Data Analysis",Available,88.6,7,65.9
EMP2916,Aditya Verma,employee2916@company.local,IT,Project Manager,5.6,2020-08-10,"Data Analysis, Django",On Leave,53.5,5,57.9
EMP2934,Nikhil Thomas,employee2934@company.local,Data Science,Project Manager,10.5,2012-11-11,"Computer Vision, Python",Available,60.5,4,64.2
EMP2968,Rohit Singh,employee2968@company.local,Marketing,Project Manager,9.3,2016-08-13,"Data Analysis, Django, Project Management",Available,55.3,2,73.3
EMP1739,Isha Joshi,employee1739@company.local,Engineering,Senior Developer,5.3,2022-04-18,"Machine Learning, React",Available,62.3,4,75.8
EMP1486,Kiran Das,employee1486@company.local,Data Science,Business Analyst,4.6,2024-10-11,"Data Analysis, React, Django",Available,50.1,3,69.6
EMP2726,Kiran Thomas,employee2726@company.local,Operations,Senior Developer,11.0,2019-09-10,"Python, Excel, Finance",Available,7.0,4,80.0
EMP2566,Kiran Thomas,employee2566@company.local,Data Science,Analyst,6.9,2022-12-02,"Finance, Django, NLP",Available,55.7,0,75.7
EMP1722,Rahul Patel,employee1722@company.local,Operations,Team Lead,4.4,2016-02-13,"SQL, Computer Vision",Busy,54.6,3,62.6
EMP2510,Amit Das,employee2510@company.local,Finance,HR Executive,1.7,2017-01-23,Machine Learning,On Leave,77.2,3,68.0
EMP1881,Priya Kapoor,employee1881@company.local,IT,Project Manager,13.6,2012-06-02,"Django, React, Python, SQL",Available,100.0,7,78.4
EMP3977,Swati Kapoor,employee3977@company.local,Data Science,Senior Developer,5.7,2022-12-30,"Machine Learning, NLP",Available,49.2,2,68.0
EMP547,Neha Sharma,employee547@company.local,Engineering,Developer,7.7,2015-08-27,"Django, React, Machine Learning",Available,61.8,5,73.9
EMP1906,Kiran Mishra,employee1906@company.local,Operations,Business Analyst,22.0,2014-04-28,"Python, React",Available,100.0,8,97.8
EMP4869,Meera Menon,employee4869@company.local,Marketing,Analyst,5.4,2012-02-23,"Finance, Python, Project Management",Available,64.7,3,66.8
EMP494,Nikhil Das,employee494@company.local,Operations,Analyst,5.0,2018-03-31,"Computer Vision, Machine Learning, Data Analysis, React",Busy,73.2,7,67.4
EMP1897,Swati Kapoor,employee1897@company.local,Engineering,HR Executive,3.0,2021-11-07,Python,Available,53.1,4,63.2
EMP1769,Meera Kapoor,employee1769@company.local,Engineering,Project Manager,8.5,2023-07-03,"Finance, NLP",Available,62.8,3,70.6
EMP2235,Kavya Joshi,employee2235@company.local,Engineering,Developer,5.6,2024-06-07,"Deep Learning, Computer Vision",Available,35.9,4,74.4
EMP2553,Pooja Kapoor,employee2553@company.local,Data Science,Team Lead,8.2,2016-06-11,"Django, Machine Learning",Available,79.1,6,79.5
EMP3647,Neha Iyer,employee3647@company.local,IT,Analyst,2.0,2024-01-24,"Python, NLP",Available,73.1,6,52.9
EMP913,Pooja Reddy,employee913@company.local,Operations,Project Manager,5.3,2016-04-30,NLP,On Leave,55.7,2,65.7
EMP085,Anita Menon,employee085@company.local,Engineering,Finance Analyst,5.6,2023-06-16,"Project Management, NLP",Available,50.2,0,69.3
EMP2483,Sneha Sharma,employee2483@company.local,HR,Team Lead,2.4,2017-12-06,"Project Management, Excel",Available,70.7,7,71.6
EMP4884,Vivek Verma,employee4884@company.local,Engineering,Developer,11.2,2018-09-02,"Project Management, Excel, NLP",Available,31.8,1,69.4
EMP4507,Neha Joshi,employee4507@company.local,Finance,Finance Analyst,3.5,2020-06-12,SQL,Available,64.5,4,59.5
EMP2909,Meera Pillai,employee2909@company.local,Operations,Business Analyst,9.1,2014-01-16,"React, Machine Learning, Python",Busy,48.3,3,88.4
EMP3087,Neha Iyer,employee3087@company.local,Finance,Finance Analyst,8.1,2012-08-08,"SQL, NLP",Busy,100.0,6,60.5
EMP848,Rohit Kumar,employee848@company.local,IT,Finance Analyst,8.9,2022-10-19,"NLP, SQL, Python",Available,59.2,5,69.2
EMP3671,Divya Nair,employee3671@company.local,Engineering,Developer,3.0,2021-05-10,"Machine Learning, Python, SQL, Computer Vision",On Leave,59.9,4,57.4
EMP3305,Anita Kapoor,employee3305@company.local,HR,Project Manager,6.8,2012-02-13,Python,On Leave,34.0,3,72.3
EMP4757,Swati Menon,employee4757@company.local,Engineering,Analyst,7.6,2013-10-21,"Deep Learning, Machine Learning, Computer Vision",On Leave,42.6,1,72.6
EMP1705,Anita Kapoor,employee1705@company.local,Sales,Team Lead,3.8,2014-10-20,"NLP, Django, Finance, Machine Learning",Available,39.1,3,71.9
EMP1994,Nikhil Patel,employee1994@company.local,IT,Data Scientist,8.2,2022-01-06,"React, Finance",Available,71.1,5,74.4
EMP1329,Not specified,employee1329@company.local,Finance,Data Scientist,3.3,2014-06-02,"NLP, Deep Learning, Machine Learning, Python",Available,62.2,5,66.3
EMP1264,Vivek Kumar,employee1264@company.local,IT,Finance Analyst,2.0,2021-12-23,"Computer Vision, React, Machine Learning",Available,57.0,3,76.7
EMP3843,Sneha Sharma,employee3843@company.local,Operations,Business Analyst,4.4,2016-02-29,"Computer Vision, Deep Learning, Excel, Finance",Available,52.5,1,60.1
EMP1080,Arun Singh,employee1080@company.local,Engineering,Senior Developer,1.3,2019-08-25,Python,Available,67.3,4,59.0
EMP4373,Pooja Menon,employee4373@company.local,Engineering,Developer,1.9,2022-07-29,"Finance, Deep Learning, Data Analysis, Project Management",Available,39.1,3,63.7
EMP2032,Sanjay Kumar,employee2032@company.local,Data Science,Project Manager,7.6,2019-11-30,"Finance, Deep Learning",Unknown,100.0,7,68.1
EMP1203,Sneha Sharma,employee1203@company.local,Sales,Business Analyst,4.2,2016-09-05,"Python, Data Analysis, Django, NLP",On Leave,39.5,4,71.0
EMP2427,Neha Joshi,employee2427@company.local,Operations,Team Lead,12.5,2023-10-02,"Django, Project Management, Deep Learning, Excel",Available,40.4,0,84.4
EMP3306,Kiran Patel,employee3306@company.local,IT,Team Lead,7.6,2023-01-21,"Django, Data Analysis, NLP",Available,81.7,5,75.5
EMP2122,Rahul Patel,employee2122@company.local,IT,Data Scientist,1.6,2022-05-30,"Django, NLP",Busy,20.7,1,60.8
EMP818,Manoj Mishra,employee818@company.local,Marketing,Business Analyst,5.6,2013-05-05,"Data Analysis, NLP, Computer Vision, SQL",Available,26.4,2,80.2
EMP3214,Nikhil Das,employee3214@company.local,Data Science,Data Scientist,1.3,2017-10-07,NLP,Available,15.4,3,73.6
EMP584,Vivek Singh,employee584@company.local,Finance,Team Lead,9.2,2019-05-02,"Machine Learning, Python",Available,100.0,6,58.2
EMP3243,Sneha Joshi,employee3243@company.local,IT,Analyst,2.3,2023-12-20,React,Available,54.2,3,65.2
EMP2755,Kavya Sharma,employee2755@company.local,IT,Data Scientist,5.0,2018-11-07,Finance,On Leave,24.7,1,75.1
EMP1100,Arun Raj,employee1100@company.local,Engineering,Business Analyst,2.1,2017-08-15,"NLP, Excel, Deep Learning, Python",Available,49.8,5,56.1
EMP4067,Neha Sharma,employee4067@company.local,Marketing,Developer,3.9,2021-01-31,"Finance, React, Project Management",Available,59.9,3,65.5
EMP3017,Swati Kapoor,employee3017@company.local,IT,Developer,11.3,2016-11-30,"Python, Computer Vision, Excel, Machine Learning",Available,60.1,4,72.9
EMP4736,Aditya Kumar,employee4736@company.local,HR,Business Analyst,3.8,2016-10-05,Python,On Leave,65.3,6,77.0
EMP2897,Swati Reddy,employee2897@company.local,Engineering,Senior Developer,8.4,2019-03-11,NLP,Available,94.0,7,59.3
EMP2119,Isha Nair,employee2119@company.local,Data Science,Team Lead,3.0,2018-07-24,SQL,Busy,86.2,7,62.1
EMP3615,Kavya Iyer,employee3615@company.local,Engineering,Finance Analyst,1.5,2015-09-01,"SQL, NLP, Excel",Busy,70.9,4,68.1
EMP3368,Rohit Singh,employee3368@company.local,Marketing,Data Scientist,7.3,2021-06-24,Machine Learning,Available,44.6,4,73.1
EMP4790,Not specified,employee4790@company.local,Marketing,Developer,3.8,2016-08-05,"Project Management, Finance, Data Analysis",Busy,45.3,4,71.3
EMP4669,Meera Pillai,employee4669@company.local,Operations,Senior Developer,6.8,2021-12-31,NLP,Available,63.7,7,54.4
EMP2822,Rahul Thomas,employee2822@company.local,Data Science,Data Scientist,0.5,2018-10-10,"Python, Finance, Project Management, Excel",Available,33.5,4,55.9
EMP3088,Rohit Kumar,employee3088@company.local,Sales,Team Lead,5.1,2020-09-07,Python,Available,61.4,4,72.5
EMP1064,Vivek Singh,employee1064@company.local,Marketing,Senior Developer,5.4,2016-09-27,"React,Django",Available,58.3,4,76.5
EMP2346,Kiran Patel,employee2346@company.local,IT,Developer,4.3,2015-12-04,"Machine Learning, Data Analysis, NLP",Busy,10.2,1,69.5
EMP4155,Kavya Joshi,employee4155@company.local,IT,Team Lead,5.1,2015-07-08,"Machine Learning, SQL, React",Available,48.3,2,55.1
EMP3602,Rahul Mishra,employee3602@company.local,Data Science,HR Executive,11.4,2014-12-06,"Excel, React, Django, NLP",Available,53.3,4,86.3
EMP614,Nikhil Thomas,employee614@company.local,Operations,Team Lead,8.3,2024-10-02,"Project Management, Django, Data Analysis",Available,27.4,2,65.4
EMP4577,Swati Reddy,employee4577@company.local,Engineering,Senior Developer,7.3,2014-11-20,"Excel, Computer Vision",Available,62.8,5,83.6
EMP1936,Aditya Kumar,employee1936@company.local,IT,Analyst,12.9,2018-02-22,"Machine Learning, Project Management",On Leave,39.7,4,86.5
EMP2731,Divya Joshi,employee2731@company.local,Engineering,Developer,1.0,2017-11-03,"Finance, React, Deep Learning, Python",Busy,55.7,2,55.5
EMP270,Amit Das,employee270@company.local,HR,HR Executive,13.6,2012-06-18,Project Management,Available,52.5,4,69.4
EMP1789,Meera Pillai,employee1789@company.local,IT,HR Executive,3.8,2023-09-22,"Project Management, Computer Vision, Python, Django",Available,26.7,3,56.3
EMP3839,Isha Iyer,employee3839@company.local,Engineering,Finance Analyst,3.3,2024-06-30,"Computer Vision, Excel, React",Available,55.5,4,68.0
EMP042,Rahul Patel,employee042@company.local,Data Science,Finance Analyst,7.3,2023-01-27,"Project Management, Finance",Available,60.7,2,72.6
EMP2443,Sneha Joshi,employee2443@company.local,Operations,Analyst,11.6,2021-06-26,Excel,Available,28.7,0,72.9
EMP749,Meera Pillai,employee749@company.local,HR,Finance Analyst,17.9,2020-06-21,"Finance, React, Machine Learning",Available,50.8,4,69.4
EMP636,Aditya Raj,employee636@company.local,Sales,Business Analyst,4.8,2022-09-01,NLP,Available,81.7,5,63.7
EMP3707,Neha Joshi,employee3707@company.local,HR,Senior Developer,3.6,2019-01-17,"Python, SQL",Available,7.4,2,77.9
EMP2399,Isha Iyer,employee2399@company.local,Sales,HR Executive,6.7,2019-06-06,"SQL, Excel, Project Management, React",Available,41.4,2,64.9
EMP2767,Neha Iyer,employee2767@company.local,Data Science,Business Analyst,5.5,2020-01-01,"Python, Excel, Computer Vision, Data Analysis",Available,36.1,1,53.1
EMP1654,Nikhil Thomas,employee1654@company.local,Sales,Project Manager,11.3,2014-02-27,Machine Learning,Available,64.8,6,81.6
EMP1050,Amit Patel,employee1050@company.local,Marketing,Project Manager,9.5,2022-08-28,SQL,Available,41.0,1,85.6
EMP953,Pooja Kapoor,employee953@company.local,Data Science,Business Analyst,3.4,2024-12-31,"Django, React, Python",Available,48.5,4,64.9
EMP3596,Aditya Raj,employee3596@company.local,IT,HR Executive,7.8,2022-10-07,Deep Learning,Available,60.0,4,73.2
EMP372,Sanjay Verma,employee372@company.local,Engineering,Finance Analyst,2.2,2020-02-04,NLP,Busy,77.8,6,65.5
EMP3249,Meera Reddy,employee3249@company.local,Data Science,Project Manager,3.5,2021-11-23,Computer Vision,Available,72.1,5,76.7
EMP1511,Divya Nair,employee1511@company.local,Engineering,Project Manager,8.6,2015-06-03,"Finance, Python, Deep Learning",Available,56.0,5,76.5
EMP1398,Manoj Thomas,employee1398@company.local,Operations,Finance Analyst,13.8,2015-01-03,Excel,Available,91.5,5,79.4
EMP4979,Isha Sharma,employee4979@company.local,Marketing,Team Lead,4.9,2012-08-04,"Excel, Python",Busy,57.8,4,60.9
EMP698,Manoj Patel,employee698@company.local,HR,Data Scientist,2.6,2017-09-15,"Django, Finance, React",Busy,80.6,6,60.7
EMP2991,Divya Iyer,employee2991@company.local,Data Science,Data Scientist,4.2,2024-08-12,Python,Busy,49.6,4,71.0
EMP449,Meera Reddy,employee449@company.local,Finance,Developer,3.9,2015-12-01,"NLP, Project Management, Deep Learning",Available,59.0,6,64.0
EMP4584,Vivek Singh,employee4584@company.local,Finance,Developer,4.3,2016-04-01,"Project Management, Python, NLP",Busy,93.7,10,47.8
EMP2509,Meera Pillai,employee2509@company.local,Engineering,Developer,1.7,2022-06-02,Excel,Available,58.8,5,62.1
EMP3293,Pooja Pillai,employee3293@company.local,Marketing,Analyst,6.4,2023-02-24,React,Available,65.8,4,86.7
EMP2569,Meera Kapoor,employee2569@company.local,Operations,Finance Analyst,7.7,2021-11-15,"React, Django",On Leave,40.5,3,58.7
EMP1020,Arun Raj,employee1020@company.local,Sales,Business Analyst,4.7,2019-09-15,"Excel, NLP",Available,72.6,5,82.2
EMP1172,Sanjay Verma,employee1172@company.local,Finance,Analyst,12.5,2018-11-29,"Python, Computer Vision",Busy,72.2,5,79.1
EMP1931,Divya Joshi,employee1931@company.local,Engineering,Analyst,9.3,2024-09-05,"NLP, Project Management, Machine Learning, Deep Learning",Available,26.3,1,65.9
EMP443,Sneha Joshi,employee443@company.local,Marketing,Data Scientist,3.3,2018-11-20,"Python, SQL, Finance, Django",Busy,68.4,4,48.0
EMP1177,Swati Kapoor,employee1177@company.local,Operations,Project Manager,5.2,2014-08-30,"SQL, React, Project Management, Django",Available,33.6,2,72.1
EMP1823,Sneha Iyer,employee1823@company.local,IT,Finance Analyst,3.7,2020-01-17,"Python, Machine Learning",Busy,59.6,3,51.8
EMP2012,Sanjay Raj,employee2012@company.local,Operations,Project Manager,5.2,2020-04-18,"Computer Vision, Project Management",Busy,23.5,1,78.5
EMP3571,Divya Sharma,employee3571@company.local,Operations,Team Lead,10.3,2018-01-09,"SQL, Data Analysis",Available,50.8,5,81.2
EMP3453,Pooja Pillai,employee3453@company.local,Engineering,Project Manager,9.7,2020-10-26,"Python, Finance",On Leave,42.3,2,66.6
EMP3313,Pooja Reddy,employee3313@company.local,Marketing,Data Scientist,1.8,2021-03-17,Django,Available,34.0,1,90.6
EMP2900,Arun Verma,employee2900@company.local,IT,Data Scientist,5.5,2017-04-19,"Python, Excel, Finance",Available,49.4,4,68.8
EMP934,Nikhil Thomas,employee934@company.local,Sales,Developer,8.0,2019-12-27,Deep Learning,Available,77.4,3,52.9
EMP4683,Sneha Joshi,employee4683@company.local,Data Science,Team Lead,8.6,2012-06-01,"Deep Learning, Computer Vision, Excel, NLP",Available,100.0,8,65.6
EMP3837,Swati Pillai,employee3837@company.local,IT,Finance Analyst,5.8,2015-10-23,React,Available,77.9,5,71.0
EMP4562,Rahul Mishra,employee4562@company.local,IT,Business Analyst,5.6,2021-04-26,"Deep Learning, Machine Learning, SQL",Available,35.9,0,64.0
EMP392,Sanjay Singh,employee392@company.local,IT,Team Lead,10.1,2017-10-25,Project Management,Available,34.4,3,83.1
EMP4945,Anita Reddy,employee4945@company.local,Sales,HR Executive,0.6,2019-02-15,Data Analysis,Available,31.2,1,42.4
EMP938,Manoj Patel,employee938@company.local,Operations,Senior Developer,6.5,2022-07-22,Data Analysis,Busy,51.0,3,82.3
EMP3638,Manoj Thomas,employee3638@company.local,Finance,Analyst,7.6,2017-02-24,"Python, NLP",Available,64.6,4,60.1
EMP1093,Pooja Menon,employee1093@company.local,IT,Data Scientist,4.7,2012-09-29,"Python, Machine Learning, Finance, Project Management",Available,33.1,2,80.8
EMP1076,Aditya Verma,employee1076@company.local,Engineering,Business Analyst,9.7,2024-06-26,"Deep Learning, Project Management, Excel",Available,50.1,3,69.3
EMP4211,Divya Sharma,employee4211@company.local,Sales,Project Manager,12.5,2022-09-19,React,Available,39.9,5,75.9
EMP4810,Amit Patel,employee4810@company.local,Engineering,Project Manager,10.2,2020-12-27,"SQL, NLP, Project Management, Django",Busy,70.2,5,65.1
EMP2456,Aditya Singh,employee2456@company.local,Marketing,HR Executive,14.9,2017-08-29,"Django, Data Analysis",Available,25.8,3,85.3
EMP635,Kavya Joshi,employee635@company.local,Sales,Senior Developer,4.0,2012-10-31,"Finance, Excel, Computer Vision",Available,63.0,3,45.6
EMP4902,Rahul Thomas,employee4902@company.local,Engineering,Data Scientist,1.7,2016-08-12,"Finance, Django, React",Busy,66.6,5,69.4
EMP2933,Pooja Menon,employee2933@company.local,Marketing,Analyst,7.5,2024-11-09,Data Analysis,Busy,69.0,3,79.5
EMP4829,Meera Pillai,employee4829@company.local,Marketing,Senior Developer,9.5,2019-07-01,"Finance, Project Management",Available,21.7,1,61.7
EMP1468,Rohit Raj,employee1468@company.local,Engineering,Finance Analyst,3.2,2015-05-11,"Data Analysis, Machine Learning, Excel, SQL",Available,57.5,4,57.2
EMP4901,Priya Menon,employee4901@company.local,Sales,Data Scientist,10.5,2024-04-18,"Excel, Machine Learning, React, SQL",Available,44.5,1,65.4
EMP3285,Anita Menon,employee3285@company.local,Marketing,Data Scientist,2.5,2020-06-02,"Data Analysis, Machine Learning",Available,22.4,3,73.4
EMP4694,Nikhil Thomas,employee4694@company.local,Operations,Analyst,8.4,2023-10-31,"Finance, SQL, React, Machine Learning",Busy,59.2,2,71.7
EMP3427,Neha Sharma,employee3427@company.local,Data Science,Business Analyst,1.3,2025-04-01,Computer Vision,Available,24.1,2,72.5
EMP2878,Manoj Das,employee2878@company.local,Sales,Business Analyst,4.2,2014-05-24,"SQL, React, Django, Computer Vision",Busy,61.9,3,77.1
EMP557,Swati Pillai,employee557@company.local,Finance,Business Analyst,5.6,2025-02-02,"Machine Learning, Deep Learning, Computer Vision, Data Analysis",Available,74.7,4,76.2
EMP1786,Kiran Patel,employee1786@company.local,Operations,Project Manager,10.0,2019-09-20,Data Analysis,Available,45.0,4,69.4
EMP4153,Pooja Kapoor,employee4153@company.local,Data Science,HR Executive,2.9,2016-04-17,"Python, NLP, SQL",Busy,39.7,1,67.3
EMP3409,Meera Reddy,employee3409@company.local,Finance,Developer,5.2,2015-09-07,"Data Analysis, Machine Learning",On Leave,55.9,5,66.0
EMP148,Rohit Verma,employee148@company.local,IT,Developer,6.6,2024-06-05,Excel,Available,20.2,3,78.8
EMP255,Kavya Iyer,employee255@company.local,Finance,HR Executive,7.6,2021-07-19,Django,Busy,71.9,4,73.6
EMP3541,Priya Menon,employee3541@company.local,HR,HR Executive,14.8,2016-09-07,"Data Analysis, Python, Deep Learning",Busy,74.2,5,71.3
EMP3537,Swati Reddy,employee3537@company.local,Data Science,HR Executive,11.7,2012-05-08,"Computer Vision, React",Available,28.4,0,70.3
EMP3485,Anita Pillai,employee3485@company.local,IT,Finance Analyst,8.3,2020-11-16,"Machine Learning, Python",Available,31.6,2,69.4
EMP2689,Meera Reddy,employee2689@company.local,Finance,Finance Analyst,2.7,2012-10-23,Django,Available,52.7,3,69.7
EMP4359,Isha Nair,employee4359@company.local,Engineering,Senior Developer,11.3,2022-12-19,"Finance, Machine Learning, Computer Vision, Deep Learning",Available,94.0,6,75.8
EMP2742,Rahul Thomas,employee2742@company.local,Marketing,Finance Analyst,13.2,2019-02-18,Data Analysis,Busy,55.7,4,67.3
EMP2144,Vivek Kumar,employee2144@company.local,Finance,Team Lead,3.4,2024-06-13,"Deep Learning, Finance",Unknown,12.7,1,61.2
EMP1859,Isha Sharma,employee1859@company.local,IT,Business Analyst,0.8,2023-08-31,"Data Analysis, Python",Busy,63.1,3,61.1
EMP2967,Neha Nair,employee2967@company.local,Operations,Finance Analyst,3.1,2022-12-22,"Deep Learning, React, Finance",Busy,36.8,4,69.8
EMP1596,Aditya Raj,employee1596@company.local,Finance,Analyst,10.3,2025-02-21,"Deep Learning, Django, Python",Available,37.5,2,83.0
EMP2744,Vivek Singh,employee2744@company.local,IT,Team Lead,8.1,2018-10-21,"Data Analysis, Excel, Project Management",Available,47.3,2,76.1
EMP4628,Rohit Verma,employee4628@company.local,IT,Senior Developer,5.2,2023-07-15,"NLP, Deep Learning",Available,54.1,3,64.6
EMP1288,Rohit Singh,employee1288@company.local,Data Science,Developer,11.9,2014-11-18,"NLP, Data Analysis, React, Finance",Available,50.2,1,83.8
EMP1431,Divya Nair,employee1431@company.local,Engineering,Senior Developer,4.2,2021-02-11,"Machine Learning, Project Management, Python, Data Analysis",Available,43.8,3,74.3
EMP4508,Rohit Raj,employee4508@company.local,Finance,Senior Developer,2.0,2024-10-29,"Python, Computer Vision",Available,0.0,0,69.8
EMP2010,Amit Patel,employee2010@company.local,Marketing,Finance Analyst,4.8,2023-05-30,"Data Analysis, React, Machine Learning, Project Management",Available,85.4,5,62.6
EMP1480,Arun Singh,employee1480@company.local,Engineering,Business Analyst,15.6,2016-02-27,Finance,Available,73.2,6,88.2
EMP1062,Rahul Thomas,employee1062@company.local,Marketing,Team Lead,2.2,2024-09-11,"Finance, React, SQL, NLP",Available,91.1,6,63.2
EMP2655,Kavya Iyer,employee2655@company.local,IT,Developer,7.3,2017-12-05,React,Available,38.2,2,61.0
EMP1821,Priya Pillai,employee1821@company.local,Operations,Business Analyst,5.4,2016-10-25,"Deep Learning, Project Management, Excel, Django",Busy,65.5,5,71.5
EMP1703,Sneha Nair,employee1703@company.local,IT,Project Manager,2.7,2013-09-08,"Deep Learning, Computer Vision, Data Analysis, Finance",Available,32.5,2,48.5
EMP2132,Sanjay Verma,employee2132@company.local,Sales,Senior Developer,3.7,2023-04-27,"Python, Data Analysis, NLP, Deep Learning",On Leave,51.5,3,62.1
EMP4598,Manoj Thomas,employee4598@company.local,IT,Team Lead,9.1,2015-01-06,"Deep Learning, Data Analysis, Finance, SQL",Available,66.7,3,89.5
EMP3389,Meera Pillai,employee3389@company.local,Operations,HR Executive,2.7,2012-04-20,React,Available,43.8,3,51.9
EMP1022,Rahul Das,employee1022@company.local,Marketing,Analyst,13.4,2021-01-29,NLP,On Leave,37.9,1,80.7
EMP2524,Not specified,employee2524@company.local,HR,Developer,9.4,2013-12-12,"NLP, Project Management, Deep Learning",Busy,55.7,3,61.5
EMP2493,Pooja Pillai,employee2493@company.local,IT,Project Manager,6.7,2019-02-26,"Excel, SQL, React, Machine Learning",Busy,63.6,5,61.9
EMP3656,Aditya Singh,employee3656@company.local,Operations,Developer,3.0,2020-08-21,"Project Management, Python, Data Analysis, React",Busy,65.2,3,51.9
EMP700,Arun Raj,employee700@company.local,Operations,Finance Analyst,15.2,2015-06-10,"SQL, NLP",Available,14.8,2,89.3
EMP4156,Aditya Raj,employee4156@company.local,Data Science,Analyst,7.9,2016-07-23,"NLP, Project Management, Django, Data Analysis",Available,11.1,2,77.0
EMP2942,Rahul Das,employee2942@company.local,Marketing,Business Analyst,5.2,2019-12-30,React,Busy,78.6,5,75.9
EMP1280,Arun Kumar,employee1280@company.local,Finance,Senior Developer,8.6,2017-10-04,"Data Analysis, Deep Learning, Finance",Available,65.2,3,70.2
EMP1310,Amit Das,employee1310@company.local,Data Science,Developer,3.5,2016-04-27,"Computer Vision, NLP, Data Analysis",Available,89.3,6,55.8
EMP4826,Kiran Patel,employee4826@company.local,Engineering,Data Scientist,2.4,2016-11-10,"SQL, Python, Project Management",Busy,90.2,8,64.2
EMP1639,Isha Nair,employee1639@company.local,Data Science,Senior Developer,3.4,2019-10-26,"Django, Project Management",Busy,61.6,5,56.6
EMP3666,Kiran Mishra,employee3666@company.local,IT,Project Manager,0.8,2020-12-06,"Deep Learning, Excel, Django",Available,100.0,2,55.6
EMP1442,Rahul Mishra,employee1442@company.local,Engineering,Team Lead,10.4,2017-08-03,"Project Management, Django",On Leave,25.1,2,77.4
EMP2648,Rohit Singh,employee2648@company.local,IT,Team Lead,2.0,2013-10-01,Project Management,Busy,60.2,4,55.8
EMP1536,Aditya Kumar,employee1536@company.local,Data Science,Business Analyst,5.8,2020-08-21,Computer Vision,Busy,74.1,3,75.0
EMP4509,Meera Pillai,employee4509@company.local,Sales,Analyst,14.2,2023-04-20,"Finance, Django, Excel, Computer Vision",Available,43.6,3,71.4
EMP524,Vivek Raj,employee524@company.local,Finance,Developer,2.3,2020-10-16,"Django, Deep Learning, Computer Vision, Python",Busy,68.7,2,69.4
EMP646,Kiran Thomas,employee646@company.local,HR,Team Lead,3.4,2012-08-03,"Computer Vision, Deep Learning, Machine Learning, Python",Available,64.0,3,65.3
EMP3983,Sneha Iyer,employee3983@company.local,Data Science,Team Lead,7.2,2019-01-09,"Project Management, Finance, Data Analysis",Available,53.5,2,65.9
EMP533,Pooja Menon,employee533@company.local,Engineering,Business Analyst,7.8,2024-10-25,"Finance, React, Machine Learning, Django",Available,29.5,1,67.4
EMP345,Anita Kapoor,employee345@company.local,Operations,Business Analyst,4.4,2024-03-30,"Machine Learning, NLP",Available,82.0,5,72.9
EMP3555,Kavya Sharma,employee3555@company.local,Sales,HR Executive,7.2,2015-02-21,NLP,Available,60.8,7,72.4
EMP4822,Rahul Thomas,employee4822@company.local,Data Science,Developer,1.1,2024-10-24,"Computer Vision, Project Management",Available,86.6,4,52.3
EMP1978,Not specified,employee1978@company.local,Marketing,Developer,7.5,2022-06-29,"Computer Vision, Project Management, Machine Learning",Available,26.8,0,75.5
EMP2468,Rohit Verma,employee2468@company.local,Data Science,Business Analyst,4.6,2022-06-20,"Deep Learning, NLP, Data Analysis, Computer Vision",Busy,63.6,6,72.0
EMP3231,Divya Iyer,employee3231@company.local,IT,Analyst,0.6,2012-09-05,"SQL, Finance",On Leave,90.9,8,69.4
EMP1895,Kavya Nair,employee1895@company.local,Operations,Finance Analyst,0.5,2025-02-28,"SQL, Django",Available,13.3,0,57.5
EMP3611,Divya Joshi,employee3611@company.local,Finance,Finance Analyst,2.1,2015-04-25,"Excel, Deep Learning, Data Analysis, Project Management",Busy,75.6,4,68.0
EMP2368,Rohit Kumar,employee2368@company.local,Engineering,HR Executive,8.1,2017-10-08,"Python, Excel",Unknown,53.7,3,72.2
EMP1848,Rohit Singh,employee1848@company.local,Engineering,Data Scientist,5.3,2017-03-04,"Django, Finance, SQL",On Leave,52.9,2,59.5
EMP2578,Manoj Mishra,employee2578@company.local,Finance,Finance Analyst,3.8,2019-02-07,"Python, SQL",Available,73.0,5,54.6
EMP1489,Meera Reddy,employee1489@company.local,HR,Data Scientist,8.5,2020-05-22,"SQL, Python, React",Available,77.3,4,74.0
EMP943,Sneha Iyer,employee943@company.local,Operations,Team Lead,1.3,2018-06-28,Finance,Busy,59.3,3,59.8
EMP102,Rahul Thomas,employee102@company.local,Engineering,Team Lead,2.1,2020-01-24,"Project Management, Machine Learning, NLP, Data Analysis",Busy,46.0,3,68.5
EMP209,Meera Reddy,employee209@company.local,Marketing,Finance Analyst,6.0,2017-07-19,"Data Analysis, Django, NLP",Busy,50.5,5,74.3
EMP4253,Pooja Pillai,employee4253@company.local,Engineering,Senior Developer,4.8,2023-10-08,Data Analysis,Available,49.3,3,64.3
EMP2724,Vivek Verma,employee2724@company.local,Engineering,Developer,5.6,2024-04-19,SQL,Busy,85.8,7,73.8
EMP4086,Kiran Thomas,employee4086@company.local,Finance,Senior Developer,6.3,2014-12-14,"Project Management, React, Data Analysis",Available,100.0,7,68.3
EMP3170,Amit Mishra,employee3170@company.local,Finance,Senior Developer,5.5,2022-12-11,"Machine Learning, NLP, Python, React",Available,51.0,3,58.5
EMP815,Kavya Iyer,employee815@company.local,Engineering,Data Scientist,1.8,2012-03-15,"Deep Learning, React, Computer Vision, Machine Learning",Available,49.4,3,61.5
EMP2476,Aditya Raj,employee2476@company.local,Operations,Developer,5.6,2014-03-10,"Machine Learning, Computer Vision, Deep Learning",Available,55.7,6,67.2
EMP2732,Sanjay Raj,employee2732@company.local,Engineering,Data Scientist,6.7,2022-07-30,NLP,Available,86.3,4,71.7
EMP3778,Manoj Mishra,employee3778@company.local,Data Science,HR Executive,12.6,2013-10-24,Finance,Available,39.4,1,89.3
EMP167,Neha Nair,employee167@company.local,Sales,Senior Developer,1.2,2016-06-26,"NLP, React, SQL",Busy,60.7,5,65.1
EMP2625,Anita Reddy,employee2625@company.local,HR,Project Manager,3.6,2017-10-07,"Project Management, Python, Excel, SQL",Available,60.3,4,80.2
EMP3350,Amit Thomas,employee3350@company.local,Data Science,Team Lead,5.4,2013-06-09,"React, NLP",Available,62.5,4,65.7
EMP852,Sanjay Verma,employee852@company.local,Sales,Senior Developer,4.4,2019-04-08,"SQL, Deep Learning, Data Analysis",Busy,43.2,0,83.1
EMP705,Anita Reddy,employee705@company.local,Data Science,Project Manager,5.0,2018-07-28,"Python, SQL, NLP, Deep Learning",Available,100.0,8,52.4
EMP4250,Amit Patel,employee4250@company.local,HR,Developer,9.0,2012-04-23,Python,Available,23.8,1,75.0
EMP3109,Meera Menon,employee3109@company.local,IT,Business Analyst,4.6,2014-10-03,"Excel, Data Analysis, React, Django",Available,2.6,0,51.6
EMP4565,Anita Menon,employee4565@company.local,Engineering,Developer,20.0,2016-12-24,"Project Management, Django, Machine Learning",Available,78.9,5,97.6
EMP4922,Rahul Patel,employee4922@company.local,Sales,Senior Developer,15.7,2024-08-15,"Python, Machine Learning",Available,77.3,7,83.6
EMP3435,Kavya Joshi,employee3435@company.local,Sales,Developer,5.6,2025-07-29,"Python, NLP",Available,90.4,4,68.6
EMP2565,Anita Menon,employee2565@company.local,Data Science,Analyst,5.6,2024-01-31,Computer Vision,Busy,17.1,0,61.8
EMP2203,Sneha Joshi,employee2203@company.local,IT,Project Manager,9.3,2016-02-04,"Deep Learning, Django, Project Management",Available,51.8,1,76.0
EMP4270,Amit Das,employee4270@company.local,Engineering,Data Scientist,6.5,2019-06-29,"Deep Learning, SQL, Computer Vision",Busy,67.9,7,65.4
EMP893,Pooja Pillai,employee893@company.local,IT,Business Analyst,4.6,2017-01-23,"SQL, Deep Learning",Available,49.0,3,69.6
EMP227,Neha Sharma,employee227@company.local,HR,Business Analyst,5.4,2021-03-18,Deep Learning,Busy,28.3,2,87.2
EMP152,Sanjay Singh,employee152@company.local,Data Science,Developer,21.4,2022-11-23,Computer Vision,Available,29.2,3,90.9
EMP709,Meera Menon,employee709@company.local,HR,Team Lead,7.3,2024-03-18,"Project Management, React",On Leave,34.5,1,68.9
EMP149,Meera Menon,employee149@company.local,Engineering,Developer,3.4,2014-08-13,React,Busy,100.0,4,69.9
EMP550,Amit Thomas,employee550@company.local,Marketing,Project Manager,8.1,2012-07-13,"React, Machine Learning, Data Analysis",Available,67.3,7,67.9
EMP3906,Kiran Mishra,employee3906@company.local,Sales,Data Scientist,6.7,2019-12-19,Excel,Available,63.6,2,93.5
EMP2337,Swati Reddy,employee2337@company.local,HR,Business Analyst,1.7,2021-02-08,"Data Analysis, SQL, React, Machine Learning",Busy,64.0,2,63.4
EMP1240,Arun Singh,employee1240@company.local,Finance,Data Scientist,3.4,2023-01-04,"Computer Vision, NLP, Django, Excel",Busy,48.3,3,57.4
EMP904,Vivek Singh,employee904@company.local,IT,Senior Developer,12.5,2012-07-13,"SQL, NLP, Deep Learning, Project Management",Available,48.4,3,77.3
EMP4132,Sanjay Verma,employee4132@company.local,Data Science,Data Scientist,3.8,2013-03-28,"Computer Vision, Deep Learning",Busy,83.3,5,69.3
EMP2129,Meera Reddy,employee2129@company.local,Engineering,Project Manager,7.2,2014-07-05,"Project Management, Finance",Available,39.5,4,80.9
EMP4159,Isha Iyer,employee4159@company.local,IT,Business Analyst,0.9,2025-04-24,"Deep Learning, Machine Learning, React, NLP",Busy,96.0,8,52.0
EMP2873,Pooja Kapoor,employee2873@company.local,IT,Analyst,7.0,2017-12-20,"Deep Learning, Machine Learning",Available,58.3,4,74.5
EMP2179,Isha Sharma,employee2179@company.local,IT,Developer,4.1,2013-08-09,"Data Analysis, Computer Vision",Available,62.3,5,55.7
EMP1645,Anita Pillai,employee1645@company.local,Engineering,Business Analyst,10.9,2013-06-26,Deep Learning,Available,62.5,4,79.2
EMP1916,Aditya Raj,employee1916@company.local,Marketing,Business Analyst,8.2,2021-04-13,Deep Learning,Available,17.6,0,70.0
EMP4327,Neha Nair,employee4327@company.local,Sales,Developer,3.9,2024-03-15,"SQL, Data Analysis, Python",Busy,95.0,7,54.6
EMP320,Arun Kumar,employee320@company.local,Engineering,Business Analyst,10.3,2012-11-04,"Finance, Data Analysis",Available,80.5,4,65.4
EMP684,Vivek Raj,employee684@company.local,Finance,Analyst,2.4,2012-01-03,"Project Management, Finance",Busy,69.1,4,62.8
EMP224,Vivek Kumar,employee224@company.local,HR,Developer,14.1,2020-03-15,"SQL, Deep Learning",Busy,59.2,5,69.8
EMP1053,Pooja Pillai,employee1053@company.local,Marketing,Business Analyst,10.1,2024-07-27,"Python, NLP, Excel",Busy,44.8,2,81.7
EMP4074,Nikhil Patel,employee4074@company.local,Sales,Project Manager,4.8,2024-08-21,"Deep Learning, Data Analysis, Computer Vision, Django",Available,54.4,5,85.8
EMP131,Divya Sharma,employee131@company.local,Sales,Senior Developer,1.4,2020-01-29,"Computer Vision, Deep Learning, Python",Available,74.7,4,74.5
EMP4867,Neha Sharma,employee4867@company.local,Operations,Data Scientist,4.3,2023-02-04,"React, SQL",Busy,59.6,3,81.7
EMP4751,Divya Iyer,employee4751@company.local,Marketing,Finance Analyst,1.0,2023-12-31,"Python, Excel",Available,34.1,2,67.4
EMP1285,Anita Menon,employee1285@company.local,Operations,Business Analyst,7.9,2024-04-09,"Finance, NLP, Deep Learning, Django",Available,82.0,4,64.6
EMP4195,Kavya Sharma,employee4195@company.local,HR,Senior Developer,13.8,2018-12-02,"React, Data Analysis",Available,74.1,6,93.0
EMP4997,Swati Menon,employee4997@company.local,IT,Senior Developer,5.0,2014-01-08,"SQL, Deep Learning",On Leave,85.2,6,63.0
EMP3931,Divya Joshi,employee3931@company.local,Data Science,Developer,9.2,2025-03-13,Machine Learning,Unknown,34.3,2,81.6
EMP811,Divya Joshi,employee811@company.local,Data Science,Project Manager,10.9,2024-01-01,"Excel, Python, Finance, React",Available,61.1,4,77.3
EMP1278,Manoj Das,employee1278@company.local,Data Science,Business Analyst,3.7,2023-12-16,Python,Busy,100.0,7,57.2
EMP555,Kavya Joshi,employee555@company.local,Finance,Senior Developer,2.6,2012-08-22,"Computer Vision, Project Management, Excel",Available,74.5,5,55.3
EMP1217,Swati Reddy,employee1217@company.local,Engineering,Developer,3.4,2016-06-12,"Finance, Project Management, Deep Learning",Available,51.4,5,61.3
EMP4056,Aditya Singh,employee4056@company.local,Data Science,Analyst,5.8,2024-03-15,React,Available,68.7,5,76.7
EMP603,Sneha Joshi,employee603@company.local,HR,Senior Developer,3.7,2014-11-24,"Finance, Machine Learning",Busy,23.3,2,58.5
EMP2450,Amit Mishra,employee2450@company.local,Data Science,HR Executive,10.1,2023-05-30,"Deep Learning, Data Analysis, Python",Busy,82.2,6,76.0
EMP1784,Vivek Singh,employee1784@company.local,Data Science,Business Analyst,7.5,2019-09-25,Computer Vision,Available,48.1,4,68.6
EMP2257,Swati Reddy,employee2257@company.local,Engineering,Developer,5.4,2023-10-25,"React, Excel, Python",Available,61.7,6,69.4
EMP3752,Sanjay Singh,employee3752@company.local,Marketing,Data Scientist,8.6,2018-02-12,"Excel, SQL, Finance",Busy,82.8,4,60.4
EMP1271,Divya Nair,employee1271@company.local,Finance,Finance Analyst,2.3,2017-08-31,"Python, React, Finance, Excel",Available,62.9,3,63.1
EMP053,Pooja Menon,employee053@company.local,IT,Data Scientist,8.2,2014-01-14,Computer Vision,Available,55.7,1,83.6
EMP806,Kiran Thomas,employee806@company.local,IT,Developer,10.3,2018-07-12,"NLP, Deep Learning, SQL",Available,35.7,1,54.6
EMP735,Kavya Iyer,employee735@company.local,Engineering,Senior Developer,11.1,2014-02-11,"React, Finance, Excel",Available,59.7,4,76.2
EMP640,Arun Kumar,employee640@company.local,IT,Business Analyst,9.4,2020-06-06,"NLP, React",Busy,100.0,7,78.3
EMP2361,Priya Kapoor,employee2361@company.local,Engineering,Analyst,15.1,2013-02-15,"Python, Computer Vision, Finance, Data Analysis",Available,86.7,5,73.2
EMP3814,Nikhil Thomas,employee3814@company.local,Sales,Senior Developer,1.6,2017-06-29,"NLP, SQL, Deep Learning",On Leave,61.1,5,64.3
EMP2089,Meera Kapoor,employee2089@company.local,Engineering,Project Manager,1.0,2016-06-17,"Excel, Data Analysis",Available,15.1,2,59.2
EMP4375,Kavya Nair,employee4375@company.local,Data Science,Analyst,2.4,2020-12-30,"React, Machine Learning, Data Analysis, Django",Available,65.1,2,63.9
EMP2086,Kiran Thomas,employee2086@company.local,HR,Developer,6.0,2014-01-26,"Deep Learning, Machine Learning",Available,73.5,3,82.1
EMP789,Meera Menon,employee789@company.local,Engineering,Developer,2.2,2018-09-12,"Project Management, Finance, Excel, Data Analysis",Available,41.2,3,93.7
EMP4548,Rohit Verma,employee4548@company.local,Finance,Finance Analyst,8.9,2014-04-06,"Python, NLP",Available,54.2,3,74.6
EMP1622,Rahul Thomas,employee1622@company.local,Sales,Data Scientist,1.7,2021-11-09,"Deep Learning, Project Management",Available,0.0,2,71.4
EMP3131,Divya Joshi,employee3131@company.local,Operations,Project Manager,5.8,2020-09-18,"Project Management, React, Deep Learning, SQL",Available,43.4,3,69.2
EMP4893,Pooja Pillai,employee4893@company.local,Operations,HR Executive,3.0,2022-01-16,"Data Analysis, SQL, Deep Learning, Machine Learning",On Leave,73.0,6,67.4
EMP299,Isha Joshi,employee299@company.local,HR,Project Manager,3.7,2015-07-08,"NLP, Data Analysis, Deep Learning, Computer Vision",Available,50.3,3,63.3
EMP253,Pooja Pillai,employee253@company.local,Engineering,Team Lead,6.2,2012-10-31,"Excel, Data Analysis, React, Finance",Unknown,7.4,0,56.1
EMP1647,Neha Iyer,employee1647@company.local,Data Science,HR Executive,1.9,2021-06-25,"Project Management, React, Machine Learning, Python",Available,29.4,1,66.3
EMP1826,Kiran Mishra,employee1826@company.local,Finance,Analyst,3.5,2021-09-29,"NLP, Finance",Available,64.2,4,72.5
EMP2196,Aditya Verma,employee2196@company.local,Marketing,Project Manager,3.5,2018-03-02,SQL,Busy,50.4,3,54.7
EMP3424,Vivek Kumar,employee3424@company.local,Sales,Business Analyst,3.3,2019-11-16,Computer Vision,Available,31.9,3,50.0
EMP4160,Arun Kumar,employee4160@company.local,Marketing,Project Manager,18.1,2014-02-02,Excel,Unknown,47.5,4,70.7
EMP2821,Priya Menon,employee2821@company.local,Sales,Analyst,7.4,2017-08-15,"SQL, Excel, Project Management, Machine Learning",Busy,41.5,1,66.2
EMP2635,Kavya Joshi,employee2635@company.local,Data Science,Finance Analyst,3.1,2014-06-29,Django,Available,61.4,3,56.9
EMP357,Swati Menon,employee357@company.local,Data Science,Developer,16.1,2024-06-01,React,Available,63.4,3,73.5
EMP4083,Sneha Sharma,employee4083@company.local,Operations,Data Scientist,7.0,2016-12-02,"Deep Learning, Computer Vision, React",On Leave,43.5,2,81.1
EMP3051,Divya Joshi,employee3051@company.local,Engineering,Analyst,7.1,2021-08-21,"Django, Deep Learning, Excel, Python",Busy,60.5,2,58.2
EMP767,Neha Iyer,employee767@company.local,Data Science,Finance Analyst,2.3,2014-12-05,"Deep Learning, Excel, NLP, SQL",Busy,42.5,5,68.1
EMP1034,Nikhil Patel,employee1034@company.local,Finance,Developer,9.8,2015-11-06,"NLP, Django, Project Management, Deep Learning",Busy,60.3,2,77.0
EMP4469,Meera Menon,employee4469@company.local,IT,Data Scientist,12.2,2016-11-13,"React, Finance, SQL",Available,76.0,5,63.6
EMP2276,Aditya Verma,employee2276@company.local,HR,Finance Analyst,8.2,2023-04-12,Finance,Busy,98.7,5,68.5
EMP4993,Pooja Reddy,employee4993@company.local,Operations,Team Lead,2.0,2019-11-10,"Machine Learning, Excel, SQL",Available,48.0,4,62.5
EMP3149,Meera Pillai,employee3149@company.local,Data Science,Team Lead,4.6,2023-07-23,"React, NLP, Deep Learning",Available,58.2,4,56.1
EMP373,Pooja Menon,employee373@company.local,Marketing,Developer,8.0,2022-11-10,"Deep Learning, React",Available,51.0,2,78.7
EMP618,Manoj Patel,employee618@company.local,Operations,Finance Analyst,7.2,2014-05-21,Python,Available,51.8,3,57.0
EMP1147,Neha Joshi,employee1147@company.local,IT,Team Lead,6.6,2023-07-23,"Django, Finance, SQL",Available,84.5,6,69.6
EMP2206,Kiran Das,employee2206@company.local,IT,HR Executive,9.1,2025-05-15,"React, Deep Learning, Django, Machine Learning",Available,23.5,2,80.5
EMP2698,Manoj Patel,employee2698@company.local,Finance,Finance Analyst,4.5,2023-10-02,SQL,Busy,69.4,4,63.8
EMP3820,Arun Raj,employee3820@company.local,Data Science,Senior Developer,8.6,2024-05-14,"Machine Learning, React, Data Analysis",Busy,33.7,2,79.1
EMP4587,Not specified,employee4587@company.local,Engineering,HR Executive,8.8,2017-04-27,"Excel, Project Management, Finance, Django",Available,43.4,3,79.4
EMP1635,Kavya Sharma,employee1635@company.local,Engineering,Project Manager,1.0,2022-12-26,"Django, Machine Learning, SQL",Available,80.2,6,65.0
EMP1724,Vivek Raj,employee1724@company.local,IT,Finance Analyst,2.9,2022-08-05,"NLP, SQL",Busy,79.4,7,69.8
EMP4478,Manoj Das,employee4478@company.local,Operations,Finance Analyst,10.2,2023-01-20,"NLP, Deep Learning, Finance",Available,64.1,3,78.7
EMP2348,Rohit Raj,employee2348@company.local,Engineering,HR Executive,3.7,2022-05-31,Python,Available,69.2,5,56.0
EMP1894,Nikhil Thomas,employee1894@company.local,IT,Finance Analyst,3.5,2016-10-25,"Python, SQL, NLP, Deep Learning",Busy,74.1,3,77.3
EMP4339,Isha Sharma,employee4339@company.local,Operations,Team Lead,7.1,2021-09-29,"React, Project Management, SQL, Deep Learning",Busy,61.2,6,74.2
EMP4905,Anita Kapoor,employee4905@company.local,Finance,Data Scientist,8.9,2022-08-16,Python,Available,41.6,1,74.7
EMP3340,Arun Raj,employee3340@company.local,Finance,Finance Analyst,4.1,2023-12-22,Project Management,Busy,67.4,4,83.6
EMP3159,Isha Nair,employee3159@company.local,IT,Analyst,9.8,2013-10-23,Deep Learning,Available,31.7,3,65.4
EMP4662,Rahul Thomas,employee4662@company.local,Engineering,Analyst,3.2,2025-03-14,Python,On Leave,72.8,8,73.1
EMP2791,Divya Nair,employee2791@company.local,Data Science,Data Scientist,7.7,2017-10-21,"Data Analysis, Django",Busy,20.0,2,64.7
EMP3348,Rohit Verma,employee3348@company.local,HR,Senior Developer,9.8,2020-06-07,"React, NLP",Busy,56.6,2,92.5
EMP4762,Rahul Patel,employee4762@company.local,Data Science,Senior Developer,2.2,2015-01-29,"Django, NLP, Python, SQL",Available,98.2,5,73.1
EMP1782,Rahul Thomas,employee1782@company.local,Data Science,Analyst,2.0,2016-03-10,"NLP, Deep Learning, Data Analysis",Available,46.9,2,64.3
EMP2309,Meera Menon,employee2309@company.local,Data Science,Senior Developer,5.3,2017-06-02,SQL,Available,28.5,3,54.8
EMP4672,Sanjay Kumar,employee4672@company.local,IT,Senior Developer,21.8,2017-05-13,Finance,Available,57.1,3,80.0
EMP4046,Kiran Das,employee4046@company.local,Data Science,Team Lead,2.7,2016-02-13,"Machine Learning, Python, Django, React",On Leave,54.2,2,75.2
EMP1731,Divya Sharma,employee1731@company.local,Engineering,Project Manager,5.6,2021-05-02,"NLP, Excel, Python",Available,31.3,1,70.9
EMP4179,Isha Sharma,employee4179@company.local,IT,HR Executive,5.2,2021-10-03,"NLP, Project Management",Available,77.4,4,75.8
EMP4597,Swati Menon,employee4597@company.local,IT,Finance Analyst,5.4,2025-04-09,"Data Analysis, Finance, Computer Vision",Available,53.4,3,53.6
EMP2683,Sneha Joshi,employee2683@company.local,Engineering,Developer,16.3,2020-04-25,"Computer Vision, Django",Available,67.7,5,90.8
EMP1787,Neha Joshi,employee1787@company.local,HR,Business Analyst,7.1,2018-06-12,Finance,Available,69.0,5,69.9
EMP2662,Rahul Thomas,employee2662@company.local,Data Science,Team Lead,7.6,2025-03-28,"Django, Excel",Available,30.0,3,76.1
EMP1279,Isha Iyer,employee1279@company.local,Engineering,Finance Analyst,1.4,2012-02-23,Computer Vision,Available,16.7,3,66.6
EMP505,Anita Kapoor,employee505@company.local,Engineering,Finance Analyst,5.9,2013-08-29,"SQL, Django",Busy,55.7,5,78.8
EMP1741,Priya Pillai,employee1741@company.local,Sales,Data Scientist,7.3,2024-06-20,"Machine Learning, Project Management",Available,44.8,1,72.0
EMP2817,Swati Reddy,employee2817@company.local,Marketing,Data Scientist,6.1,2014-10-07,Machine Learning,Available,76.1,8,69.4
EMP2622,Rahul Das,employee2622@company.local,Engineering,Project Manager,3.0,2018-01-27,"Django, Python, Machine Learning",Available,89.9,6,71.7
EMP4858,Manoj Patel,employee4858@company.local,HR,Finance Analyst,2.4,2022-05-19,"SQL, Excel",Available,49.4,2,72.4
EMP1695,Kavya Iyer,employee1695@company.local,Operations,Developer,6.0,2021-04-03,"Project Management, Machine Learning, NLP",Busy,64.5,4,75.5
EMP921,Priya Kapoor,employee921@company.local,IT,Developer,7.8,2013-12-20,"Django, SQL",Busy,10.9,1,53.9
EMP2542,Rahul Das,employee2542@company.local,Operations,Team Lead,0.6,2012-08-22,"SQL, React, Python, NLP",Available,100.0,6,61.5
EMP1553,Pooja Reddy,employee1553@company.local,Data Science,Senior Developer,5.4,2023-10-10,"Project Management, React, Excel, Finance",Available,25.9,0,71.4
EMP3115,Kavya Joshi,employee3115@company.local,Sales,Analyst,2.2,2019-08-04,"Deep Learning, Django, Data Analysis, NLP",Available,68.1,6,73.0
EMP4516,Aditya Verma,employee4516@company.local,Data Science,Project Manager,3.5,2014-07-01,Project Management,Available,40.1,3,67.4
EMP3754,Nikhil Patel,employee3754@company.local,Marketing,Business Analyst,1.6,2013-12-17,"Deep Learning, Machine Learning",Busy,34.1,2,57.6
EMP3324,Vivek Raj,employee3324@company.local,HR,Business Analyst,4.6,2016-11-26,Machine Learning,Busy,36.2,2,83.1
EMP4241,Priya Reddy,employee4241@company.local,Sales,Finance Analyst,8.3,2018-05-21,Excel,Available,64.1,3,76.4
EMP982,Rahul Thomas,employee982@company.local,Finance,Senior Developer,9.1,2018-11-09,"Python, SQL, React",Available,65.6,4,56.8
EMP940,Arun Raj,employee940@company.local,IT,Business Analyst,2.5,2024-07-18,"Excel, Django",Available,25.0,1,59.4
EMP4968,Rohit Singh,employee4968@company.local,HR,Project Manager,12.6,2022-12-29,"Data Analysis, SQL",Busy,48.2,4,72.9
EMP2218,Manoj Patel,employee2218@company.local,Operations,Finance Analyst,15.7,2012-09-18,"Finance, Machine Learning",Available,64.9,4,83.2
EMP1930,Amit Patel,employee1930@company.local,Data Science,Finance Analyst,8.3,2012-10-21,"Machine Learning, Django, NLP, React",Available,48.9,3,80.6
EMP4022,Not specified,employee4022@company.local,HR,Business Analyst,2.5,2018-05-20,"Data Analysis, Excel, Python, Machine Learning",Available,63.0,5,80.7
EMP4924,Vivek Raj,employee4924@company.local,Data Science,Finance Analyst,12.7,2020-05-28,"SQL, Django",Available,39.9,3,71.6
EMP3573,Not specified,employee3573@company.local,Engineering,Data Scientist,4.5,2017-10-17,"Django, Python, React, Excel",Available,39.0,0,78.6
EMP850,Amit Mishra,employee850@company.local,Engineering,Project Manager,6.2,2020-01-11,Computer Vision,Available,32.9,3,69.8
EMP166,Kiran Thomas,employee166@company.local,Engineering,HR Executive,3.7,2025-02-26,"Finance, Excel, SQL, Project Management",Available,77.2,4,74.5
EMP4194,Nikhil Mishra,employee4194@company.local,Operations,Developer,15.6,2015-08-20,"Django, Project Management",Available,82.7,5,79.6
EMP1146,Kiran Patel,employee1146@company.local,Operations,Team Lead,5.4,2012-09-27,"Deep Learning, Django",Available,67.7,5,56.4
EMP171,Divya Joshi,employee171@company.local,Data Science,Finance Analyst,9.0,2023-08-25,Python,Available,36.8,3,61.7
EMP3756,Aditya Raj,employee3756@company.local,Engineering,Team Lead,2.3,2019-03-17,"NLP, Excel, Project Management, Deep Learning",Available,26.7,3,68.2
EMP819,Isha Sharma,employee819@company.local,Data Science,Finance Analyst,11.8,2014-04-28,"Project Management, Finance, Data Analysis, SQL",Busy,47.2,4,76.3
EMP1491,Divya Sharma,employee1491@company.local,Operations,HR Executive,1.9,2017-12-21,Computer Vision,Available,66.5,5,68.9
EMP2518,Manoj Thomas,employee2518@company.local,Sales,Developer,3.8,2018-08-30,"Deep Learning, NLP, Django",Busy,18.4,1,51.1
EMP3048,Rohit Singh,employee3048@company.local,Engineering,HR Executive,5.6,2014-01-24,"Data Analysis, NLP",Available,67.3,5,70.7
EMP2619,Isha Joshi,employee2619@company.local,Data Science,Project Manager,1.9,2021-05-25,"Python, Deep Learning",Available,65.7,4,64.9
EMP2092,Sanjay Raj,employee2092@company.local,Finance,Team Lead,12.2,2017-08-05,"Machine Learning, Django",Available,76.7,6,72.3
EMP1242,Rahul Patel,employee1242@company.local,Marketing,Finance Analyst,2.6,2020-07-23,"Machine Learning, Data Analysis, NLP",Available,67.0,5,57.4
EMP1640,Arun Singh,employee1640@company.local,Marketing,Developer,1.3,2013-07-02,"Deep Learning, Machine Learning, Project Management, Data Analysis",Busy,55.2,4,63.1
EMP2072,Sanjay Singh,employee2072@company.local,Engineering,Team Lead,22.0,2022-04-16,Computer Vision,Available,51.1,4,92.6
EMP3301,Priya Menon,employee3301@company.local,Data Science,Team Lead,13.3,2012-02-27,"NLP, Finance",Available,37.7,2,89.9
EMP3484,Vivek Raj,employee3484@company.local,Sales,Data Scientist,2.4,2013-09-13,"React, Django, Finance",Available,86.0,7,63.7
EMP3217,Swati Reddy,employee3217@company.local,Engineering,Developer,7.4,2019-02-14,"Excel, NLP",Available,56.4,5,56.7
EMP2316,Aditya Raj,employee2316@company.local,Sales,Data Scientist,4.8,2015-05-27,"SQL, Computer Vision",Busy,44.0,3,73.4
EMP2209,Meera Reddy,employee2209@company.local,Data Science,Developer,8.4,2016-10-10,"Computer Vision, SQL, Machine Learning",Busy,98.1,6,50.4
EMP928,Rohit Kumar,employee928@company.local,IT,Business Analyst,5.2,2019-03-30,Machine Learning,Available,18.1,0,61.4
EMP355,Kavya Sharma,employee355@company.local,Engineering,Finance Analyst,5.7,2019-05-30,React,Available,76.8,4,84.1
EMP467,Neha Sharma,employee467@company.local,IT,Team Lead,16.2,2016-04-29,Finance,Available,59.6,3,95.5
EMP4054,Not specified,employee4054@company.local,Finance,Senior Developer,19.2,2016-11-27,"Finance, Django",Available,34.7,2,99.0
EMP075,Kavya Joshi,employee075@company.local,Marketing,Senior Developer,8.2,2022-01-08,"Machine Learning, Deep Learning, NLP, Data Analysis",Busy,52.0,4,74.2
EMP1570,Amit Mishra,employee1570@company.local,Engineering,HR Executive,12.5,2020-11-16,Django,Busy,33.8,2,67.3
EMP1003,Sneha Joshi,employee1003@company.local,Operations,Analyst,6.6,2014-04-26,"NLP, Python",Available,55.2,3,64.9
EMP2304,Vivek Kumar,employee2304@company.local,Sales,Data Scientist,10.6,2015-11-18,"Machine Learning, Excel",Available,73.7,5,77.3
EMP365,Anita Pillai,employee365@company.local,Sales,Team Lead,5.3,2020-03-02,"Excel, NLP",Available,60.5,7,77.0
EMP3240,Arun Singh,employee3240@company.local,Finance,Senior Developer,11.2,2019-08-09,"Finance, Project Management, Data Analysis, React",Available,75.0,4,79.7
EMP3790,Amit Das,employee3790@company.local,Finance,HR Executive,4.2,2016-08-11,NLP,On Leave,57.6,3,61.8
EMP2477,Swati Pillai,employee2477@company.local,IT,Senior Developer,6.8,2021-07-31,Deep Learning,Busy,97.1,6,56.2
EMP1912,Sanjay Singh,employee1912@company.local,Engineering,Business Analyst,13.9,2018-06-22,"NLP, Data Analysis, Python",On Leave,64.5,4,85.1
EMP3733,Pooja Menon,employee3733@company.local,Finance,Analyst,14.1,2024-07-31,"Data Analysis, Project Management",Available,63.5,5,74.3
EMP4175,Kavya Iyer,employee4175@company.local,Data Science,Business Analyst,2.5,2023-05-22,"Excel, Data Analysis, SQL",Available,18.1,0,62.6
EMP3275,Kavya Joshi,employee3275@company.local,Engineering,Data Scientist,3.2,2017-11-01,NLP,Busy,76.6,5,72.2
EMP4163,Sneha Sharma,employee4163@company.local,HR,Business Analyst,8.7,2012-09-16,"React, Finance, NLP",Available,50.2,2,75.3
EMP200,Arun Singh,employee200@company.local,IT,HR Executive,9.3,2017-07-12,Deep Learning,Available,50.2,5,78.2
EMP2538,Manoj Patel,employee2538@company.local,Marketing,Developer,4.8,2013-12-15,"Django, Excel",Available,41.5,1,52.3
EMP3097,Swati Kapoor,employee3097@company.local,IT,Project Manager,3.3,2015-02-24,"Project Management, Django, Finance, SQL",Available,32.3,4,64.4
EMP592,Sanjay Kumar,employee592@company.local,Finance,Analyst,9.1,2021-04-27,Django,Available,78.0,7,70.7
EMP3544,Vivek Singh,employee3544@company.local,Finance,Finance Analyst,6.4,2016-12-28,"Excel, Python",Available,89.9,5,69.2
EMP2705,Anita Reddy,employee2705@company.local,Engineering,Senior Developer,10.0,2015-07-08,"Computer Vision, Django",Available,39.1,2,74.1
EMP2734,Nikhil Das,employee2734@company.local,Engineering,Analyst,7.9,2019-04-18,"Excel, Finance, Deep Learning",Available,46.0,2,70.2
EMP914,Nikhil Mishra,employee914@company.local,IT,Project Manager,8.3,2018-05-23,"SQL, React, Excel, Finance",Available,80.7,6,68.9
EMP941,Priya Pillai,employee941@company.local,Finance,Senior Developer,5.0,2012-12-14,"Excel, NLP, Django, Data Analysis",Busy,35.4,2,83.9
EMP4303,Sneha Iyer,employee4303@company.local,Operations,Developer,2.9,2017-02-24,"Project Management, Excel, Machine Learning",Available,55.7,4,66.1
EMP3863,Sneha Nair,employee3863@company.local,HR,Analyst,1.6,2019-12-17,"SQL, Machine Learning, React, Project Management",Available,66.9,3,52.3
EMP487,Neha Nair,employee487@company.local,Engineering,HR Executive,6.2,2018-05-15,"Computer Vision, SQL",Available,54.9,2,77.8
EMP2388,Rohit Verma,employee2388@company.local,IT,Team Lead,2.9,2012-06-06,Machine Learning,Available,70.5,4,56.5
EMP1962,Rahul Patel,employee1962@company.local,Operations,Finance Analyst,2.8,2017-01-22,"NLP, Deep Learning",Available,18.5,1,60.8
EMP4990,Amit Das,employee4990@company.local,Data Science,Analyst,3.9,2024-03-17,"Computer Vision, Excel",Available,83.4,6,67.8
EMP4813,Pooja Pillai,employee4813@company.local,Finance,Business Analyst,4.2,2024-05-30,"Data Analysis, Excel, SQL",Available,58.0,0,62.2
EMP2623,Sneha Iyer,employee2623@company.local,IT,HR Executive,7.3,2024-12-01,"Excel, Computer Vision, Deep Learning, React",Available,74.5,6,64.4
EMP3108,Rohit Verma,employee3108@company.local,IT,Developer,7.7,2019-06-11,Data Analysis,Available,58.8,1,57.6
EMP3327,Neha Iyer,employee3327@company.local,Data Science,Finance Analyst,5.0,2014-07-30,"Machine Learning, Project Management, NLP",Busy,73.2,3,73.8
EMP959,Isha Iyer,employee959@company.local,Data Science,Business Analyst,10.1,2015-06-19,React,Available,89.5,5,90.3
EMP613,Pooja Menon,employee613@company.local,Marketing,Senior Developer,6.3,2014-07-16,"Finance, Project Management, Data Analysis, React",Available,74.1,4,61.4
EMP588,Rohit Raj,employee588@company.local,Marketing,Business Analyst,18.7,2013-09-07,Python,Available,14.9,0,69.7
EMP1036,Aditya Raj,employee1036@company.local,Marketing,Business Analyst,3.3,2019-01-20,"NLP, Django, Finance",Available,41.6,3,62.6
EMP3830,Amit Thomas,employee3830@company.local,HR,Developer,5.2,2017-03-08,"React, Deep Learning, Finance",Available,35.1,0,73.7
EMP2587,Neha Joshi,employee2587@company.local,Engineering,Finance Analyst,5.1,2013-10-28,"Computer Vision, Finance, SQL",Busy,95.6,6,62.3
EMP2130,Amit Mishra,employee2130@company.local,Engineering,Team Lead,20.3,2012-07-14,Project Management,Busy,21.0,0,73.2
EMP3795,Kavya Sharma,employee3795@company.local,Finance,Developer,3.3,2016-11-11,"Deep Learning, Finance",Available,76.3,3,67.8
EMP973,Pooja Pillai,employee973@company.local,Marketing,Developer,16.3,2013-07-23,NLP,Available,40.8,3,81.8
EMP1590,Amit Thomas,employee1590@company.local,Marketing,Senior Developer,3.8,2020-01-30,"Computer Vision, Deep Learning, SQL",Available,59.5,3,82.0
EMP1345,Anita Reddy,employee1345@company.local,Operations,Developer,9.3,2023-09-21,"Project Management, Excel, React, Deep Learning",Available,14.0,3,53.5
EMP3815,Kavya Nair,employee3815@company.local,Data Science,Senior Developer,5.0,2014-03-26,Deep Learning,Busy,70.3,6,77.7
EMP915,Kavya Sharma,employee915@company.local,IT,Project Manager,2.3,2023-07-05,"Computer Vision, React",Busy,45.6,3,65.4
EMP1027,Neha Sharma,employee1027@company.local,Finance,Team Lead,16.0,2020-09-27,Data Analysis,Busy,41.7,3,93.3
EMP1025,Anita Reddy,employee1025@company.local,Data Science,Team Lead,2.0,2023-08-15,"SQL, Django",Available,57.1,2,62.7
EMP2407,Neha Nair,employee2407@company.local,IT,Project Manager,0.7,2021-08-25,"React, Project Management, SQL",Available,87.0,7,63.4
EMP244,Vivek Verma,employee244@company.local,HR,Team Lead,1.5,2012-10-24,"Excel, Deep Learning",Available,43.4,4,56.0
EMP4816,Aditya Kumar,employee4816@company.local,Finance,Project Manager,4.4,2017-04-03,"React, Deep Learning",Available,71.3,6,64.7
EMP4606,Kiran Das,employee4606@company.local,Finance,Team Lead,14.1,2021-07-10,"NLP, Project Management",Available,49.1,2,81.6
EMP3229,Meera Pillai,employee3229@company.local,Data Science,Analyst,5.6,2021-10-23,"Django, Project Management, Machine Learning, Python",Available,25.1,0,58.9
EMP4405,Anita Menon,employee4405@company.local,Sales,Developer,7.5,2012-11-27,"Project Management, Computer Vision",Available,43.5,1,77.4
EMP1977,Swati Kapoor,employee1977@company.local,Sales,HR Executive,11.9,2017-12-14,"Deep Learning, Data Analysis, Machine Learning",Available,100.0,3,80.3
EMP1295,Kavya Iyer,employee1295@company.local,Finance,Data Scientist,2.9,2023-05-30,"Project Management, Excel, NLP, Deep Learning",Busy,56.5,4,78.6
EMP4071,Divya Nair,employee4071@company.local,Sales,Finance Analyst,6.2,2022-03-15,Deep Learning,Busy,73.9,5,66.4
EMP4103,Sneha Nair,employee4103@company.local,Operations,Data Scientist,13.4,2017-03-09,"SQL, NLP, Excel",Available,68.9,4,74.5
EMP4640,Arun Kumar,employee4640@company.local,Operations,Senior Developer,3.9,2021-08-31,"Deep Learning, Data Analysis, Finance, SQL",Available,47.7,5,48.2
EMP969,Meera Kapoor,employee969@company.local,Sales,Analyst,4.3,2024-12-23,Data Analysis,Busy,59.7,5,71.6
EMP887,Neha Nair,employee887@company.local,IT,Finance Analyst,0.9,2019-02-23,Python,Available,89.0,6,62.5
EMP2151,Divya Nair,employee2151@company.local,HR,Project Manager,2.9,2018-10-20,"Data Analysis, Django",Available,46.2,4,69.9
EMP3862,Rahul Thomas,employee3862@company.local,IT,Finance Analyst,5.7,2013-05-29,"Computer Vision, Deep Learning, Python",Available,83.8,4,99.0
EMP2576,Aditya Kumar,employee2576@company.local,Data Science,Data Scientist,14.9,2020-03-25,Finance,Available,33.4,2,92.6
EMP3012,Sanjay Verma,employee3012@company.local,IT,Project Manager,2.0,2022-03-02,"NLP, React, Machine Learning, Deep Learning",Available,47.2,1,86.6
EMP4033,Pooja Reddy,employee4033@company.local,Finance,Team Lead,2.2,2020-04-09,"Computer Vision, Deep Learning, SQL, Python",On Leave,50.2,2,77.2
EMP846,Kiran Das,employee846@company.local,Marketing,Data Scientist,1.7,2025-04-04,"Computer Vision, Python, Deep Learning",Available,43.4,4,54.7
EMP3038,Manoj Das,employee3038@company.local,Engineering,Project Manager,0.7,2023-06-07,"React, Machine Learning, SQL",Available,64.6,5,52.5
EMP3259,Isha Joshi,employee3259@company.local,Marketing,Business Analyst,8.1,2019-12-07,"Finance, NLP",Busy,84.5,5,70.0
EMP3932,Sanjay Raj,employee3932@company.local,Sales,Project Manager,1.0,2019-12-25,"Deep Learning, NLP, Data Analysis",Available,37.4,2,52.6
EMP4126,Kiran Das,employee4126@company.local,Operations,Data Scientist,4.3,2012-11-03,Project Management,On Leave,57.2,5,70.0
EMP4750,Amit Das,employee4750@company.local,Marketing,Finance Analyst,2.2,2022-03-30,Python,Available,29.3,2,56.4
EMP1760,Arun Kumar,employee1760@company.local,IT,Team Lead,7.2,2021-05-16,Python,Busy,76.3,6,61.8
EMP724,Vivek Verma,employee724@company.local,Sales,Team Lead,4.2,2014-10-19,"Machine Learning, Python",Busy,44.0,4,68.9
EMP4017,Swati Reddy,employee4017@company.local,IT,HR Executive,1.0,2015-07-24,"Deep Learning, Data Analysis",Available,56.0,5,57.2
EMP3803,Sneha Joshi,employee3803@company.local,Operations,HR Executive,11.2,2016-07-30,"Project Management, Computer Vision, Django",Available,49.7,2,81.6
EMP645,Anita Menon,employee645@company.local,Data Science,Analyst,5.9,2021-08-17,Data Analysis,Available,77.9,7,80.0
EMP3188,Rohit Verma,employee3188@company.local,Finance,HR Executive,5.0,2012-06-08,"Computer Vision, Deep Learning, Project Management",Available,29.2,1,68.3
EMP4950,Amit Thomas,employee4950@company.local,IT,Analyst,5.0,2024-07-05,"Django, Computer Vision, Machine Learning, SQL",Available,62.4,5,66.4
EMP3601,Priya Reddy,employee3601@company.local,Finance,Team Lead,3.7,2025-01-07,"Python, Data Analysis, SQL, NLP",Available,12.6,0,69.1
EMP2266,Kiran Patel,employee2266@company.local,IT,HR Executive,22.0,2014-08-15,NLP,Available,51.3,3,98.5
EMP1806,Kiran Das,employee1806@company.local,IT,Business Analyst,6.2,2020-05-30,"Django, Data Analysis, Deep Learning",Available,100.0,7,85.6
EMP1132,Sanjay Raj,employee1132@company.local,Sales,Team Lead,4.1,2022-10-22,"Project Management, Data Analysis, NLP",Busy,100.0,4,62.7
EMP4167,Neha Nair,employee4167@company.local,Sales,Team Lead,4.0,2022-06-12,"Finance, React, Excel, Computer Vision",Available,83.1,5,71.1
EMP4773,Pooja Menon,employee4773@company.local,Sales,Developer,9.9,2012-09-14,"Deep Learning, Project Management, SQL, Django",Busy,68.2,7,93.9
EMP1282,Rahul Mishra,employee1282@company.local,Finance,Developer,12.9,2014-05-17,"Project Management, Machine Learning, Data Analysis",Busy,40.2,4,75.7
EMP2233,Pooja Kapoor,employee2233@company.local,Data Science,Data Scientist,2.4,2022-03-08,"Data Analysis, Project Management, Django, Finance",Available,58.7,3,67.2
EMP3665,Anita Reddy,employee3665@company.local,HR,HR Executive,9.3,2023-08-18,NLP,Available,31.2,1,64.0
EMP2681,Priya Kapoor,employee2681@company.local,Engineering,Developer,7.8,2018-07-04,NLP,Busy,37.2,3,66.8
EMP4637,Swati Pillai,employee4637@company.local,Marketing,Business Analyst,10.6,2016-09-29,Data Analysis,Busy,30.8,2,80.5
EMP4705,Anita Reddy,employee4705@company.local,Operations,HR Executive,2.5,2025-08-26,SQL,Busy,53.1,3,56.0
EMP2431,Divya Iyer,employee2431@company.local,Data Science,Analyst,7.7,2020-01-04,Django,Available,40.7,2,63.6
EMP3964,Vivek Raj,employee3964@company.local,Data Science,Analyst,12.5,2016-08-02,"Finance, Django, React",Available,44.7,1,54.7
EMP269,Meera Pillai,employee269@company.local,Marketing,HR Executive,8.0,2018-01-26,"Django, React, Excel, Deep Learning",Busy,50.6,3,76.9
EMP3347,Neha Sharma,employee3347@company.local,HR,Project Manager,1.8,2017-02-11,"React, NLP, Project Management, Deep Learning",Available,60.0,5,51.7
EMP1145,Anita Kapoor,employee1145@company.local,Operations,Business Analyst,6.8,2024-09-11,"Django, SQL, Project Management, React",Available,64.8,4,70.0
EMP1165,Anita Pillai,employee1165@company.local,Engineering,Team Lead,4.2,2023-12-07,"Excel, Finance",Available,100.0,10,66.9
EMP956,Aditya Raj,employee956@company.local,Engineering,Analyst,2.0,2022-05-29,Excel,Available,25.8,0,76.2
EMP2695,Kavya Nair,employee2695@company.local,Operations,Project Manager,4.5,2013-11-25,"Deep Learning, Python",Available,40.9,3,76.7
EMP310,Amit Thomas,employee310@company.local,Engineering,Data Scientist,4.3,2012-09-17,NLP,Available,67.9,6,61.5
EMP2106,Kiran Patel,employee2106@company.local,HR,Team Lead,3.1,2025-02-21,Project Management,Available,100.0,6,52.5
EMP1498,Manoj Patel,employee1498@company.local,IT,Senior Developer,0.7,2019-07-16,"Excel, SQL",Available,73.6,4,53.5
EMP2467,Neha Sharma,employee2467@company.local,IT,HR Executive,9.8,2016-12-29,"Computer Vision, SQL, Finance, React",Busy,29.8,2,74.3
EMP4348,Rohit Raj,employee4348@company.local,Data Science,Project Manager,2.4,2020-06-15,Data Analysis,On Leave,35.4,3,69.5
EMP3473,Pooja Reddy,employee3473@company.local,Engineering,Finance Analyst,3.2,2012-08-02,"Python, SQL, Computer Vision, NLP",Available,65.3,5,79.9
EMP1559,Isha Nair,employee1559@company.local,Operations,Analyst,6.5,2022-08-25,"React, Data Analysis, SQL, Deep Learning",Available,54.7,6,65.5
EMP1035,Kavya Joshi,employee1035@company.local,Marketing,Team Lead,4.2,2019-03-29,Data Analysis,Available,73.8,5,78.2
EMP4745,Anita Kapoor,employee4745@company.local,Operations,Team Lead,4.4,2014-06-28,"Excel, Python, Django",Available,23.1,4,68.6
EMP3123,Sneha Sharma,employee3123@company.local,HR,Data Scientist,1.5,2016-09-12,React,Available,76.4,4,65.3
EMP4575,Kavya Iyer,employee4575@company.local,Engineering,HR Executive,14.7,2023-05-09,"SQL, Machine Learning, React",Busy,74.7,4,75.9
EMP3976,Aditya Singh,employee3976@company.local,Data Science,Team Lead,19.8,2014-08-28,"Computer Vision, Deep Learning, Data Analysis, SQL",Available,72.9,6,81.1
EMP3940,Arun Verma,employee3940@company.local,Data Science,Data Scientist,2.3,2012-08-12,"Finance, SQL, Django, Data Analysis",Available,83.9,6,72.3
EMP2471,Divya Nair,employee2471@company.local,Data Science,Developer,5.6,2016-01-31,"Machine Learning, React, Deep Learning",Busy,93.8,6,52.5
EMP688,Rohit Kumar,employee688@company.local,IT,Project Manager,6.9,2020-10-06,Data Analysis,Available,66.2,4,59.5
EMP4467,Neha Sharma,employee4467@company.local,Data Science,Data Scientist,7.4,2020-01-15,React,On Leave,76.4,6,68.5
EMP1882,Rahul Patel,employee1882@company.local,Engineering,Team Lead,10.5,2017-03-18,React,Busy,53.1,3,77.6
EMP4673,Pooja Reddy,employee4673@company.local,IT,Analyst,4.7,2019-08-20,"SQL, Data Analysis, Finance",Available,60.6,4,68.4
EMP3600,Arun Kumar,employee3600@company.local,Data Science,Senior Developer,5.4,2023-01-27,"Data Analysis, NLP, Project Management",Available,61.4,3,62.3
EMP2350,Amit Das,employee2350@company.local,Engineering,Senior Developer,8.4,2024-05-13,Machine Learning,Available,54.3,3,79.6
EMP1069,Meera Pillai,employee1069@company.local,Engineering,Project Manager,4.5,2012-01-11,"Django, Computer Vision, Python",Available,79.0,5,57.2
EMP4931,Divya Sharma,employee4931@company.local,Engineering,Team Lead,2.6,2019-09-05,"Deep Learning, Django, Excel",Available,24.0,2,62.5
EMP3580,Arun Raj,employee3580@company.local,IT,Project Manager,2.4,2021-01-24,Machine Learning,Available,52.6,4,66.4
EMP317,Swati Pillai,employee317@company.local,IT,Business Analyst,3.1,2017-09-28,"React, Machine Learning, Project Management",Available,41.7,5,62.1
EMP4811,Divya Joshi,employee4811@company.local,Sales,HR Executive,7.8,2014-06-04,"Excel, Computer Vision, Finance, Machine Learning",Available,15.1,3,66.6
EMP687,Neha Iyer,employee687@company.local,Marketing,Project Manager,6.6,2021-02-09,"Finance, SQL, Computer Vision",Available,49.1,3,66.0
EMP2038,Manoj Thomas,employee2038@company.local,Finance,Analyst,14.1,2018-02-13,"Data Analysis, Deep Learning, Excel",Available,71.1,4,85.4
EMP4604,Vivek Raj,employee4604@company.local,Engineering,Business Analyst,3.1,2015-05-13,"Machine Learning, NLP, Python, Computer Vision",Available,8.8,2,51.0
EMP189,Meera Pillai,employee189@company.local,Finance,Team Lead,1.5,2018-01-21,"NLP, SQL, Django",Available,60.6,1,74.9
EMP2187,Neha Joshi,employee2187@company.local,Finance,Analyst,1.5,2017-04-10,"Computer Vision, Data Analysis, SQL",Available,54.2,3,65.4
EMP2020,Arun Verma,employee2020@company.local,Marketing,Finance Analyst,7.0,2012-05-14,React,Available,25.7,0,65.4
EMP3796,Aditya Verma,employee3796@company.local,Operations,Business Analyst,7.2,2014-11-19,"Excel, Python, Data Analysis",Available,55.0,2,87.3
EMP016,Aditya Kumar,employee016@company.local,Marketing,Developer,9.2,2017-11-07,"Finance, Django, Deep Learning, Project Management",Busy,58.2,5,78.2
EMP3455,Kavya Iyer,employee3455@company.local,Sales,Developer,4.0,2013-02-19,"Data Analysis, Project Management, SQL, Django",Available,51.8,4,63.6
EMP4779,Isha Joshi,employee4779@company.local,Marketing,Project Manager,9.1,2016-04-29,"Machine Learning, Data Analysis, SQL, NLP",Busy,50.5,4,84.6
EMP2782,Rahul Das,employee2782@company.local,Sales,Senior Developer,3.4,2023-01-09,"Deep Learning, NLP, Excel",Available,59.9,4,63.3
EMP3579,Isha Joshi,employee3579@company.local,Finance,Data Scientist,7.1,2023-10-08,React,Busy,85.3,5,76.0
EMP2692,Sanjay Verma,employee2692@company.local,Data Science,HR Executive,2.5,2019-08-15,"Machine Learning, Computer Vision, Data Analysis, Deep Learning",Available,41.0,5,63.7
EMP2231,Divya Nair,employee2231@company.local,HR,Project Manager,2.1,2015-04-29,"Excel, Django, Deep Learning",Available,100.0,8,62.7
EMP2440,Arun Singh,employee2440@company.local,Data Science,Team Lead,5.2,2015-08-19,"Python, Machine Learning, Django",Busy,66.1,5,83.4
EMP4011,Divya Joshi,employee4011@company.local,Operations,Data Scientist,1.6,2014-05-08,"NLP, Project Management",Unknown,78.5,5,61.1
EMP753,Pooja Reddy,employee753@company.local,Marketing,Developer,5.5,2018-08-13,Django,Available,66.1,6,64.6
EMP1550,Amit Das,employee1550@company.local,Data Science,Senior Developer,6.7,2016-05-26,"Project Management, SQL, Deep Learning, React",Busy,57.7,4,68.7
EMP226,Kiran Mishra,employee226@company.local,Data Science,Senior Developer,6.4,2020-12-27,"Python, Deep Learning, Django",Available,100.0,5,77.4
EMP1275,Kavya Joshi,employee1275@company.local,Sales,Business Analyst,4.1,2017-04-18,"Project Management, Django",On Leave,14.8,0,78.3
EMP4266,Kiran Patel,employee4266@company.local,Engineering,Analyst,4.7,2023-05-20,"SQL, Python",Available,73.0,5,46.1
EMP1932,Not specified,employee1932@company.local,IT,Developer,0.8,2016-08-18,"SQL, Project Management",Available,90.1,5,65.7
EMP3489,Meera Reddy,employee3489@company.local,Operations,Data Scientist,2.5,2013-09-16,"Machine Learning, Excel",Available,45.4,1,76.4
EMP3410,Amit Mishra,employee3410@company.local,Data Science,Business Analyst,3.3,2018-12-03,Deep Learning,Available,5.7,2,66.3
EMP3743,Sneha Iyer,employee3743@company.local,Marketing,Business Analyst,4.4,2014-07-20,"Python, SQL",Busy,34.4,1,67.5
EMP3212,Sanjay Raj,employee3212@company.local,Sales,HR Executive,7.5,2024-04-12,Django,Available,53.1,3,54.6
EMP206,Kiran Das,employee206@company.local,Operations,Developer,1.0,2015-07-21,"SQL, Python, Computer Vision",Busy,85.7,7,57.0
EMP1268,Rohit Verma,employee1268@company.local,IT,Developer,8.7,2017-07-06,"Computer Vision, Finance",On Leave,70.3,6,71.7
EMP589,Meera Pillai,employee589@company.local,Data Science,Analyst,1.3,2014-10-16,"Project Management, React",Busy,100.0,7,62.8
EMP3523,Sneha Sharma,employee3523@company.local,Marketing,Data Scientist,5.5,2021-10-05,Data Analysis,Available,78.8,6,64.5
EMP3226,Kiran Patel,employee3226@company.local,Engineering,Senior Developer,8.9,2015-02-11,"Data Analysis, Python, SQL, NLP",Available,77.0,3,65.7
EMP4659,Isha Sharma,employee4659@company.local,Finance,Project Manager,5.6,2014-04-27,"Project Management, Data Analysis",Available,66.2,6,73.3
EMP4111,Divya Iyer,employee4111@company.local,IT,HR Executive,5.6,2021-04-02,Python,Available,37.0,2,56.6
EMP108,Rohit Raj,employee108@company.local,Marketing,Senior Developer,4.7,2019-05-10,"Deep Learning, Computer Vision, Django",Available,88.0,7,69.4
EMP2546,Kiran Mishra,employee2546@company.local,Operations,Senior Developer,5.8,2018-04-02,Deep Learning,Available,24.9,2,57.6
EMP1710,Amit Das,employee1710@company.local,Marketing,Data Scientist,4.6,2021-03-02,React,Available,72.5,4,57.8
EMP4289,Meera Reddy,employee4289@company.local,HR,HR Executive,8.8,2013-06-29,"Data Analysis, Excel, Computer Vision, NLP",Available,65.0,5,84.8
EMP1096,Aditya Singh,employee1096@company.local,Data Science,Project Manager,5.0,2020-06-30,"Django, Machine Learning, SQL",Available,29.5,1,58.9
EMP219,Isha Joshi,employee219@company.local,Finance,Developer,6.4,2025-07-12,"Deep Learning, SQL",Available,79.5,5,68.9
EMP1309,Meera Pillai,employee1309@company.local,Sales,Finance Analyst,3.7,2021-02-26,"Finance, Deep Learning, Django, Data Analysis",Busy,14.3,0,86.6
EMP1692,Sanjay Raj,employee1692@company.local,IT,Developer,2.2,2018-05-11,Python,On Leave,65.8,4,67.2
EMP3921,Priya Reddy,employee3921@company.local,HR,Team Lead,4.8,2016-07-30,"SQL, Finance",Busy,54.3,5,67.7
EMP1097,Swati Kapoor,employee1097@company.local,Marketing,Data Scientist,4.2,2025-02-11,"Machine Learning, Excel",Available,32.6,1,72.7
EMP3375,Kavya Iyer,employee3375@company.local,Sales,Project Manager,2.9,2016-09-23,"Excel, Django, Project Management, React",Busy,37.8,4,66.3
EMP455,Kavya Nair,employee455@company.local,Data Science,Finance Analyst,5.3,2014-02-12,"Excel, Project Management",Available,26.1,0,75.1
EMP3563,Sneha Joshi,employee3563@company.local,IT,Senior Developer,3.0,2020-01-17,Python,Available,100.0,8,47.9
EMP2628,Rohit Verma,employee2628@company.local,IT,Project Manager,1.9,2023-08-14,"NLP, Excel, Data Analysis, Computer Vision",Available,26.8,0,68.3
EMP3339,Isha Joshi,employee3339@company.local,Finance,HR Executive,1.8,2012-10-20,React,Busy,100.0,7,54.2
EMP1758,Manoj Das,employee1758@company.local,IT,Finance Analyst,4.1,2013-07-30,Deep Learning,On Leave,57.4,3,57.6
EMP1747,Neha Sharma,employee1747@company.local,Operations,Data Scientist,7.0,2022-04-13,"React, Django, Computer Vision, Finance",Available,44.3,5,70.1
EMP3386,Kiran Patel,employee3386@company.local,Sales,Finance Analyst,3.5,2020-01-05,"Data Analysis, Finance, Computer Vision, Project Management",Available,100.0,8,59.7
EMP1947,Neha Joshi,employee1947@company.local,Engineering,Senior Developer,3.1,2013-03-03,Deep Learning,On Leave,70.6,5,66.9
EMP2988,Rohit Raj,employee2988@company.local,Data Science,Analyst,3.8,2015-11-07,"Python, NLP",Available,50.1,1,55.8
EMP1874,Nikhil Mishra,employee1874@company.local,Marketing,Team Lead,7.4,2012-05-04,"React, Deep Learning, NLP, Machine Learning",Available,44.0,2,74.9
EMP4076,Aditya Raj,employee4076@company.local,Data Science,Project Manager,4.2,2018-02-20,Computer Vision,Available,93.0,7,77.9
EMP4916,Aditya Verma,employee4916@company.local,Marketing,HR Executive,5.5,2020-10-29,"Python, Data Analysis, Machine Learning, Project Management",Busy,53.1,1,75.0
EMP2953,Pooja Kapoor,employee2953@company.local,Operations,HR Executive,0.9,2025-09-06,"Computer Vision, Django",Available,50.4,2,47.4
EMP1256,Aditya Singh,employee1256@company.local,Marketing,HR Executive,9.4,2012-07-28,"Finance, React, SQL, Python",Available,57.5,5,72.9
EMP417,Swati Reddy,employee417@company.local,Operations,Business Analyst,8.9,2020-07-28,"Data Analysis, Machine Learning, React, SQL",Available,74.2,6,77.9
EMP3401,Priya Kapoor,employee3401@company.local,Finance,Developer,11.1,2017-12-02,Project Management,On Leave,72.3,6,93.7
EMP1668,Rohit Verma,employee1668@company.local,Data Science,Finance Analyst,9.5,2022-08-07,"SQL, Python",Busy,44.2,3,69.4
EMP3050,Amit Patel,employee3050@company.local,Data Science,Developer,6.9,2018-10-11,"Python, React",Busy,45.1,3,82.2
EMP2152,Sanjay Singh,employee2152@company.local,Engineering,Business Analyst,2.7,2024-05-12,"Project Management, NLP, Excel",Busy,46.9,4,60.9
EMP3554,Nikhil Mishra,employee3554@company.local,Engineering,Finance Analyst,1.5,2019-01-18,"Machine Learning, Python, React",Available,72.3,5,57.3
EMP827,Neha Joshi,employee827@company.local,IT,Analyst,4.1,2024-12-30,"SQL, Django, Project Management, NLP",Busy,13.7,1,66.3
EMP4763,Sneha Joshi,employee4763@company.local,Finance,Team Lead,11.6,2020-08-19,"Deep Learning, Computer Vision, Django, Python",Available,61.6,3,74.8
EMP2221,Priya Pillai,employee2221@company.local,Engineering,HR Executive,1.8,2020-12-12,Machine Learning,Available,46.7,3,69.3
EMP4454,Nikhil Thomas,employee4454@company.local,IT,Business Analyst,5.9,2019-06-08,Computer Vision,Busy,99.7,8,58.2
EMP4170,Amit Patel,employee4170@company.local,Finance,Developer,13.4,2020-11-23,"React, SQL",Available,96.3,7,73.3
EMP456,Aditya Singh,employee456@company.local,Engineering,Business Analyst,3.7,2017-01-20,"Data Analysis, Machine Learning, Deep Learning, Django",Available,90.3,7,60.0
EMP628,Rohit Verma,employee628@company.local,Operations,Data Scientist,4.6,2024-05-02,"Deep Learning, Data Analysis, Project Management",Available,38.0,2,82.7
EMP1250,Amit Mishra,employee1250@company.local,Operations,Finance Analyst,5.6,2013-09-25,"Machine Learning, Django, Data Analysis, React",Busy,59.9,4,61.5
EMP1948,Rohit Raj,employee1948@company.local,Engineering,Project Manager,14.8,2013-08-25,"Django, Python, Deep Learning, Excel",Available,67.7,5,72.3
EMP796,Aditya Raj,employee796@company.local,Operations,Team Lead,4.5,2021-01-21,Finance,Busy,55.7,4,60.9
EMP3677,Swati Pillai,employee3677@company.local,Operations,Team Lead,10.1,2024-05-20,"Django, Deep Learning, Finance, Machine Learning",Available,66.3,3,68.3
EMP211,Divya Sharma,employee211@company.local,Data Science,Data Scientist,6.2,2020-12-08,"Machine Learning, Computer Vision, Django, Excel",Busy,38.9,2,49.9
EMP775,Kavya Nair,employee775@company.local,Data Science,Data Scientist,7.5,2016-12-15,Excel,Busy,43.9,6,69.1
EMP569,Meera Kapoor,employee569@company.local,Finance,Business Analyst,3.6,2024-12-25,Project Management,Available,77.3,6,76.3
EMP4372,Sanjay Verma,employee4372@company.local,Engineering,Finance Analyst,6.7,2016-03-11,"Deep Learning, Machine Learning, Finance, SQL",Available,60.1,4,65.8
EMP4782,Rahul Das,employee4782@company.local,HR,Team Lead,10.0,2014-08-12,"Python, React, Computer Vision, Deep Learning",Available,76.5,3,74.7
EMP3568,Rohit Kumar,employee3568@company.local,IT,Finance Analyst,4.9,2015-05-09,"SQL, Project Management",Available,22.9,2,70.8
EMP376,Aditya Singh,employee376@company.local,Engineering,HR Executive,12.2,2018-10-18,Finance,Available,84.6,6,80.5
EMP3118,Manoj Das,employee3118@company.local,Sales,Analyst,9.9,2025-04-05,"SQL, Data Analysis, Excel, Computer Vision",Busy,59.0,5,87.4
EMP3192,Sanjay Singh,employee3192@company.local,Data Science,Business Analyst,4.2,2018-05-05,"Project Management, Data Analysis, NLP",Busy,89.2,6,73.0
EMP1361,Priya Reddy,employee1361@company.local,Operations,Senior Developer,5.0,2013-07-25,"Django, Data Analysis, Excel, Computer Vision",Available,82.1,7,52.5
EMP195,Kavya Sharma,employee195@company.local,Finance,Analyst,10.4,2016-12-16,"Machine Learning, Computer Vision, Finance, Python",Available,79.6,5,76.2
EMP702,Rahul Das,employee702@company.local,Engineering,HR Executive,10.4,2015-02-21,"Deep Learning, Data Analysis, Django",Busy,26.5,3,67.7
EMP4042,Rahul Patel,employee4042@company.local,Engineering,Senior Developer,8.2,2013-03-10,Data Analysis,Busy,53.2,4,65.5
EMP1508,Rohit Verma,employee1508@company.local,Engineering,Developer,3.9,2022-01-07,Machine Learning,Busy,0.0,0,61.2
EMP4099,Isha Sharma,employee4099@company.local,Marketing,Data Scientist,9.2,2017-01-08,"Data Analysis, Django, NLP",Busy,60.4,3,72.6
EMP3732,Sanjay Verma,employee3732@company.local,Marketing,Senior Developer,5.7,2018-10-11,Excel,Available,36.8,4,70.4
EMP3416,Aditya Singh,employee3416@company.local,IT,Finance Analyst,11.9,2022-12-01,"Machine Learning, Deep Learning, NLP",Available,26.1,3,71.2
EMP3639,Isha Nair,employee3639@company.local,Finance,Senior Developer,2.6,2024-08-13,"React, Finance",Available,77.4,5,57.4
EMP160,Arun Kumar,employee160@company.local,Operations,Team Lead,6.0,2023-02-02,"Computer Vision, Project Management",Available,57.3,3,65.5
EMP1693,Pooja Pillai,employee1693@company.local,Engineering,Data Scientist,1.9,2016-02-13,Finance,Busy,100.0,6,63.4
EMP4625,Anita Reddy,employee4625@company.local,Engineering,Project Manager,8.0,2018-11-23,"SQL, Computer Vision",Available,32.1,0,99.0
EMP3466,Kiran Patel,employee3466@company.local,Data Science,Business Analyst,1.9,2024-01-16,"Machine Learning, Finance",Busy,79.7,4,64.6
EMP2657,Swati Reddy,employee2657@company.local,IT,Business Analyst,4.6,2019-07-16,"SQL, Computer Vision, Finance, NLP",Busy,63.8,2,82.1
EMP4911,Divya Iyer,employee4911@company.local,Finance,Business Analyst,3.9,2024-12-22,"NLP, Deep Learning",Available,81.5,4,59.1
EMP3352,Sanjay Singh,employee3352@company.local,IT,Project Manager,3.8,2018-09-30,"Finance, Python",Available,59.9,5,68.0
EMP3548,Rohit Raj,employee3548@company.local,IT,Analyst,14.8,2013-08-16,Project Management,Busy,36.0,4,79.4
EMP1711,Divya Iyer,employee1711@company.local,Engineering,Team Lead,1.5,2024-03-17,"Excel, SQL, React",Available,66.0,3,41.4
EMP280,Arun Singh,employee280@company.local,IT,Senior Developer,11.6,2021-12-11,"NLP, React, Computer Vision, Data Analysis",Available,89.7,7,66.1
EMP3365,Anita Menon,employee3365@company.local,HR,Data Scientist,1.9,2015-05-19,Project Management,Busy,39.9,6,62.5
EMP1013,Pooja Menon,employee1013@company.local,IT,Project Manager,1.4,2022-05-14,"Data Analysis, Project Management, SQL",Available,52.6,4,46.7
EMP233,Pooja Kapoor,employee233@company.local,Marketing,Project Manager,7.9,2012-03-08,"React, Python, Machine Learning",Available,100.0,3,73.4
EMP911,Divya Iyer,employee911@company.local,Engineering,Developer,1.8,2017-05-16,"SQL, Computer Vision, Django",Available,12.0,2,68.8
EMP4443,Sneha Joshi,employee4443@company.local,Finance,Project Manager,1.5,2023-05-25,"React, Finance, Project Management",Available,83.7,6,67.7
EMP4238,Manoj Das,employee4238@company.local,Marketing,Senior Developer,1.3,2021-02-09,Excel,Busy,46.1,2,56.5
EMP3486,Kiran Das,employee3486@company.local,IT,Team Lead,11.5,2023-02-18,"Excel, Django",Unknown,36.2,2,79.9
EMP1190,Amit Thomas,employee1190@company.local,Engineering,Developer,16.8,2023-03-04,Computer Vision,Available,78.4,6,84.6
EMP3266,Kiran Mishra,employee3266@company.local,Engineering,Finance Analyst,1.9,2020-07-31,"React, Python, Computer Vision, Machine Learning",Busy,29.1,0,57.5
EMP2620,Arun Raj,employee2620@company.local,Operations,Developer,8.5,2019-07-19,Deep Learning,Busy,46.9,4,65.4
EMP4316,Aditya Raj,employee4316@company.local,Data Science,Data Scientist,3.7,2014-09-07,"Django, Python",Busy,56.1,5,54.1
EMP323,Sneha Sharma,employee323@company.local,IT,HR Executive,3.9,2014-06-07,"Data Analysis, Machine Learning, Deep Learning",Busy,49.2,3,73.4
EMP101,Priya Menon,employee101@company.local,Marketing,Business Analyst,8.0,2013-01-27,"Finance, Django, Computer Vision",Busy,61.0,5,68.2
EMP832,Sanjay Kumar,employee832@company.local,IT,Data Scientist,5.6,2016-12-31,"Excel, Machine Learning, SQL, Deep Learning",Available,53.7,2,48.8
EMP4492,Sanjay Raj,employee4492@company.local,Operations,Team Lead,12.9,2024-08-17,"Finance, Project Management, Django, SQL",Busy,72.7,5,78.4
EMP2142,Rahul Das,employee2142@company.local,Data Science,Project Manager,2.9,2023-02-04,Deep Learning,Available,90.2,7,71.3
EMP3502,Rahul Das,employee3502@company.local,Sales,HR Executive,6.5,2020-08-09,"Computer Vision, Machine Learning, Django, Deep Learning",Available,62.6,5,61.9
EMP4449,Meera Reddy,employee4449@company.local,Operations,Finance Analyst,1.6,2023-08-25,"Python, Data Analysis, NLP, SQL",Busy,3.9,1,77.8
EMP1182,Rahul Das,employee1182@company.local,Operations,Senior Developer,7.3,2016-05-01,"Excel, React, Project Management, Django",Available,62.0,6,78.6
EMP3438,Manoj Das,employee3438@company.local,IT,Project Manager,8.7,2015-06-29,"Finance, Project Management, Computer Vision, React",Available,58.9,5,67.3
EMP3591,Divya Nair,employee3591@company.local,IT,HR Executive,3.1,2022-02-12,NLP,Available,37.5,2,55.9
EMP4502,Rahul Thomas,employee4502@company.local,IT,HR Executive,1.2,2014-06-25,"Python, Excel",Available,59.6,4,52.5
EMP4612,Sanjay Verma,employee4612@company.local,IT,Finance Analyst,0.7,2018-02-14,"Deep Learning, Finance, Django, Data Analysis",Available,45.9,3,69.7
EMP2870,Amit Thomas,employee2870@company.local,Data Science,Team Lead,3.5,2014-11-19,"Python, Computer Vision, Machine Learning",Busy,37.6,0,69.3
EMP3535,Kavya Iyer,employee3535@company.local,HR,Senior Developer,7.0,2015-10-15,"Python, Machine Learning",Available,64.1,3,64.0
EMP2478,Manoj Das,employee2478@company.local,Finance,Finance Analyst,21.7,2014-07-23,"SQL, React, Project Management, Excel",Available,33.2,3,86.0
EMP548,Rohit Verma,employee548@company.local,IT,Developer,0.8,2015-12-24,"Python, SQL",Available,68.8,2,48.6
EMP1675,Kavya Joshi,employee1675@company.local,Operations,Finance Analyst,5.5,2013-06-14,"Excel, Deep Learning, Data Analysis",Busy,16.8,0,86.3
EMP3890,Amit Mishra,employee3890@company.local,HR,Developer,1.6,2014-11-14,"Data Analysis, Deep Learning",Busy,67.2,5,71.3
EMP4436,Aditya Verma,employee4436@company.local,Operations,Senior Developer,8.4,2021-11-22,"Deep Learning, NLP, Finance",Available,56.2,4,66.7
EMP1750,Amit Thomas,employee1750@company.local,Engineering,Business Analyst,9.5,2022-08-26,"Project Management, Machine Learning",On Leave,32.5,4,62.1
EMP4815,Kavya Iyer,employee4815@company.local,Operations,Business Analyst,3.3,2013-09-19,Python,Available,42.6,2,61.6
EMP4212,Sanjay Verma,employee4212@company.local,Engineering,Business Analyst,7.1,2017-08-23,"Computer Vision, Excel, Machine Learning, Django",Available,17.8,0,67.9
EMP516,Aditya Verma,employee516@company.local,Sales,HR Executive,5.3,2013-02-18,"NLP, SQL, Excel",Available,43.3,5,59.9
EMP1595,Kavya Joshi,employee1595@company.local,Marketing,Senior Developer,10.4,2025-03-15,"NLP, Excel, Python",Available,27.9,2,72.3
EMP4590,Amit Das,employee4590@company.local,HR,Senior Developer,4.4,2022-01-23,"Django, SQL",Available,25.2,1,64.8
EMP4206,Not specified,employee4206@company.local,IT,Data Scientist,5.1,2025-03-13,"Python,Deep Learning,Django,Data Analysis",Available,0.6,0,86.6
EMP4473,Pooja Kapoor,employee4473@company.local,Marketing,Project Manager,3.8,2023-03-06,"Computer Vision, Project Management, Django",Available,36.3,2,87.0
EMP2141,Priya Pillai,employee2141@company.local,Data Science,HR Executive,4.0,2015-07-29,"Project Management, SQL, Django",Available,57.1,4,65.4
EMP2627,Not specified,employee2627@company.local,IT,Finance Analyst,4.1,2017-08-29,"Project Management, React, Computer Vision, Python",Available,77.2,5,74.5
EMP1621,Priya Menon,employee1621@company.local,IT,Developer,3.9,2017-12-10,"Project Management, Django, Python",Busy,29.0,2,56.7
EMP2335,Kavya Iyer,employee2335@company.local,Sales,Finance Analyst,3.5,2012-05-23,"NLP, Excel, Python, Deep Learning",On Leave,68.2,3,61.0
EMP3929,Meera Kapoor,employee3929@company.local,IT,HR Executive,1.5,2013-02-15,"Excel, Data Analysis, Django, Python",Available,31.6,2,80.9
EMP2696,Aditya Singh,employee2696@company.local,Finance,Business Analyst,6.7,2022-02-21,"Python, React, Machine Learning, Deep Learning",Available,48.9,4,68.5
EMP4738,Manoj Mishra,employee4738@company.local,Data Science,Analyst,4.3,2016-05-19,Python,Available,41.4,2,72.3
EMP1049,Meera Kapoor,employee1049@company.local,Sales,Project Manager,7.1,2019-06-15,SQL,On Leave,61.2,4,59.4
EMP4883,Sneha Sharma,employee4883@company.local,Marketing,HR Executive,3.0,2017-02-15,"Project Management, SQL",On Leave,46.6,3,69.4
EMP2263,Sneha Nair,employee2263@company.local,Operations,Developer,2.0,2022-07-29,"NLP, Data Analysis",Available,100.0,7,56.7
EMP1057,Swati Reddy,employee1057@company.local,Finance,Analyst,14.3,2013-03-01,"NLP, Finance, SQL",On Leave,75.9,5,76.9
EMP4915,Kavya Sharma,employee4915@company.local,Finance,Analyst,4.2,2019-04-06,Deep Learning,Available,43.3,3,56.8
EMP2523,Sneha Joshi,employee2523@company.local,Engineering,Data Scientist,3.3,2013-04-20,"Finance, Deep Learning, Django, SQL",Busy,80.5,7,64.9
EMP3066,Kiran Patel,employee3066@company.local,Operations,Senior Developer,6.5,2014-02-21,"Excel, Data Analysis, React, SQL",Busy,5.5,2,63.2
EMP4921,Priya Kapoor,employee4921@company.local,Data Science,Finance Analyst,7.0,2021-12-23,"Django,React",Busy,63.0,3,70.0
EMP309,Meera Menon,employee309@company.local,IT,Team Lead,7.1,2012-11-21,"Deep Learning, Excel",Busy,40.9,2,70.1
EMP2975,Kavya Iyer,employee2975@company.local,Finance,Analyst,2.3,2023-12-24,"Python, Computer Vision, Deep Learning, Excel",Busy,77.8,6,52.4
EMP2394,Nikhil Patel,employee2394@company.local,Data Science,Project Manager,3.1,2024-04-22,"React, Deep Learning",On Leave,55.4,6,82.1
EMP1671,Not specified,employee1671@company.local,Engineering,Developer,5.4,2015-11-11,"Data Analysis, Finance",Available,66.6,3,80.2
EMP485,Anita Menon,employee485@company.local,Engineering,Project Manager,1.5,2019-02-17,"Finance, Python, React",Available,27.0,0,58.3
EMP4624,Vivek Kumar,employee4624@company.local,Engineering,Data Scientist,2.5,2021-09-24,"SQL, Deep Learning, NLP",Busy,45.0,3,56.5
EMP3414,Nikhil Thomas,employee3414@company.local,Marketing,Team Lead,9.4,2019-12-10,"React, Excel, Machine Learning, Finance",Available,29.7,1,78.9
EMP1725,Anita Pillai,employee1725@company.local,Engineering,Project Manager,1.1,2022-09-05,"React, Computer Vision, Django, SQL",Unknown,49.7,5,54.0
EMP1335,Kavya Nair,employee1335@company.local,Data Science,Analyst,11.3,2018-12-24,"Project Management, SQL, Django",Available,51.6,2,80.8
EMP3704,Vivek Singh,employee3704@company.local,Sales,Project Manager,9.8,2015-05-28,"Python, Computer Vision, Django, Deep Learning",Busy,45.8,2,64.1
EMP2511,Divya Iyer,employee2511@company.local,Engineering,Data Scientist,5.0,2023-04-07,"SQL, Django, Excel, Machine Learning",Available,53.6,4,62.3
EMP472,Sanjay Singh,employee472@company.local,Finance,Analyst,14.4,2012-08-14,"Django, Computer Vision, Project Management, Machine Learning",Available,69.3,4,85.0
EMP3716,Aditya Verma,employee3716@company.local,HR,Data Scientist,1.5,2016-12-24,"Finance, Django, Project Management, Python",Available,63.8,3,72.0
EMP2651,Divya Joshi,employee2651@company.local,Finance,Business Analyst,1.1,2020-09-12,"Django, Deep Learning",Available,19.5,1,69.4
EMP3288,Rohit Singh,employee3288@company.local,IT,Business Analyst,4.2,2021-10-10,"Python, Deep Learning",Available,79.8,6,72.8
EMP2273,Pooja Reddy,employee2273@company.local,Engineering,Developer,11.0,2023-11-24,"NLP, SQL, Finance",Busy,51.1,3,65.4
EMP1681,Priya Reddy,employee1681@company.local,Marketing,Developer,0.7,2017-06-07,"Finance, Machine Learning",Available,52.6,3,62.9
EMP763,Sneha Joshi,employee763@company.local,HR,Finance Analyst,5.6,2025-09-07,"Computer Vision, SQL, Excel",Available,20.4,0,69.4
EMP4298,Manoj Patel,employee4298@company.local,Data Science,HR Executive,8.1,2018-09-18,"Deep Learning, SQL",Available,100.0,8,83.9
EMP2871,Divya Nair,employee2871@company.local,IT,Analyst,6.2,2022-01-05,React,Available,32.3,2,80.5
EMP1504,Vivek Kumar,employee1504@company.local,Marketing,Business Analyst,5.4,2024-08-08,"Python, Django, Machine Learning, Data Analysis",Busy,51.0,2,88.1
EMP3606,Kiran Thomas,employee3606@company.local,HR,Team Lead,3.6,2018-11-22,"NLP, SQL, Project Management, Excel",Available,100.0,8,52.3
EMP4164,Vivek Verma,employee4164@company.local,IT,Team Lead,0.9,2015-12-12,Computer Vision,Available,50.6,4,56.1
EMP3997,Swati Pillai,employee3997@company.local,Engineering,Project Manager,4.3,2014-09-22,"Data Analysis, Finance",Available,26.0,3,60.5
EMP4147,Neha Sharma,employee4147@company.local,Finance,Team Lead,11.2,2014-06-13,"Django, Python",Busy,50.5,3,66.9
EMP3949,Meera Pillai,employee3949@company.local,Data Science,Finance Analyst,12.7,2023-04-20,"SQL, Machine Learning, Excel, NLP",Available,41.2,3,71.1
EMP536,Aditya Singh,employee536@company.local,Engineering,Business Analyst,5.6,2016-03-21,"Computer Vision, Finance, Django, React",Busy,27.3,4,87.8
EMP2176,Aditya Kumar,employee2176@company.local,IT,Finance Analyst,3.2,2012-06-21,"Django, Machine Learning",Busy,52.7,4,61.4
EMP4010,Amit Patel,employee4010@company.local,Data Science,Developer,10.2,2024-01-15,"Finance, React, Data Analysis, SQL",Available,43.2,3,78.5
EMP4394,Nikhil Patel,employee4394@company.local,Engineering,Senior Developer,13.7,2012-02-26,"Machine Learning, Data Analysis, Computer Vision, React",Available,100.0,1,81.6
EMP2788,Rohit Verma,employee2788@company.local,Data Science,Team Lead,12.6,2020-03-18,Django,Available,55.7,3,60.9
EMP387,Neha Sharma,employee387@company.local,Data Science,Analyst,15.5,2023-04-15,Machine Learning,Busy,85.3,6,95.2
EMP4408,Rohit Singh,employee4408@company.local,IT,Team Lead,9.6,2025-07-20,"Finance, React, Django, Deep Learning",Available,46.2,3,62.9
EMP573,Pooja Pillai,employee573@company.local,Finance,Developer,10.6,2015-03-22,"Computer Vision, Finance, Project Management",Available,49.0,3,67.9
EMP1251,Divya Sharma,employee1251@company.local,HR,Team Lead,10.5,2017-10-20,"Data Analysis, SQL, Django, Computer Vision",Available,99.4,6,75.9
EMP642,Rahul Mishra,employee642@company.local,IT,HR Executive,2.9,2013-02-10,"Excel, Deep Learning",Busy,54.3,4,58.5
EMP1616,Aditya Kumar,employee1616@company.local,Finance,Developer,7.4,2014-12-24,"Excel, Deep Learning",Available,24.9,2,84.4
EMP2847,Neha Iyer,employee2847@company.local,Marketing,Analyst,7.4,2012-10-18,Finance,Available,62.2,4,61.8
EMP4550,Amit Thomas,employee4550@company.local,Operations,Business Analyst,0.4,2019-07-05,Python,Available,46.8,6,60.8
EMP3112,Sanjay Singh,employee3112@company.local,HR,Data Scientist,7.5,2022-03-25,"SQL, Project Management, Machine Learning, Python",Available,36.8,1,64.0
EMP127,Neha Iyer,employee127@company.local,Finance,Data Scientist,1.6,2019-09-30,"SQL, Data Analysis, Project Management, Excel",Busy,63.6,6,50.5
EMP3318,Manoj Thomas,employee3318@company.local,Engineering,Team Lead,7.8,2020-10-25,Project Management,Available,89.6,7,63.8
EMP1825,Anita Reddy,employee1825@company.local,Engineering,Senior Developer,10.6,2025-04-11,"Data Analysis, SQL, NLP, Excel",Available,85.5,6,63.8
EMP2035,Kavya Sharma,employee2035@company.local,Engineering,Developer,11.9,2020-04-26,"Project Management, Data Analysis, NLP, Computer Vision",Busy,58.2,4,85.5
EMP2392,Sanjay Singh,employee2392@company.local,Finance,Project Manager,1.4,2013-03-15,Finance,Available,26.6,0,61.5
EMP087,Neha Nair,employee087@company.local,HR,Business Analyst,1.8,2022-08-26,"Computer Vision, Project Management, Finance, Django",Available,82.7,4,44.0
EMP948,Rohit Verma,employee948@company.local,Engineering,Developer,16.0,2023-06-05,"Data Analysis, Computer Vision, Finance",Busy,53.7,4,66.4
EMP3090,Amit Mishra,employee3090@company.local,Finance,HR Executive,14.2,2015-10-19,"Machine Learning, Project Management, Data Analysis, Excel",Available,25.0,3,67.2
EMP1274,Nikhil Patel,employee1274@company.local,IT,Senior Developer,5.6,2018-10-24,Excel,Available,54.8,6,73.5
EMP2170,Amit Patel,employee2170@company.local,Engineering,Data Scientist,2.6,2022-12-13,"Machine Learning, React, Deep Learning",Busy,31.4,1,62.7
EMP3613,Pooja Pillai,employee3613@company.local,Engineering,Developer,15.8,2013-10-20,"Excel, Project Management",Available,34.1,2,90.8
EMP3193,Pooja Kapoor,employee3193@company.local,Engineering,Developer,8.7,2025-09-02,"Python, Computer Vision",Busy,35.7,2,80.5
EMP2997,Swati Menon,employee2997@company.local,Finance,Senior Developer,11.9,2013-03-09,"Machine Learning, Deep Learning, Finance",Available,34.0,3,72.8
EMP3935,Kavya Iyer,employee3935@company.local,Engineering,Team Lead,1.9,2019-07-17,"SQL, Excel",Available,62.2,4,65.1
EMP2460,Arun Raj,employee2460@company.local,Engineering,Analyst,5.6,2012-03-21,"React, Project Management",Busy,74.6,4,68.6
EMP4223,Sneha Iyer,employee4223@company.local,Marketing,HR Executive,10.0,2019-01-16,"Django, Data Analysis",Available,34.3,3,59.1
EMP3138,Manoj Mishra,employee3138@company.local,Engineering,Data Scientist,4.7,2025-04-21,"NLP, Data Analysis, SQL",Available,55.1,4,56.0
EMP3127,Neha Nair,employee3127@company.local,Data Science,Finance Analyst,6.8,2019-06-16,"React, Deep Learning, Django, Finance",Available,55.7,4,77.2
EMP2049,Meera Reddy,employee2049@company.local,Marketing,Finance Analyst,9.8,2016-12-18,"Django, Python, Data Analysis, NLP",Available,24.7,4,76.1
EMP4277,Swati Menon,employee4277@company.local,HR,Business Analyst,1.7,2013-07-22,Python,Available,97.7,9,70.0
EMP3501,Priya Pillai,employee3501@company.local,Data Science,Team Lead,2.3,2012-10-27,"Django, Finance",Available,89.8,8,81.0
EMP1315,Kavya Sharma,employee1315@company.local,Finance,Team Lead,12.7,2018-09-10,Finance,Busy,38.7,2,71.0
EMP3102,Not specified,employee3102@company.local,Sales,Analyst,3.6,2014-03-12,"Data Analysis, Computer Vision, Python",Busy,67.9,5,72.7
EMP4399,Isha Iyer,employee4399@company.local,Engineering,Developer,4.5,2018-12-25,Django,Busy,21.3,2,75.1
EMP3302,Rahul Thomas,employee3302@company.local,IT,Developer,1.7,2014-08-01,Excel,Busy,75.0,6,58.9
EMP634,Nikhil Patel,employee634@company.local,Finance,Senior Developer,5.6,2018-08-28,Data Analysis,Available,47.9,6,69.4
EMP3911,Divya Nair,employee3911@company.local,Engineering,Team Lead,15.5,2020-02-27,"Data Analysis, SQL, Project Management",Available,45.3,3,81.0
EMP3734,Nikhil Thomas,employee3734@company.local,Operations,Team Lead,2.8,2024-01-27,"Project Management,Django",On Leave,40.1,4,65.0
EMP4276,Aditya Verma,employee4276@company.local,Finance,Data Scientist,3.2,2016-07-05,Computer Vision,Available,44.8,3,81.6
EMP374,Nikhil Thomas,employee374@company.local,HR,Finance Analyst,2.9,2023-10-31,"Django, Deep Learning, Finance, Machine Learning",Available,29.1,1,70.0
EMP437,Swati Menon,employee437@company.local,Operations,Finance Analyst,10.7,2024-09-01,"Finance, React, Data Analysis, Project Management",Available,52.1,4,68.1
EMP4413,Pooja Pillai,employee4413@company.local,Sales,HR Executive,15.1,2020-12-29,"Excel, SQL",Busy,76.2,6,89.5
EMP4765,Anita Pillai,employee4765@company.local,Sales,Team Lead,4.4,2014-04-15,Python,Unknown,37.1,0,55.3
EMP4215,Kavya Nair,employee4215@company.local,IT,Analyst,9.3,2020-06-07,"Excel, Data Analysis",Available,60.4,3,72.6
EMP1137,Swati Reddy,employee1137@company.local,Finance,Business Analyst,7.1,2014-12-08,"Computer Vision, NLP, Deep Learning, Python",Busy,76.4,7,74.8
EMP992,Sanjay Kumar,employee992@company.local,Sales,Team Lead,13.0,2021-02-06,"Excel, NLP, Deep Learning, Computer Vision",Busy,36.6,2,77.4
EMP597,Swati Menon,employee597@company.local,Operations,Project Manager,10.3,2012-03-08,Data Analysis,Available,38.4,1,75.4
EMP3187,Neha Sharma,employee3187@company.local,Marketing,HR Executive,3.6,2012-05-31,"Machine Learning, React, NLP",Busy,39.7,4,72.6
EMP2752,Sanjay Kumar,employee2752@company.local,Marketing,Senior Developer,7.9,2016-11-06,"Data Analysis, Machine Learning, Computer Vision, Excel",Available,48.9,4,68.5
EMP2413,Pooja Pillai,employee2413@company.local,HR,Team Lead,5.7,2014-04-03,"SQL, Deep Learning, React",Available,26.3,1,72.8
EMP750,Amit Das,employee750@company.local,Marketing,Team Lead,1.4,2018-09-27,"Finance, Python, Django",Busy,63.5,5,61.6
EMP2056,Aditya Singh,employee2056@company.local,Engineering,Data Scientist,14.1,2021-11-04,"Data Analysis, NLP",On Leave,75.1,7,76.8
EMP2420,Arun Verma,employee2420@company.local,Data Science,Senior Developer,3.1,2020-06-28,"Deep Learning, Django",Busy,64.8,4,68.0
EMP4539,Isha Joshi,employee4539@company.local,Engineering,Data Scientist,8.6,2015-03-03,NLP,Busy,55.7,5,73.3
EMP4445,Anita Pillai,employee4445@company.local,Engineering,Project Manager,0.4,2017-07-21,Python,Available,95.9,6,49.9
EMP1915,Kavya Joshi,employee1915@company.local,Engineering,Senior Developer,9.4,2012-09-16,"Finance, Data Analysis, SQL, React",Available,50.5,2,85.4
EMP4308,Rohit Verma,employee4308@company.local,Data Science,Business Analyst,5.6,2020-07-29,"Machine Learning, Computer Vision, Data Analysis",Available,69.5,5,66.2
EMP3271,Divya Nair,employee3271@company.local,Finance,Developer,13.4,2015-12-19,"Data Analysis, Django, SQL",Available,39.6,2,83.7
EMP3844,Vivek Verma,employee3844@company.local,Data Science,Business Analyst,5.7,2018-08-03,Excel,Busy,43.5,0,69.1
EMP051,Divya Sharma,employee051@company.local,Finance,Analyst,10.4,2022-11-10,SQL,Available,74.4,6,79.1
EMP2961,Priya Reddy,employee2961@company.local,Marketing,Developer,6.8,2015-01-08,"Excel, NLP, React, Python",Busy,62.4,4,72.1
EMP384,Vivek Kumar,employee384@company.local,Engineering,Data Scientist,7.5,2013-05-02,"Data Analysis, Computer Vision, NLP, SQL",Available,68.1,4,78.3
EMP4416,Aditya Kumar,employee4416@company.local,Sales,Project Manager,19.7,2024-02-27,Machine Learning,Available,27.5,1,82.9
EMP2730,Amit Patel,employee2730@company.local,IT,Team Lead,3.3,2017-02-08,"NLP, SQL, Machine Learning, React",Busy,90.1,5,57.7
EMP3507,Neha Sharma,employee3507@company.local,Operations,HR Executive,6.6,2024-03-12,"Deep Learning, Django, SQL, React",Available,58.4,5,84.7
EMP2311,Divya Nair,employee2311@company.local,Operations,Finance Analyst,1.8,2017-08-03,"Python, Django, React",Available,77.6,2,62.5
EMP2693,Pooja Menon,employee2693@company.local,Engineering,Finance Analyst,10.6,2012-08-19,"Python, Excel, Computer Vision",Available,17.8,2,69.4
EMP4851,Divya Sharma,employee4851@company.local,Sales,HR Executive,3.3,2017-08-27,"NLP, SQL, Django",Busy,84.4,8,68.6
EMP699,Isha Joshi,employee699@company.local,Operations,HR Executive,5.1,2014-06-16,Finance,Available,80.2,5,69.1
EMP031,Divya Iyer,employee031@company.local,Data Science,Finance Analyst,8.9,2018-11-27,"Computer Vision, SQL",Busy,20.3,3,86.5
EMP2395,Kavya Joshi,employee2395@company.local,Operations,Team Lead,14.7,2017-01-13,Python,Available,31.6,3,92.7
EMP415,Kavya Iyer,employee415@company.local,IT,HR Executive,12.5,2024-11-12,"Deep Learning, Computer Vision, NLP, Data Analysis",Available,61.9,5,69.4
EMP3471,Divya Iyer,employee3471@company.local,Marketing,Senior Developer,1.4,2021-10-19,"Data Analysis, Deep Learning",Available,38.5,4,51.4
EMP1578,Manoj Patel,employee1578@company.local,Engineering,Finance Analyst,14.5,2018-09-18,"Deep Learning, Machine Learning",Busy,53.0,4,69.4
EMP3654,Nikhil Thomas,employee3654@company.local,Operations,HR Executive,7.4,2024-07-17,"Excel, Project Management",Busy,44.8,3,52.4
EMP208,Rohit Kumar,employee208@company.local,Data Science,Senior Developer,2.9,2015-05-09,"Finance, Project Management, Excel, Machine Learning",Available,55.7,5,73.0
EMP4537,Swati Kapoor,employee4537@company.local,Finance,Business Analyst,2.1,2019-07-24,"SQL, React, Project Management, NLP",Available,100.0,5,47.1
EMP412,Sanjay Raj,employee412@company.local,Marketing,Analyst,4.4,2019-04-18,"Django, Data Analysis, Python, React",Available,59.1,7,71.7
EMP093,Pooja Pillai,employee093@company.local,Sales,Business Analyst,1.8,2022-05-12,"Excel, NLP, Python",Available,92.8,6,70.4
EMP2241,Priya Reddy,employee2241@company.local,Sales,Business Analyst,4.5,2024-11-24,"NLP, Finance, React",Available,59.2,3,73.1
EMP1505,Anita Reddy,employee1505@company.local,Marketing,Project Manager,5.1,2014-06-28,Machine Learning,On Leave,55.8,3,47.8
EMP1030,Amit Thomas,employee1030@company.local,Operations,Data Scientist,6.1,2023-04-05,"Python, Data Analysis, SQL",Available,22.5,0,65.0
EMP864,Vivek Kumar,employee864@company.local,HR,Developer,9.1,2015-06-21,"Deep Learning, Data Analysis",On Leave,64.9,5,66.0
EMP1535,Kavya Iyer,employee1535@company.local,HR,Data Scientist,1.6,2023-02-27,Django,Available,25.9,4,77.8
EMP543,Sneha Iyer,employee543@company.local,Operations,Analyst,5.8,2021-02-03,"Project Management, Django, Deep Learning",Available,45.6,1,66.3
EMP3343,Sneha Iyer,employee3343@company.local,HR,Team Lead,2.2,2018-07-20,"Data Analysis, Computer Vision, Project Management",Available,58.7,3,56.8
EMP3126,Kiran Thomas,employee3126@company.local,HR,Senior Developer,2.5,2025-01-17,"Deep Learning, SQL",Available,52.6,6,59.5
EMP1207,Neha Nair,employee1207@company.local,Engineering,Analyst,10.6,2023-05-20,"Computer Vision, Project Management",Available,29.4,1,78.9
EMP3763,Sneha Sharma,employee3763@company.local,Sales,Team Lead,11.1,2016-09-06,"React, SQL, Finance",On Leave,63.2,4,72.4
EMP670,Amit Das,employee670@company.local,Data Science,Data Scientist,2.7,2023-11-26,"Deep Learning, SQL",Available,100.0,6,76.0
EMP1917,Swati Pillai,employee1917@company.local,Data Science,Project Manager,8.8,2019-10-22,"Project Management, Excel",Available,13.8,2,67.4
EMP3913,Pooja Kapoor,employee3913@company.local,Engineering,Project Manager,9.0,2019-11-20,"Machine Learning, Deep Learning, Excel",Busy,62.9,4,87.7
EMP2093,Pooja Pillai,employee2093@company.local,Operations,HR Executive,4.6,2016-09-07,"Django, NLP",Available,40.4,1,66.2
EMP1763,Sneha Sharma,employee1763@company.local,Marketing,HR Executive,4.5,2024-10-30,"Computer Vision, Machine Learning, Finance",Available,49.6,5,65.2
EMP4732,Sanjay Raj,employee4732@company.local,Engineering,HR Executive,8.7,2013-06-25,Excel,Available,85.8,5,83.6
EMP4996,Aditya Verma,employee4996@company.local,Data Science,Business Analyst,5.5,2024-01-05,"Django, Project Management",Available,65.7,5,72.3
EMP1197,Swati Pillai,employee1197@company.local,IT,Project Manager,6.6,2024-05-05,Excel,Available,46.3,3,65.5
EMP2448,Rohit Kumar,employee2448@company.local,Engineering,Finance Analyst,5.6,2016-12-25,"Django, NLP",Available,69.7,5,60.1
EMP4420,Arun Verma,employee4420@company.local,Engineering,Team Lead,2.5,2024-10-01,"Django, Finance",Busy,72.7,5,63.5
EMP1911,Divya Nair,employee1911@company.local,IT,Finance Analyst,9.6,2017-12-25,"Deep Learning, Computer Vision, Data Analysis",Available,84.1,5,83.4
EMP4710,Amit Thomas,employee4710@company.local,HR,Business Analyst,7.8,2021-07-01,"Computer Vision, SQL",Busy,100.0,8,72.3
EMP352,Sanjay Kumar,employee352@company.local,Operations,Team Lead,12.3,2024-09-28,React,Available,89.1,7,84.9
EMP3454,Nikhil Das,employee3454@company.local,Operations,HR Executive,12.9,2015-09-23,"Deep Learning, Python, Computer Vision",Available,45.6,3,77.6
EMP4928,Rohit Kumar,employee4928@company.local,Sales,Data Scientist,4.1,2020-11-04,"Finance, SQL, Excel",Available,70.0,3,76.7
EMP389,Meera Menon,employee389@company.local,Finance,HR Executive,11.3,2012-02-21,"NLP, Machine Learning",Available,53.0,2,86.5
EMP1733,Pooja Menon,employee1733@company.local,Data Science,Project Manager,2.2,2016-04-14,"Excel, Machine Learning, Django, React",Available,51.0,2,78.7
EMP2690,Amit Mishra,employee2690@company.local,Data Science,Senior Developer,2.2,2015-02-09,"Python, Django",Busy,100.0,7,79.1
EMP1770,Amit Patel,employee1770@company.local,Sales,Finance Analyst,12.3,2022-01-13,"Data Analysis, Machine Learning, React, Python",Unknown,61.3,3,62.5
EMP1943,Sneha Nair,employee1943@company.local,Data Science,Data Scientist,2.3,2023-05-24,"Excel, Finance, Computer Vision",Available,74.4,5,62.6
EMP022,Rahul Thomas,employee022@company.local,IT,Team Lead,7.3,2019-11-23,"Excel, SQL, Finance",Busy,72.9,5,61.5
EMP4906,Kiran Patel,employee4906@company.local,Operations,Team Lead,1.4,2023-12-13,Python,Available,29.5,2,85.5
EMP2243,Sneha Sharma,employee2243@company.local,IT,Project Manager,4.2,2013-03-21,"Deep Learning, Computer Vision",Available,23.9,2,75.6
EMP478,Manoj Das,employee478@company.local,Marketing,Analyst,2.8,2021-05-11,Python,Available,40.8,4,74.4
EMP2340,Arun Verma,employee2340@company.local,Data Science,Analyst,11.0,2017-07-07,"React, Django",Available,79.7,4,82.8
EMP286,Kiran Das,employee286@company.local,Marketing,Business Analyst,1.7,2016-12-14,"Finance, Deep Learning",Available,36.7,3,67.9
EMP1669,Meera Menon,employee1669@company.local,IT,Data Scientist,5.4,2015-07-18,"Finance, Python, Excel, NLP",Available,85.8,5,60.7
EMP4560,Arun Kumar,employee4560@company.local,IT,Data Scientist,12.0,2019-08-28,"Finance, Computer Vision",Available,10.4,1,70.8
EMP3549,Meera Pillai,employee3549@company.local,Operations,Senior Developer,6.5,2018-12-26,"Excel, Project Management",Available,34.4,4,90.1
EMP563,Sneha Sharma,employee563@company.local,Data Science,Data Scientist,2.5,2022-10-14,"Machine Learning, Computer Vision, Python",Busy,75.9,7,70.6
EMP2844,Vivek Raj,employee2844@company.local,Data Science,Developer,10.9,2017-05-15,"SQL, Finance, Machine Learning",Available,43.5,3,69.4
EMP1002,Rahul Patel,employee1002@company.local,Engineering,Finance Analyst,5.1,2019-09-24,"Deep Learning, Finance, NLP, Data Analysis",Available,60.2,2,81.6
EMP4530,Amit Mishra,employee4530@company.local,Sales,Senior Developer,3.1,2025-05-14,Excel,Available,83.6,6,69.2
EMP096,Aditya Kumar,employee096@company.local,Finance,HR Executive,3.1,2024-01-30,"Django, Computer Vision, NLP",Available,63.4,3,56.8
EMP4821,Priya Menon,employee4821@company.local,HR,Analyst,8.5,2017-09-28,SQL,Busy,45.0,4,69.4
EMP2714,Nikhil Patel,employee2714@company.local,Data Science,Project Manager,16.0,2016-01-19,"Machine Learning, Data Analysis, Finance",Busy,39.5,2,61.2
EMP3218,Not specified,employee3218@company.local,Operations,Senior Developer,2.5,2014-02-16,"Machine Learning, Excel, Computer Vision, React",Available,82.1,6,52.4
EMP1248,Rohit Kumar,employee1248@company.local,Engineering,Team Lead,6.0,2019-11-15,"Project Management, Excel, Python, Computer Vision",Available,37.5,3,63.4
EMP3346,Kiran Mishra,employee3346@company.local,Finance,Data Scientist,4.5,2021-01-31,Project Management,Available,42.5,2,49.5
EMP3840,Arun Kumar,employee3840@company.local,Engineering,Project Manager,5.2,2025-05-26,"SQL, Machine Learning, Data Analysis",Available,60.6,3,86.0
EMP1241,Priya Kapoor,employee1241@company.local,Operations,Data Scientist,3.6,2024-10-29,Machine Learning,Available,64.4,5,77.1
EMP4735,Kavya Iyer,employee4735@company.local,Engineering,Data Scientist,7.8,2020-03-23,SQL,Unknown,89.0,7,72.9
EMP4501,Priya Menon,employee4501@company.local,Marketing,HR Executive,6.6,2019-01-09,Django,Available,41.5,2,65.3
EMP4890,Amit Patel,employee4890@company.local,Sales,Senior Developer,8.2,2019-04-26,NLP,Available,58.8,5,83.5
EMP3593,Pooja Kapoor,employee3593@company.local,Operations,Developer,14.0,2013-12-01,"Django, Python",Busy,100.0,6,62.7
EMP3171,Divya Sharma,employee3171@company.local,Data Science,Senior Developer,9.4,2018-04-23,"Django, Deep Learning",Available,50.3,4,81.2
EMP2011,Divya Joshi,employee2011@company.local,Data Science,Project Manager,6.6,2020-03-14,Data Analysis,Available,51.8,5,80.0
EMP1691,Not specified,employee1691@company.local,Data Science,HR Executive,5.4,2022-12-02,"SQL, React, Django, Data Analysis",Busy,57.2,3,75.0
EMP1321,Not specified,employee1321@company.local,IT,Data Scientist,8.2,2019-03-04,"Deep Learning, Machine Learning, Data Analysis",On Leave,64.6,3,67.8
EMP2333,Pooja Pillai,employee2333@company.local,Marketing,Developer,5.2,2018-11-17,"NLP, Excel, Computer Vision, Data Analysis",Busy,21.6,0,63.9
EMP4848,Rohit Kumar,employee4848@company.local,Operations,Team Lead,1.8,2013-10-15,Finance,Available,37.6,3,65.5
EMP4663,Sneha Nair,employee4663@company.local,Marketing,Developer,1.9,2023-04-11,"Project Management, SQL, Machine Learning, Excel",Available,84.7,8,61.3
EMP3377,Swati Reddy,employee3377@company.local,Engineering,Project Manager,7.0,2017-07-08,"NLP, Python, Django, SQL",Available,63.6,3,70.8
EMP241,Priya Reddy,employee241@company.local,Operations,Developer,0.7,2022-04-13,"Django, React, NLP, Machine Learning",Available,69.1,6,52.8
EMP4553,Pooja Kapoor,employee4553@company.local,HR,Team Lead,11.0,2020-02-27,"Machine Learning, Django",Available,60.4,3,65.5
EMP3464,Vivek Singh,employee3464@company.local,Finance,HR Executive,5.9,2024-04-01,Project Management,Available,60.8,3,78.7
EMP3853,Pooja Pillai,employee3853@company.local,Sales,Analyst,11.2,2016-04-27,"Machine Learning, Django",Available,76.5,5,80.4
EMP2095,Kavya Iyer,employee2095@company.local,Engineering,Analyst,12.1,2013-02-18,"Python, Project Management",Available,65.9,3,62.5
EMP4886,Kiran Thomas,employee4886@company.local,HR,Team Lead,8.2,2016-11-25,"Deep Learning, Python, Finance, Django",On Leave,60.4,3,84.1
EMP4561,Priya Reddy,employee4561@company.local,Engineering,Developer,2.0,2021-04-24,"SQL, Python, Machine Learning",Available,21.0,1,45.2
EMP4121,Priya Kapoor,employee4121@company.local,Sales,Analyst,10.5,2025-06-26,"Project Management, Computer Vision",Available,60.3,4,71.7
EMP922,Rahul Patel,employee922@company.local,HR,Data Scientist,4.6,2015-08-19,"SQL, Django, Data Analysis",Available,32.2,1,74.3
EMP4315,Not specified,employee4315@company.local,Finance,Business Analyst,20.4,2017-01-16,Python,Available,29.5,4,72.9
EMP1229,Meera Pillai,employee1229@company.local,Operations,Business Analyst,3.1,2012-09-01,"Python, NLP, Project Management, Excel",Busy,65.2,6,76.7
EMP2181,Priya Menon,employee2181@company.local,Finance,Business Analyst,2.5,2023-08-15,"Computer Vision, Project Management, React",Available,45.9,2,74.1
EMP1815,Kavya Nair,employee1815@company.local,Data Science,Business Analyst,2.5,2019-01-03,"Python, Computer Vision, SQL",Available,80.2,4,79.1
EMP2644,Vivek Verma,employee2644@company.local,Engineering,Senior Developer,1.7,2022-01-27,"SQL, Computer Vision",Available,78.2,6,47.3
EMP4563,Sneha Sharma,employee4563@company.local,Engineering,Finance Analyst,18.9,2020-04-04,"Project Management, Data Analysis",Busy,54.6,3,79.8
EMP2824,Vivek Singh,employee2824@company.local,Operations,Finance Analyst,1.2,2013-09-18,Django,Available,54.5,2,70.0
EMP3359,Isha Iyer,employee3359@company.local,Engineering,Senior Developer,5.6,2015-01-10,Finance,Available,32.3,4,75.1
EMP1499,Isha Joshi,employee1499@company.local,IT,Team Lead,1.2,2023-04-08,"Computer Vision, React, Deep Learning, Project Management",Busy,43.5,2,69.9
EMP1914,Nikhil Patel,employee1914@company.local,Marketing,Project Manager,13.3,2012-08-19,"Excel, React",Available,64.8,5,71.7
EMP4737,Swati Reddy,employee4737@company.local,Engineering,Finance Analyst,6.1,2015-03-24,"React, Machine Learning",Available,38.3,2,62.3
EMP1571,Not specified,employee1571@company.local,Operations,Analyst,10.4,2014-02-16,Finance,Available,19.1,1,65.5
EMP2779,Isha Joshi,employee2779@company.local,IT,Team Lead,5.6,2013-08-18,"NLP, Project Management",Busy,39.9,1,54.4
EMP1243,Sneha Joshi,employee1243@company.local,Marketing,Analyst,4.1,2018-12-22,"Excel, Python",Busy,31.7,3,74.9
EMP2674,Nikhil Mishra,employee2674@company.local,HR,Data Scientist,4.1,2014-05-18,"Deep Learning, NLP, Django",On Leave,83.9,7,63.7
EMP869,Meera Menon,employee869@company.local,Engineering,Developer,13.2,2012-09-05,"Deep Learning, Data Analysis, Django",Busy,69.1,4,72.4
EMP4286,Kiran Das,employee4286@company.local,Engineering,Team Lead,3.7,2019-11-02,"Data Analysis, Computer Vision, SQL",Busy,44.6,3,67.4
EMP2629,Meera Menon,employee2629@company.local,Engineering,Finance Analyst,1.5,2012-11-04,"Excel, NLP, SQL, React",Available,89.6,7,48.8
EMP3883,Sneha Joshi,employee3883@company.local,Operations,Business Analyst,8.9,2016-05-27,"Python, Django",Busy,89.6,5,81.2
EMP4689,Meera Reddy,employee4689@company.local,IT,Developer,14.8,2017-05-23,Deep Learning,Available,100.0,6,81.3
EMP1004,Vivek Raj,employee1004@company.local,HR,Project Manager,6.1,2014-06-16,Excel,Available,90.8,5,65.2
EMP4210,Amit Mishra,employee4210@company.local,Sales,Senior Developer,9.3,2021-05-17,"Python, Django, SQL",Busy,88.6,5,65.2
EMP3262,Rahul Das,employee3262@company.local,Finance,Senior Developer,7.0,2020-10-27,"Machine Learning, Excel, Project Management, Django",Available,42.2,3,66.3
EMP2877,Swati Pillai,employee2877@company.local,Data Science,Business Analyst,13.9,2020-09-06,"Project Management, Machine Learning, React, Deep Learning",Available,80.4,4,99.0
EMP4888,Not specified,employee4888@company.local,Marketing,Team Lead,6.8,2021-05-09,"Python, Machine Learning",Busy,70.5,6,56.9
EMP1944,Vivek Singh,employee1944@company.local,Operations,Data Scientist,6.3,2014-02-02,"Data Analysis, Django, Excel, Project Management",On Leave,48.0,2,77.4
EMP4552,Sanjay Singh,employee4552@company.local,Marketing,Data Scientist,13.4,2014-11-29,"Computer Vision, SQL",Available,60.9,4,78.9
EMP4065,Anita Reddy,employee4065@company.local,Operations,Developer,0.3,2018-06-04,"Machine Learning, Finance, React",Available,78.1,5,52.3
EMP874,Nikhil Patel,employee874@company.local,Engineering,Developer,6.8,2023-05-18,"Computer Vision, Excel",Unknown,26.4,2,64.2
EMP2676,Aditya Verma,employee2676@company.local,Sales,HR Executive,13.2,2020-06-14,"Finance, NLP, SQL",Available,100.0,3,78.7
EMP2573,Pooja Pillai,employee2573@company.local,Data Science,Project Manager,5.6,2022-02-28,Machine Learning,Busy,60.2,3,92.5
EMP314,Nikhil Patel,employee314@company.local,Marketing,Business Analyst,14.5,2019-06-15,Computer Vision,Busy,71.6,4,83.4
EMP3151,Divya Iyer,employee3151@company.local,Sales,Business Analyst,5.3,2023-12-11,"Project Management, Django, React, Python",Available,40.5,3,54.5
EMP2561,Priya Reddy,employee2561@company.local,Operations,Business Analyst,5.7,2013-05-19,"React, SQL",Busy,100.0,2,61.1
EMP4579,Isha Sharma,employee4579@company.local,Marketing,Project Manager,2.6,2012-05-06,"Django, Python, React, NLP",Available,84.4,7,85.3
EMP4108,Rohit Raj,employee4108@company.local,Operations,Analyst,8.1,2025-06-27,"SQL, Computer Vision, Django, Data Analysis",Available,98.9,8,67.8
EMP2193,Pooja Reddy,employee2193@company.local,Sales,Project Manager,5.0,2019-09-17,"Python, Finance",Busy,42.2,3,55.3
EMP2177,Swati Reddy,employee2177@company.local,Operations,Team Lead,4.0,2016-01-18,"SQL, React",Available,65.6,5,55.5
EMP2255,Kavya Iyer,employee2255@company.local,Engineering,Team Lead,16.8,2012-12-14,"Data Analysis, Machine Learning, Python",Available,63.0,5,99.0
EMP2321,Priya Reddy,employee2321@company.local,Operations,Data Scientist,3.0,2024-04-06,"Finance, Project Management",Available,53.5,5,67.2
EMP2128,Rohit Kumar,employee2128@company.local,Operations,HR Executive,10.5,2023-10-06,"React, NLP, Computer Vision",Available,43.6,5,52.3
EMP341,Priya Menon,employee341@company.local,Sales,Project Manager,1.8,2025-01-21,React,Available,43.3,0,66.8
EMP3594,Nikhil Patel,employee3594@company.local,Engineering,Senior Developer,3.0,2014-03-23,"Deep Learning, Excel",Available,38.8,3,66.1
EMP2174,Nikhil Das,employee2174@company.local,Operations,HR Executive,1.8,2015-12-07,"Excel, Data Analysis",Available,30.1,2,66.2
EMP2936,Aditya Singh,employee2936@company.local,Sales,Team Lead,2.5,2014-10-21,"Python, Finance",Available,57.9,2,69.4
EMP1648,Rohit Kumar,employee1648@company.local,Finance,Project Manager,0.5,2018-12-01,"SQL, Data Analysis, Deep Learning, React",Available,57.8,2,67.3
EMP3419,Isha Joshi,employee3419@company.local,HR,Data Scientist,0.7,2023-12-21,"Excel, React, Data Analysis, Python",Available,81.6,4,57.7
EMP084,Vivek Verma,employee084@company.local,Engineering,Business Analyst,7.1,2022-01-16,"Excel, NLP, Project Management, React",Available,61.0,2,59.7
EMP4166,Kiran Thomas,employee4166@company.local,HR,Senior Developer,1.5,2024-07-11,SQL,Available,61.8,4,57.5
EMP3645,Anita Pillai,employee3645@company.local,Finance,Project Manager,5.2,2015-07-04,"Deep Learning, Finance, Computer Vision",Available,45.0,1,69.4
EMP1194,Nikhil Patel,employee1194@company.local,Engineering,Project Manager,5.6,2024-01-21,"Data Analysis, Deep Learning",Available,65.5,6,65.8
EMP658,Manoj Mishra,employee658@company.local,Sales,Business Analyst,8.9,2024-04-12,"Deep Learning, React",Busy,0.0,1,63.3
EMP343,Sneha Nair,employee343@company.local,Engineering,Data Scientist,5.1,2014-09-07,"React, Python",Busy,70.9,4,70.1
EMP4207,Neha Iyer,employee4207@company.local,Operations,Analyst,1.8,2013-07-03,"SQL, React",Available,62.4,3,64.7
EMP1127,Neha Nair,employee1127@company.local,HR,Data Scientist,9.7,2015-06-13,"SQL, NLP",Available,57.2,5,61.5
EMP825,Anita Kapoor,employee825@company.local,Engineering,Analyst,8.7,2012-06-15,"Finance, Django, Data Analysis",Busy,23.1,2,68.2
EMP4914,Nikhil Mishra,employee4914@company.local,Finance,Finance Analyst,5.6,2018-12-10,"Deep Learning, SQL, Python",Busy,43.2,1,77.8
EMP3712,Sanjay Kumar,employee3712@company.local,Engineering,HR Executive,13.6,2012-07-27,"Python, Computer Vision, Deep Learning, Finance",Busy,49.8,5,70.4
EMP2850,Amit Mishra,employee2850@company.local,Data Science,Data Scientist,9.1,2018-04-08,"Deep Learning, Computer Vision",Available,62.7,5,69.7
EMP2982,Rahul Thomas,employee2982@company.local,Finance,Business Analyst,2.1,2023-04-14,Finance,Available,36.6,2,69.8
EMP4321,Priya Reddy,employee4321@company.local,Engineering,Data Scientist,2.5,2015-08-18,"SQL, Data Analysis, NLP",On Leave,62.6,3,66.7
EMP2554,Nikhil Patel,employee2554@company.local,Data Science,Analyst,4.7,2016-12-25,"SQL, Django",Busy,59.8,4,63.9
EMP3817,Swati Kapoor,employee3817@company.local,Engineering,Team Lead,4.3,2016-10-16,"Computer Vision, Python",On Leave,27.3,0,82.7
EMP4396,Aditya Raj,employee4396@company.local,Finance,Business Analyst,4.2,2021-02-22,"SQL, Data Analysis, Machine Learning",Available,55.7,4,69.2
EMP1831,Divya Nair,employee1831@company.local,Data Science,HR Executive,9.1,2020-02-06,"Excel, Data Analysis",Busy,43.3,2,75.3
EMP4934,Nikhil Thomas,employee4934@company.local,Operations,Developer,3.5,2023-05-09,"NLP, Django, SQL",Busy,92.1,7,66.7
EMP1613,Pooja Pillai,employee1613@company.local,IT,Team Lead,20.7,2016-04-30,"Data Analysis, Django, Python, Excel",Busy,71.8,5,95.5
EMP980,Arun Verma,employee980@company.local,Finance,Team Lead,9.0,2019-12-11,Computer Vision,Busy,37.1,3,74.6
EMP1188,Rohit Verma,employee1188@company.local,Operations,HR Executive,3.1,2019-02-19,Excel,Busy,23.9,0,59.0
EMP078,Manoj Das,employee078@company.local,Sales,Data Scientist,12.7,2016-04-30,Django,Busy,79.9,7,74.6
EMP468,Rohit Verma,employee468@company.local,Operations,Senior Developer,7.9,2017-05-04,"Excel, NLP, React, Project Management",Available,32.3,1,76.9
EMP3244,Vivek Raj,employee3244@company.local,Engineering,Developer,5.8,2014-07-24,"SQL, Excel, Data Analysis",Available,55.7,4,78.2
EMP4952,Sanjay Singh,employee4952@company.local,Sales,Analyst,5.6,2014-06-02,"Django, NLP, Machine Learning",Available,32.3,4,67.9
EMP2557,Swati Pillai,employee2557@company.local,Engineering,Data Scientist,1.4,2013-06-08,"Deep Learning, Django, SQL, NLP",Available,68.7,5,77.6
EMP4837,Swati Menon,employee4837@company.local,Data Science,Developer,6.9,2014-11-01,"SQL, React, Computer Vision, NLP",Available,51.1,4,54.3
EMP1507,Neha Sharma,employee1507@company.local,Operations,Developer,5.0,2021-02-02,"Deep Learning, Project Management, Data Analysis",Available,88.9,6,52.7
EMP3524,Vivek Verma,employee3524@company.local,Data Science,Data Scientist,11.4,2019-11-20,"Finance, React, Django, Project Management",Busy,57.1,4,67.9
EMP610,Amit Mishra,employee610@company.local,Finance,Team Lead,3.0,2014-04-20,"Python, Deep Learning, Data Analysis, Computer Vision",Busy,32.6,6,78.9
EMP599,Isha Nair,employee599@company.local,Sales,Developer,1.7,2013-01-26,Django,Available,96.6,7,59.1
EMP3496,Aditya Singh,employee3496@company.local,IT,Data Scientist,3.4,2013-09-04,"Django, Machine Learning, Python, SQL",Available,33.0,2,62.5
EMP2673,Pooja Reddy,employee2673@company.local,HR,HR Executive,2.0,2021-12-29,"Project Management, Finance",Available,73.8,5,53.1
EMP129,Meera Reddy,employee129@company.local,IT,Data Scientist,5.6,2021-11-14,"SQL, NLP, Finance",Available,69.9,4,80.6
EMP4481,Priya Reddy,employee4481@company.local,Operations,Project Manager,3.2,2021-06-09,Deep Learning,Available,74.3,8,74.9
EMP2116,Not specified,employee2116@company.local,Data Science,Data Scientist,5.9,2019-01-29,Excel,Available,64.1,3,74.2
EMP3678,Manoj Das,employee3678@company.local,Engineering,Analyst,6.6,2012-06-28,"Excel, SQL, Machine Learning",On Leave,54.8,3,69.3
EMP2163,Sneha Sharma,employee2163@company.local,HR,Business Analyst,11.9,2024-01-23,"Deep Learning, React",Available,35.7,1,89.1
EMP3741,Priya Pillai,employee3741@company.local,IT,Business Analyst,5.6,2024-01-13,"Machine Learning, SQL",Available,71.6,6,61.8
EMP1082,Rahul Patel,employee1082@company.local,IT,Finance Analyst,12.7,2023-10-13,"Excel, Python, Data Analysis, NLP",Available,65.9,4,76.9
EMP442,Rahul Patel,employee442@company.local,IT,HR Executive,4.0,2021-04-06,"Finance, Deep Learning, Data Analysis",Busy,62.3,2,75.0
EMP1367,Neha Nair,employee1367@company.local,Engineering,Team Lead,7.6,2017-02-19,"Machine Learning, Computer Vision, Deep Learning",Available,87.0,5,99.0
EMP2582,Rahul Thomas,employee2582@company.local,Engineering,Project Manager,5.4,2021-08-27,"SQL, Deep Learning, Excel",Available,62.0,5,83.0
EMP426,Kiran Patel,employee426@company.local,Data Science,Analyst,3.8,2016-08-08,NLP,Available,40.9,0,73.3
EMP1492,Sanjay Verma,employee1492@company.local,HR,Developer,8.6,2024-07-04,"Deep Learning, Finance, Django",Busy,77.0,7,57.8
EMP2411,Divya Joshi,employee2411@company.local,IT,Senior Developer,0.6,2015-12-30,"Python, Deep Learning, Finance, SQL",On Leave,58.5,4,54.7
EMP2202,Rahul Patel,employee2202@company.local,Finance,Analyst,6.6,2024-08-30,React,Available,42.8,2,69.1
EMP262,Rahul Thomas,employee262@company.local,HR,Data Scientist,2.8,2019-01-02,"Deep Learning, Excel",Available,62.9,2,66.9
EMP2500,Arun Verma,employee2500@company.local,Finance,Team Lead,1.2,2019-03-24,Excel,Available,13.7,3,61.0
EMP187,Neha Joshi,employee187@company.local,Operations,Project Manager,0.8,2012-11-20,"Finance, Data Analysis, NLP, Deep Learning",Available,55.7,4,54.5
EMP4866,Kiran Mishra,employee4866@company.local,HR,Business Analyst,6.0,2013-01-19,"Deep Learning, Finance",Busy,49.8,6,71.1
EMP308,Rohit Verma,employee308@company.local,IT,Senior Developer,5.6,2022-11-26,"Excel, Python, React, Project Management",Available,29.9,1,62.1
EMP147,Neha Sharma,employee147@company.local,Engineering,Senior Developer,3.3,2018-07-10,Django,Busy,48.0,5,69.4
EMP275,Kavya Sharma,employee275@company.local,IT,Team Lead,5.3,2017-08-22,"Python, Finance",Available,61.1,6,59.7
EMP1734,Nikhil Thomas,employee1734@company.local,Operations,Analyst,2.1,2016-04-11,SQL,Available,18.4,3,51.1
EMP3396,Aditya Verma,employee3396@company.local,Operations,Senior Developer,9.7,2012-10-02,"Python, Finance, Excel, Data Analysis",Busy,72.0,6,75.3
EMP2362,Rahul Patel,employee2362@company.local,Operations,Business Analyst,6.0,2013-02-09,"Project Management, Excel",Available,63.4,6,76.7
EMP2445,Anita Pillai,employee2445@company.local,Data Science,HR Executive,3.0,2016-02-21,"Data Analysis, Deep Learning",Available,32.0,3,67.9
EMP884,Vivek Verma,employee884@company.local,Operations,Team Lead,4.5,2016-08-12,"Computer Vision, NLP, Finance, Project Management",Available,28.3,1,71.5
EMP784,Vivek Kumar,employee784@company.local,HR,Business Analyst,5.3,2018-06-07,"Django, NLP, Computer Vision, Finance",Busy,0.0,0,82.1
EMP3198,Manoj Das,employee3198@company.local,Data Science,Business Analyst,6.4,2015-12-05,"Computer Vision, Machine Learning",Available,50.0,4,74.2
EMP1175,Kavya Nair,employee1175@company.local,Finance,Analyst,7.5,2020-05-19,"Data Analysis, Django, React",Busy,50.9,3,72.4
EMP2911,Divya Iyer,employee2911@company.local,Engineering,Business Analyst,8.6,2022-06-16,"Finance, Django, Data Analysis",Busy,54.9,4,61.6
EMP3560,Arun Singh,employee3560@company.local,Operations,HR Executive,2.9,2017-07-10,"SQL, Django, React, Finance",Available,48.0,0,54.5
EMP3491,Divya Sharma,employee3491@company.local,Marketing,HR Executive,9.3,2021-11-16,Deep Learning,Busy,20.4,1,86.1
EMP4397,Swati Pillai,employee4397@company.local,Marketing,Project Manager,8.6,2019-12-21,SQL,Busy,20.3,0,70.7
EMP3024,Vivek Kumar,employee3024@company.local,Sales,Data Scientist,3.0,2017-06-11,"SQL, NLP",Available,40.7,2,73.2
EMP1178,Manoj Patel,employee1178@company.local,HR,Data Scientist,2.9,2023-12-17,"Computer Vision, SQL",Busy,38.2,3,58.6
EMP1868,Rohit Raj,employee1868@company.local,HR,Analyst,2.2,2020-05-28,Project Management,Available,45.8,1,60.1
EMP2505,Anita Kapoor,employee2505@company.local,HR,Project Manager,18.5,2015-11-19,Data Analysis,Busy,39.5,4,85.2
EMP4423,Sneha Nair,employee4423@company.local,Operations,Team Lead,3.9,2018-05-22,"Deep Learning, Excel, SQL, React",Busy,24.7,3,81.6
EMP3286,Kiran Thomas,employee3286@company.local,Finance,Data Scientist,8.8,2019-07-31,"Project Management, Machine Learning",Available,90.7,8,55.3
EMP4044,Vivek Raj,employee4044@company.local,IT,Senior Developer,1.6,2023-10-27,"Machine Learning, Finance",Busy,41.4,4,61.4
EMP1464,Vivek Singh,employee1464@company.local,IT,Team Lead,10.1,2017-10-10,"Finance, NLP, Django, Machine Learning",On Leave,49.5,2,77.7
EMP4767,Neha Iyer,employee4767@company.local,Data Science,Team Lead,15.1,2019-08-06,"Deep Learning, Machine Learning, Python",Available,40.6,2,83.9
EMP179,Isha Sharma,employee179@company.local,Marketing,Analyst,8.4,2013-05-04,"Computer Vision, Data Analysis, Django, Excel",Available,45.8,2,73.6
EMP474,Nikhil Patel,employee474@company.local,Marketing,Data Scientist,8.0,2020-02-27,"SQL, Machine Learning",Available,42.6,3,68.8
EMP3216,Aditya Kumar,employee3216@company.local,Operations,Analyst,9.5,2017-01-20,"SQL, Machine Learning, React",Busy,41.5,3,79.6
EMP2649,Meera Kapoor,employee2649@company.local,HR,Project Manager,10.6,2024-07-23,Django,Busy,54.5,6,62.1
EMP4185,Anita Kapoor,employee4185@company.local,Marketing,Analyst,10.3,2024-04-06,"SQL, Python",Available,40.2,1,76.6
EMP2226,Kiran Mishra,employee2226@company.local,Sales,Project Manager,1.8,2019-06-17,"React, Django, Deep Learning, SQL",Available,67.9,5,62.6
EMP246,Kiran Thomas,employee246@company.local,Engineering,Senior Developer,9.2,2022-01-11,"Excel, React, Finance, NLP",Available,33.9,3,69.4
EMP3561,Priya Kapoor,employee3561@company.local,Data Science,Developer,2.8,2017-10-28,"Deep Learning, Machine Learning, Excel",Available,55.7,7,69.2
EMP1661,Priya Pillai,employee1661@company.local,HR,HR Executive,2.2,2013-06-03,"SQL, Machine Learning",Available,38.2,2,73.6
EMP612,Sanjay Verma,employee612@company.local,Engineering,Business Analyst,2.7,2012-11-17,"Python, Django",Available,36.7,0,62.9
EMP2302,Rahul Das,employee2302@company.local,Sales,Finance Analyst,3.2,2017-11-09,"Finance, SQL",Available,48.9,2,67.1
EMP1000,Arun Singh,employee1000@company.local,IT,Project Manager,5.6,2021-08-30,Machine Learning,Available,39.1,3,77.3
EMP4515,Kavya Sharma,employee4515@company.local,Data Science,Business Analyst,5.6,2012-12-31,"SQL, Python, Machine Learning, Django",Available,58.7,4,57.5
EMP4666,Kiran Patel,employee4666@company.local,Engineering,Business Analyst,5.8,2012-03-02,"SQL, NLP, Python",Busy,77.3,7,84.6
EMP3891,Divya Sharma,employee3891@company.local,Finance,Project Manager,9.1,2015-10-26,"Excel, Finance, Data Analysis",Available,29.8,2,56.0
EMP1523,Sneha Sharma,employee1523@company.local,Marketing,Project Manager,5.6,2013-03-07,"Finance, Computer Vision, Machine Learning, Python",Available,59.2,3,79.9
EMP2766,Kiran Das,employee2766@company.local,Sales,HR Executive,2.3,2021-09-19,"Finance, Project Management, Excel",On Leave,100.0,3,78.0
EMP978,Manoj Mishra,employee978@company.local,Data Science,Finance Analyst,6.9,2022-09-12,"Computer Vision, Python",Busy,53.3,3,69.5
EMP3296,Aditya Kumar,employee3296@company.local,HR,Analyst,1.7,2017-02-17,Excel,Busy,46.3,3,60.4
EMP2898,Manoj Mishra,employee2898@company.local,Operations,Finance Analyst,0.5,2022-04-04,Django,Available,61.6,4,55.5
EMP3042,Rahul Mishra,employee3042@company.local,Sales,Project Manager,7.3,2020-07-28,"Excel, Machine Learning, Project Management",Available,63.0,4,61.4
EMP4878,Manoj Das,employee4878@company.local,HR,Developer,7.8,2015-05-20,"Django, NLP, Computer Vision, Machine Learning",Available,60.5,5,75.6
EMP3049,Meera Kapoor,employee3049@company.local,Finance,Senior Developer,5.3,2017-09-01,Machine Learning,Available,85.7,6,67.2
EMP3595,Kavya Joshi,employee3595@company.local,Data Science,Developer,2.3,2022-06-09,"NLP, Django, React",On Leave,33.2,1,85.5
EMP2250,Amit Patel,employee2250@company.local,Operations,Team Lead,3.1,2017-05-17,"Data Analysis, Project Management, SQL, Machine Learning",On Leave,81.6,6,57.3
EMP856,Aditya Singh,employee856@company.local,HR,Business Analyst,11.7,2017-07-16,"NLP, Deep Learning, Python, React",Available,83.5,8,72.4
EMP4406,Kiran Thomas,employee4406@company.local,Engineering,Analyst,6.3,2020-02-09,"Computer Vision, SQL, Project Management",Available,43.2,4,71.8
EMP2184,Vivek Singh,employee2184@company.local,Engineering,Project Manager,1.9,2012-03-23,"Django, Finance",Available,72.7,5,72.8
EMP4314,Nikhil Patel,employee4314@company.local,HR,Team Lead,9.9,2023-11-18,Machine Learning,Available,35.0,2,67.0
EMP747,Neha Joshi,employee747@company.local,Marketing,Finance Analyst,4.4,2014-07-31,"Finance, Deep Learning, Django",On Leave,44.9,3,69.7
EMP3636,Aditya Verma,employee3636@company.local,Engineering,Senior Developer,4.7,2022-10-30,Python,Available,7.5,1,72.9
EMP4262,Rahul Thomas,employee4262@company.local,Operations,Developer,9.9,2025-05-10,NLP,Available,63.0,5,66.9
EMP2802,Rahul Mishra,employee2802@company.local,IT,Developer,1.8,2021-11-04,"NLP, Excel, Machine Learning",Busy,37.2,2,73.2
EMP968,Rohit Singh,employee968@company.local,Engineering,Team Lead,7.8,2023-12-21,"Django, Project Management, Excel",Available,33.4,3,63.5
EMP1658,Manoj Patel,employee1658@company.local,Sales,Developer,12.1,2013-05-02,Data Analysis,Busy,65.1,5,64.5
EMP1154,Nikhil Mishra,employee1154@company.local,Sales,Project Manager,1.6,2015-08-11,"Excel, Python, Computer Vision",Available,34.3,2,69.8
EMP2506,Kiran Patel,employee2506@company.local,HR,Finance Analyst,11.1,2012-09-26,"Finance, Deep Learning, Computer Vision",Unknown,47.4,3,82.4
EMP1059,Isha Sharma,employee1059@company.local,Engineering,Business Analyst,7.9,2022-07-09,Finance,Available,58.5,6,66.7
EMP2133,Pooja Menon,employee2133@company.local,Finance,Team Lead,3.9,2018-12-26,Deep Learning,Available,41.5,3,64.1
EMP4082,Rahul Mishra,employee4082@company.local,Sales,Senior Developer,5.9,2022-01-06,"Finance, Project Management, Data Analysis",Available,47.1,1,87.4
EMP3000,Arun Singh,employee3000@company.local,Marketing,Business Analyst,5.4,2023-04-28,"Finance, Python, Excel, React",Available,23.8,3,92.3
EMP3119,Isha Iyer,employee3119@company.local,Marketing,Data Scientist,10.8,2023-04-29,Data Analysis,Available,45.2,2,79.8
EMP3081,Priya Kapoor,employee3081@company.local,Engineering,Business Analyst,4.6,2013-12-01,"Excel, Project Management",Busy,46.6,6,83.4
EMP1749,Meera Menon,employee1749@company.local,Sales,Developer,5.5,2015-10-17,"Computer Vision, Python, React",Busy,27.8,3,74.7
EMP2882,Rahul Mishra,employee2882@company.local,Operations,Team Lead,2.5,2025-04-08,"React, Python, SQL",Available,59.1,5,56.5
EMP2047,Neha Iyer,employee2047@company.local,Operations,Developer,4.5,2016-11-05,Deep Learning,Available,41.4,3,75.0
EMP3720,Arun Singh,employee3720@company.local,Operations,Business Analyst,3.6,2022-06-07,Deep Learning,On Leave,97.7,7,81.4
EMP4355,Kavya Sharma,employee4355@company.local,Sales,Project Manager,1.7,2013-10-18,Excel,Busy,41.3,2,56.3
EMP3570,Amit Mishra,employee3570@company.local,Operations,Finance Analyst,2.8,2024-08-16,Computer Vision,Available,69.5,3,72.7
EMP337,Swati Reddy,employee337@company.local,Marketing,Project Manager,4.8,2015-04-02,"SQL, Data Analysis, Project Management",Busy,43.3,4,64.6
EMP4106,Kiran Patel,employee4106@company.local,IT,Data Scientist,2.3,2019-07-10,"Data Analysis, Project Management",Available,59.4,2,59.1
EMP072,Sanjay Singh,employee072@company.local,IT,Developer,9.1,2013-06-29,React,Available,19.3,0,75.6
EMP1625,Anita Kapoor,employee1625@company.local,Sales,Developer,1.2,2022-09-08,"Python, Deep Learning",Busy,96.5,7,66.1
EMP3735,Kavya Nair,employee3735@company.local,IT,Project Manager,2.7,2022-04-11,"React, Project Management, Data Analysis, NLP",Available,57.5,2,69.6
EMP3889,Meera Reddy,employee3889@company.local,Sales,Senior Developer,4.8,2015-06-03,React,On Leave,86.2,5,59.7
EMP817,Swati Reddy,employee817@company.local,Operations,Developer,3.2,2024-09-23,"Computer Vision, Data Analysis, Django, Finance",Busy,51.8,3,56.7
EMP957,Swati Pillai,employee957@company.local,Operations,Finance Analyst,8.5,2016-07-19,"Computer Vision, React, Project Management",Available,79.8,4,65.8
EMP1922,Rahul Mishra,employee1922@company.local,HR,Data Scientist,6.2,2018-12-04,"Machine Learning, Python",Busy,53.9,4,57.1
EMP4490,Amit Patel,employee4490@company.local,Finance,Business Analyst,2.9,2019-11-07,"Machine Learning, Django, SQL",Available,87.7,4,60.3
EMP402,Rahul Mishra,employee402@company.local,Data Science,HR Executive,3.1,2013-09-21,"Data Analysis, React, Deep Learning",Available,44.3,2,67.8
EMP3422,Rahul Das,employee3422@company.local,Sales,Business Analyst,9.7,2012-09-06,"SQL, React, Project Management",Available,86.5,5,61.4
EMP029,Meera Pillai,employee029@company.local,IT,Data Scientist,3.4,2016-04-19,"Finance, Data Analysis, Computer Vision, SQL",Busy,40.6,4,70.7
EMP4835,Kavya Sharma,employee4835@company.local,Operations,Analyst,7.9,2016-10-11,"NLP, Excel",Available,32.0,1,69.5
EMP954,Nikhil Patel,employee954@company.local,HR,Developer,6.5,2021-01-19,"Machine Learning, Deep Learning, React",Available,34.5,2,64.8
EMP1276,Aditya Raj,employee1276@company.local,Operations,HR Executive,3.5,2019-02-01,"React, Deep Learning, Django, Computer Vision",Available,55.7,6,72.0
EMP091,Divya Joshi,employee091@company.local,Sales,Finance Analyst,13.0,2023-01-03,React,Busy,50.5,4,79.3
EMP3642,Rahul Patel,employee3642@company.local,Engineering,Senior Developer,3.7,2013-05-17,"React, Excel, Finance, Machine Learning",Busy,89.9,8,71.3
EMP4119,Isha Nair,employee4119@company.local,Marketing,Finance Analyst,3.6,2022-12-12,Project Management,Available,62.5,4,83.6
EMP4094,Nikhil Das,employee4094@company.local,Data Science,Business Analyst,11.1,2022-10-27,"Deep Learning, Machine Learning, Project Management",Available,59.8,6,61.7
EMP535,Kavya Nair,employee535@company.local,Operations,Analyst,8.4,2020-09-10,Computer Vision,Busy,61.3,6,64.0
EMP2137,Swati Kapoor,employee2137@company.local,HR,Senior Developer,6.9,2015-12-03,"Finance, React, Django",Available,84.5,6,76.5
EMP918,Manoj Thomas,employee918@company.local,Marketing,Business Analyst,14.8,2017-08-31,"React, Data Analysis",Busy,49.3,4,69.2
EMP3358,Manoj Das,employee3358@company.local,Data Science,Analyst,11.9,2012-06-05,"Python, Data Analysis, Deep Learning, Finance",Available,8.9,1,63.4
EMP4836,Aditya Verma,employee4836@company.local,Engineering,Developer,1.9,2025-08-18,"Computer Vision, Data Analysis",Available,56.3,3,64.7
EMP3408,Rohit Kumar,employee3408@company.local,IT,HR Executive,13.1,2015-07-19,"Python, Machine Learning, SQL, React",Busy,61.6,5,72.0
EMP4444,Vivek Raj,employee4444@company.local,Finance,Team Lead,0.2,2020-01-09,"Python, React",Busy,61.3,4,64.8
EMP770,Amit Mishra,employee770@company.local,Finance,Finance Analyst,8.8,2012-04-30,"Project Management, Deep Learning, Finance, React",Available,1.6,1,66.6
EMP955,Kavya Joshi,employee955@company.local,IT,Data Scientist,11.0,2017-09-03,"Machine Learning, React, SQL, Django",Available,92.5,5,74.8
EMP3578,Manoj Patel,employee3578@company.local,Data Science,Senior Developer,0.8,2012-06-14,"Python, NLP",Available,93.0,4,65.4
EMP3700,Arun Verma,employee3700@company.local,Sales,Project Manager,10.3,2023-12-27,"Excel, Deep Learning",Busy,42.5,3,76.2
EMP4268,Rohit Raj,employee4268@company.local,Sales,Analyst,1.6,2012-08-24,"NLP, Deep Learning, Data Analysis, React",Available,2.7,1,66.3
EMP3607,Neha Nair,employee3607@company.local,HR,Data Scientist,14.6,2021-01-25,"Python, Project Management, React",Busy,41.5,2,72.2
EMP492,Sanjay Raj,employee492@company.local,HR,HR Executive,6.7,2016-11-06,SQL,Available,40.7,4,57.2
EMP1470,Amit Das,employee1470@company.local,Data Science,Analyst,6.7,2020-05-13,"SQL, Excel, Machine Learning",Busy,51.5,6,67.2
EMP2347,Neha Joshi,employee2347@company.local,Finance,Project Manager,11.5,2012-09-09,"Project Management, SQL, Data Analysis",Busy,67.2,6,74.0
EMP3717,Swati Menon,employee3717@company.local,Data Science,Project Manager,4.9,2024-10-15,Deep Learning,Busy,50.1,1,68.1
EMP2042,Rahul Patel,employee2042@company.local,Data Science,HR Executive,0.6,2018-11-30,"Excel, Project Management, SQL, Finance",Available,100.0,9,57.2
EMP4341,Priya Menon,employee4341@company.local,Finance,Analyst,9.2,2019-01-07,"Django, NLP, Python, Excel",Available,16.5,1,68.3
EMP2259,Isha Sharma,employee2259@company.local,Data Science,Senior Developer,5.0,2017-09-01,"NLP, Finance, Data Analysis, SQL",Available,80.1,4,86.3
EMP3702,Rahul Thomas,employee3702@company.local,Data Science,Analyst,5.8,2016-02-17,"Python, Deep Learning, Data Analysis",On Leave,43.1,3,74.1
EMP1430,Amit Thomas,employee1430@company.local,Marketing,Project Manager,6.6,2017-05-02,"Deep Learning, React, Django, Project Management",Busy,43.8,1,66.4
EMP4334,Nikhil Das,employee4334@company.local,Engineering,Senior Developer,3.5,2024-09-06,Excel,Busy,65.4,4,46.2
EMP4695,Kavya Nair,employee4695@company.local,HR,Developer,5.8,2021-09-06,Deep Learning,On Leave,33.0,3,66.6
EMP1615,Kavya Iyer,employee1615@company.local,Marketing,HR Executive,4.3,2024-10-18,Python,Available,62.1,2,80.1
EMP1382,Rahul Thomas,employee1382@company.local,Operations,Data Scientist,6.6,2019-03-30,"Project Management, Machine Learning, SQL",Available,87.9,5,64.9
EMP2228,Rohit Verma,employee2228@company.local,IT,Analyst,7.4,2022-05-09,"Python, Finance, Deep Learning",Busy,100.0,6,72.8
EMP476,Aditya Raj,employee476@company.local,Marketing,Finance Analyst,9.0,2013-11-26,"Python, Project Management, Data Analysis",Available,38.5,3,66.2
EMP924,Vivek Raj,employee924@company.local,Sales,Team Lead,4.2,2024-12-18,"Finance, React, Project Management, Machine Learning",Available,89.1,4,58.3
EMP3768,Rohit Singh,employee3768@company.local,Marketing,Data Scientist,6.8,2024-03-03,SQL,On Leave,30.2,2,60.2
EMP2735,Kavya Iyer,employee2735@company.local,Marketing,Finance Analyst,7.6,2024-05-27,Computer Vision,Available,46.6,2,67.1
EMP2033,Pooja Reddy,employee2033@company.local,HR,Developer,13.0,2014-09-04,"SQL, NLP, Django, Computer Vision",Available,72.5,6,65.4
EMP1540,Arun Verma,employee1540@company.local,Engineering,Business Analyst,18.8,2025-05-25,"Deep Learning, NLP, Excel, Machine Learning",Busy,34.3,2,90.4
EMP975,Kavya Iyer,employee975@company.local,HR,HR Executive,4.5,2015-09-22,"Python, Machine Learning, Data Analysis",Available,30.9,2,67.1
EMP2504,Vivek Singh,employee2504@company.local,Data Science,Developer,2.0,2012-06-14,"Project Management, Data Analysis, Deep Learning",Busy,55.7,7,64.3
EMP1179,Isha Joshi,employee1179@company.local,Engineering,Team Lead,6.0,2020-02-03,"Machine Learning, SQL, Project Management, Django",Available,63.2,4,81.1
EMP1122,Rahul Mishra,employee1122@company.local,Engineering,Data Scientist,1.0,2016-10-24,"Computer Vision, Excel",Busy,60.6,4,74.2
EMP519,Isha Nair,employee519@company.local,HR,Business Analyst,5.4,2018-09-26,Excel,Available,61.2,6,60.9
EMP193,Pooja Reddy,employee193@company.local,IT,Finance Analyst,1.2,2020-12-25,Excel,Available,47.1,4,37.4
EMP4939,Isha Joshi,employee4939@company.local,Engineering,Business Analyst,1.2,2017-10-26,"Project Management, Python",Available,67.9,3,54.0
EMP3508,Rohit Verma,employee3508@company.local,Data Science,HR Executive,1.9,2016-08-05,"Django, SQL",Available,76.7,6,75.5
EMP4329,Meera Kapoor,employee4329@company.local,HR,Business Analyst,1.8,2019-11-24,"Deep Learning, Finance",Available,71.2,3,73.5
EMP3353,Pooja Kapoor,employee3353@company.local,Data Science,HR Executive,1.0,2014-05-12,"Data Analysis, NLP",Available,21.0,5,67.3
EMP210,Amit Mishra,employee210@company.local,Marketing,Project Manager,12.1,2015-11-18,"Deep Learning, Computer Vision, SQL, Django",Available,90.9,4,65.2
EMP4638,Manoj Das,employee4638@company.local,Data Science,Developer,5.6,2016-08-21,"NLP, SQL",Available,40.4,0,65.3
EMP3157,Swati Menon,employee3157@company.local,Finance,Team Lead,13.0,2012-11-15,"Excel, SQL, Data Analysis, NLP",Available,24.4,1,80.6
EMP1225,Anita Kapoor,employee1225@company.local,HR,Team Lead,4.1,2018-11-29,"Data Analysis, Django",Available,58.9,4,68.8
EMP023,Sneha Nair,employee023@company.local,Finance,Finance Analyst,5.6,2022-06-05,"Deep Learning, Data Analysis, Project Management",Available,80.7,6,43.2
EMP2349,Meera Pillai,employee2349@company.local,IT,Business Analyst,8.2,2014-08-12,"Finance, Excel",Available,86.7,8,90.7
EMP910,Amit Das,employee910@company.local,Sales,Team Lead,3.4,2018-04-23,"NLP, SQL",Available,100.0,4,69.8
EMP826,Kiran Patel,employee826@company.local,Finance,Senior Developer,2.6,2018-06-04,"Finance, Machine Learning, Computer Vision, Deep Learning",Busy,72.6,5,62.7
EMP4224,Vivek Kumar,employee4224@company.local,IT,Senior Developer,11.1,2014-10-29,React,Available,42.0,4,77.1
EMP1257,Swati Kapoor,employee1257@company.local,HR,Senior Developer,6.7,2015-10-21,NLP,Busy,87.5,5,58.8
EMP3492,Sanjay Verma,employee3492@company.local,Sales,Team Lead,4.7,2023-10-13,SQL,Busy,23.6,0,52.6
EMP1105,Anita Reddy,employee1105@company.local,Operations,Developer,3.4,2018-05-13,"Django, Deep Learning, Project Management",Busy,54.2,3,61.7
EMP1450,Amit Patel,employee1450@company.local,Finance,Finance Analyst,4.6,2012-04-02,"Machine Learning, Data Analysis",Available,67.3,6,66.8
EMP3533,Pooja Pillai,employee3533@company.local,Finance,Finance Analyst,6.0,2024-04-03,"Python, Deep Learning",Available,79.9,6,61.7
EMP3247,Neha Iyer,employee3247@company.local,Finance,Business Analyst,5.6,2021-05-05,"Machine Learning, Computer Vision",Available,38.5,2,75.0
EMP361,Priya Kapoor,employee361@company.local,Finance,Project Manager,1.9,2019-03-15,NLP,Available,96.0,8,55.9
EMP3966,Kiran Das,employee3966@company.local,Finance,Business Analyst,7.1,2015-03-09,Data Analysis,Busy,58.4,3,77.9
EMP4361,Priya Kapoor,employee4361@company.local,Operations,Senior Developer,6.4,2014-01-16,"Computer Vision, NLP",Available,10.8,2,71.4
EMP1967,Neha Iyer,employee1967@company.local,Data Science,Analyst,8.5,2021-04-26,"Django, Finance, Python",Available,20.8,2,78.9
EMP2937,Swati Kapoor,employee2937@company.local,Marketing,Team Lead,6.5,2015-04-09,NLP,Available,74.2,5,69.6
EMP2034,Nikhil Mishra,employee2034@company.local,Operations,Project Manager,5.6,2024-11-27,"Finance, Deep Learning",Busy,54.3,2,65.6
EMP3694,Nikhil Das,employee3694@company.local,IT,Senior Developer,1.3,2015-08-07,"Excel, NLP",Available,62.2,4,65.2
EMP273,Pooja Reddy,employee273@company.local,Sales,HR Executive,5.5,2016-07-11,"Excel, Computer Vision, Data Analysis, Deep Learning",Available,100.0,2,48.1
EMP4208,Rohit Kumar,employee4208@company.local,HR,Project Manager,3.9,2022-07-15,"Data Analysis, Python, Computer Vision, SQL",Available,90.6,7,79.5
EMP4381,Priya Pillai,employee4381@company.local,Engineering,Finance Analyst,13.0,2024-07-06,Python,Available,37.2,3,82.4
EMP1983,Sneha Iyer,employee1983@company.local,IT,Business Analyst,9.6,2022-05-14,"Excel, Data Analysis",Available,64.8,4,88.9
EMP4442,Rahul Patel,employee4442@company.local,Engineering,Project Manager,2.8,2015-07-18,"Django, Python",Available,26.9,3,53.0
EMP3388,Rohit Raj,employee3388@company.local,IT,Project Manager,14.0,2018-01-19,"Django, Machine Learning",Available,78.1,5,87.5
EMP1875,Kavya Sharma,employee1875@company.local,IT,Finance Analyst,10.6,2012-08-18,"Django, Finance",Available,0.0,1,64.0
EMP1234,Nikhil Mishra,employee1234@company.local,Operations,Project Manager,5.5,2016-05-18,"SQL, NLP",Available,66.0,4,70.2
EMP988,Rohit Raj,employee988@company.local,Sales,Team Lead,9.7,2015-08-26,"Deep Learning, Excel",Available,74.7,7,80.1
EMP2376,Aditya Singh,employee2376@company.local,Data Science,Finance Analyst,4.7,2016-08-31,Machine Learning,Available,59.1,3,68.1
EMP691,Divya Sharma,employee691@company.local,Engineering,HR Executive,3.9,2016-03-27,"NLP, Python",Available,68.7,5,61.1
EMP3827,Neha Sharma,employee3827@company.local,Finance,Team Lead,1.3,2014-12-14,"NLP, Python, Computer Vision, Finance",Available,23.4,2,64.8
EMP3383,Sneha Nair,employee3383@company.local,Data Science,Developer,1.5,2020-07-17,"Computer Vision, Machine Learning, Python, Project Management",Available,12.3,0,71.9
EMP139,Isha Joshi,employee139@company.local,IT,Project Manager,2.7,2017-09-06,"Python, Finance, Computer Vision",Busy,80.4,3,81.9
EMP2771,Divya Sharma,employee2771@company.local,Sales,Data Scientist,4.1,2019-11-25,Excel,Available,73.8,7,66.0
EMP033,Pooja Reddy,employee033@company.local,Operations,Analyst,5.7,2025-06-03,"Deep Learning, Data Analysis",Unknown,66.5,4,60.2
EMP3655,Kavya Nair,employee3655@company.local,Engineering,Finance Analyst,7.2,2015-12-23,"Machine Learning, Computer Vision",Available,47.5,3,59.7
EMP570,Amit Patel,employee570@company.local,Sales,Developer,18.5,2020-04-10,"Finance, Deep Learning, Data Analysis, Python",Available,29.7,4,79.3
EMP003,Not specified,employee003@company.local,IT,Data Scientist,3.9,2017-05-19,"NLP, Computer Vision",Busy,49.9,3,64.3
EMP1481,Priya Kapoor,employee1481@company.local,IT,Team Lead,11.3,2020-06-14,"Project Management, React",Available,69.6,6,75.5
EMP3811,Divya Sharma,employee3811@company.local,Data Science,Data Scientist,7.5,2019-10-08,"Python, Machine Learning, Finance, Data Analysis",Available,100.0,7,63.5
EMP2682,Rahul Patel,employee2682@company.local,Engineering,Finance Analyst,6.5,2020-11-04,"Finance, Python, Computer Vision, Django",Available,50.7,1,69.4
EMP3948,Rohit Raj,employee3948@company.local,IT,Analyst,1.1,2012-11-21,SQL,Available,49.7,5,68.0
EMP1283,Sneha Sharma,employee1283@company.local,Operations,Data Scientist,9.7,2018-12-15,"Django, Project Management, Machine Learning",Busy,60.6,6,74.9
EMP027,Neha Joshi,employee027@company.local,Engineering,Business Analyst,13.7,2023-04-28,"Python, Project Management, SQL, Machine Learning",Available,55.7,7,73.2
EMP2896,Aditya Kumar,employee2896@company.local,Operations,Senior Developer,1.4,2016-12-04,"Data Analysis, Machine Learning",Busy,44.3,3,66.5
EMP689,Meera Reddy,employee689@company.local,Finance,Analyst,1.6,2014-09-26,"Deep Learning, Django, SQL, Finance",Available,62.3,5,86.2
EMP3963,Sneha Joshi,employee3963@company.local,Engineering,Project Manager,4.5,2016-09-05,"Data Analysis, Finance, NLP",Available,26.8,3,62.9
EMP4688,Rohit Kumar,employee4688@company.local,Data Science,Analyst,7.4,2015-10-03,"React, SQL",Busy,54.2,2,81.1
EMP3003,Sneha Joshi,employee3003@company.local,Data Science,Business Analyst,2.6,2020-05-21,"Finance, React, Excel",Available,66.9,3,56.7
EMP3062,Rahul Thomas,employee3062@company.local,HR,Team Lead,4.3,2013-10-26,"Deep Learning, Data Analysis",Available,44.7,4,64.0
EMP3515,Kavya Joshi,employee3515@company.local,Operations,Data Scientist,7.5,2015-12-13,"Data Analysis, React, SQL",Available,63.8,3,69.5
EMP2031,Divya Iyer,employee2031@company.local,Operations,Project Manager,10.0,2019-05-25,"Machine Learning, React",Available,69.1,4,76.6
EMP3028,Rohit Verma,employee3028@company.local,Marketing,Data Scientist,5.7,2021-05-19,Computer Vision,Available,63.7,5,73.8
EMP2672,Sanjay Kumar,employee2672@company.local,Finance,Team Lead,6.5,2024-01-12,"NLP, SQL",Busy,26.0,0,73.8
EMP2941,Priya Pillai,employee2941@company.local,Finance,Team Lead,1.7,2024-05-29,SQL,Busy,37.2,3,74.4
EMP2939,Isha Joshi,employee2939@company.local,Data Science,Data Scientist,8.9,2019-06-30,"Django, Machine Learning, SQL, Data Analysis",Available,94.9,4,64.9
EMP845,Anita Pillai,employee845@company.local,Operations,Developer,8.6,2024-08-10,"Machine Learning, Data Analysis, Finance",Available,53.1,4,73.1
EMP222,Rahul Das,employee222@company.local,HR,Data Scientist,3.0,2019-07-17,"Excel, React, Data Analysis, Django",Available,77.5,6,59.5
EMP1406,Kiran Das,employee1406@company.local,Engineering,Developer,7.8,2012-02-18,"React, Data Analysis",Available,83.7,4,54.2
EMP1690,Amit Patel,employee1690@company.local,Engineering,Senior Developer,4.3,2020-12-25,"Computer Vision, NLP, Excel, Deep Learning",Available,40.8,2,54.2
EMP2765,Anita Pillai,employee2765@company.local,HR,Data Scientist,8.8,2024-05-22,"Project Management, Computer Vision, Django, SQL",Available,31.2,2,83.2
EMP4863,Sneha Iyer,employee4863@company.local,Operations,Business Analyst,14.2,2022-11-06,"Deep Learning, Data Analysis, Django, Project Management",Busy,68.9,6,75.0
EMP4291,Divya Sharma,employee4291@company.local,Engineering,Analyst,8.0,2019-06-25,"Computer Vision, React, Django",Available,65.1,2,69.8
EMP2813,Pooja Pillai,employee2813@company.local,Engineering,Senior Developer,3.7,2017-11-01,"Deep Learning, Machine Learning, Python",Busy,48.4,1,68.9
EMP495,Kavya Iyer,employee495@company.local,Marketing,Business Analyst,6.6,2012-11-14,Python,Available,74.0,6,63.4
EMP3783,Sneha Nair,employee3783@company.local,HR,Business Analyst,15.5,2024-01-16,"Excel, Django, Project Management",Available,46.1,1,87.5
EMP2531,Divya Sharma,employee2531@company.local,Engineering,Senior Developer,10.7,2023-10-14,Python,Available,73.6,7,90.1
EMP1702,Rahul Thomas,employee1702@company.local,IT,Senior Developer,9.8,2012-01-09,"SQL, Machine Learning",Available,52.5,4,83.6
EMP335,Kavya Iyer,employee335@company.local,Operations,Finance Analyst,4.7,2018-07-02,"NLP, Django, Computer Vision, Project Management",Available,57.3,4,68.2
EMP2045,Anita Pillai,employee2045@company.local,HR,Project Manager,5.4,2015-04-22,Machine Learning,Available,55.7,4,74.3
EMP1299,Isha Sharma,employee1299@company.local,Finance,Data Scientist,11.8,2015-02-03,Machine Learning,Available,65.1,4,77.2
EMP3788,Rohit Raj,employee3788@company.local,IT,Finance Analyst,6.6,2024-10-11,"Machine Learning, Python, Finance",Available,32.3,2,67.0
EMP4003,Sneha Sharma,employee4003@company.local,Sales,Senior Developer,5.5,2024-03-17,Python,Available,61.2,2,65.0
EMP2902,Rahul Thomas,employee2902@company.local,Engineering,Analyst,3.8,2019-03-11,"Excel, Finance",Available,38.2,3,67.2
EMP168,Rohit Singh,employee168@company.local,Engineering,Project Manager,0.8,2016-01-30,Python,Busy,35.3,2,51.2
EMP2325,Anita Menon,employee2325@company.local,IT,Project Manager,5.6,2022-12-31,Finance,Available,60.8,4,62.2
EMP4894,Nikhil Das,employee4894@company.local,Data Science,Analyst,9.6,2024-08-17,"Deep Learning, Python",Busy,62.3,5,83.9
EMP4794,Nikhil Patel,employee4794@company.local,Engineering,Project Manager,10.6,2016-01-07,"NLP, Python, Django",Available,82.8,5,64.4
EMP556,Aditya Raj,employee556@company.local,Marketing,Analyst,9.1,2023-07-11,"NLP, Project Management, Deep Learning",Available,77.8,3,84.7
EMP3442,Rahul Mishra,employee3442@company.local,IT,Developer,8.2,2023-12-29,"Python, Project Management",Available,25.5,0,71.3
EMP2853,Pooja Menon,employee2853@company.local,IT,Developer,1.3,2014-08-02,"Machine Learning, Python, Finance",Available,61.5,5,60.9
EMP3308,Rohit Raj,employee3308@company.local,HR,Business Analyst,4.6,2019-02-18,"Data Analysis, Finance",Available,66.3,7,80.0
EMP2251,Divya Joshi,employee2251@company.local,Finance,Developer,7.2,2021-02-12,"Machine Learning, SQL, Finance",Busy,46.1,3,81.1
EMP4313,Pooja Kapoor,employee4313@company.local,Finance,Project Manager,16.1,2020-05-29,"Django, Deep Learning, SQL",Busy,73.0,5,83.2
EMP2212,Sanjay Verma,employee2212@company.local,Engineering,Analyst,8.8,2025-01-28,"SQL, Finance, Django",Available,63.4,3,76.1
EMP2845,Anita Pillai,employee2845@company.local,Operations,Analyst,1.4,2022-03-03,"Python, Machine Learning",Available,60.0,4,73.7
EMP3662,Rahul Das,employee3662@company.local,HR,HR Executive,1.9,2013-03-01,React,Busy,62.9,2,63.2
EMP307,Neha Sharma,employee307@company.local,HR,Project Manager,3.7,2024-07-04,"React,Computer Vision",Available,61.8,5,60.2
EMP3587,Neha Sharma,employee3587@company.local,Marketing,Project Manager,7.3,2017-08-19,"Project Management, Finance, NLP",On Leave,37.3,4,71.7
EMP3673,Pooja Kapoor,employee3673@company.local,Data Science,Developer,2.1,2020-05-17,"Machine Learning, SQL",Available,57.0,3,54.3
EMP2481,Priya Reddy,employee2481@company.local,HR,Developer,11.1,2014-10-12,Django,On Leave,43.2,0,82.0
EMP2719,Isha Iyer,employee2719@company.local,Engineering,HR Executive,3.6,2021-05-12,"Computer Vision, SQL",Available,34.5,0,64.9
EMP952,Sanjay Singh,employee952@company.local,Engineering,Project Manager,1.1,2024-07-26,React,Available,100.0,5,51.7
EMP418,Manoj Mishra,employee418@company.local,HR,Business Analyst,12.6,2022-03-04,Excel,Available,18.1,1,81.7
EMP2001,Priya Reddy,employee2001@company.local,Finance,Business Analyst,2.4,2013-11-15,"Project Management, Data Analysis, Machine Learning, React",Busy,67.7,5,61.8
EMP3237,Swati Menon,employee3237@company.local,HR,Data Scientist,4.9,2021-06-06,Django,Available,63.6,2,65.8
EMP479,Isha Iyer,employee479@company.local,Data Science,Data Scientist,2.0,2016-07-17,"Django, Data Analysis",Busy,38.7,1,53.4
EMP4048,Rohit Kumar,employee4048@company.local,Sales,Finance Analyst,9.2,2013-02-14,"Deep Learning, React, Project Management, Excel",Available,57.3,5,87.5
EMP136,Aditya Singh,employee136@company.local,Finance,Business Analyst,4.4,2013-01-08,React,Busy,36.4,2,66.9
EMP436,Aditya Verma,employee436@company.local,Engineering,Business Analyst,1.6,2014-09-13,"SQL, Project Management, Machine Learning",Available,38.9,3,80.7
EMP4843,Sneha Joshi,employee4843@company.local,Sales,Business Analyst,13.4,2025-03-18,"NLP, Python, Data Analysis",Available,43.3,2,77.7
EMP2549,Meera Menon,employee2549@company.local,Finance,Team Lead,2.5,2018-05-09,Project Management,Available,42.4,3,67.0
EMP238,Manoj Das,employee238@company.local,Finance,Business Analyst,4.2,2020-12-29,"Data Analysis, SQL, Excel",Available,60.1,4,71.4
EMP1918,Manoj Das,employee1918@company.local,Engineering,Senior Developer,1.2,2018-12-03,Data Analysis,Available,84.3,5,47.6
EMP2329,Meera Kapoor,employee2329@company.local,Engineering,Project Manager,7.6,2013-03-25,Data Analysis,Available,31.3,1,66.9
EMP3064,Vivek Singh,employee3064@company.local,Data Science,Team Lead,10.3,2023-02-18,"Excel, Deep Learning, Finance",Available,56.6,5,95.2
EMP020,Arun Verma,employee020@company.local,Data Science,Senior Developer,4.0,2022-12-08,"Excel, Django",Available,87.1,5,59.5
EMP4123,Sneha Joshi,employee4123@company.local,Data Science,Developer,3.5,2013-03-19,Deep Learning,Available,66.2,5,72.1
EMP1222,Rahul Thomas,employee1222@company.local,Marketing,Business Analyst,9.2,2021-02-19,"React, Finance",Available,83.0,5,58.2
EMP1543,Sneha Nair,employee1543@company.local,Data Science,Project Manager,8.8,2017-07-29,Project Management,Busy,52.5,5,76.6
EMP3381,Priya Menon,employee3381@company.local,IT,Data Scientist,1.7,2017-12-01,Excel,Available,98.1,7,65.9
EMP2220,Arun Raj,employee2220@company.local,Engineering,Analyst,7.3,2025-04-26,"Project Management, Django",Busy,10.5,2,66.1
EMP3382,Rahul Thomas,employee3382@company.local,Data Science,Data Scientist,7.3,2024-04-30,"Excel, Deep Learning",Available,50.6,2,66.9
EMP517,Swati Menon,employee517@company.local,HR,Data Scientist,17.7,2017-04-19,"Data Analysis, Machine Learning, Finance, Project Management",Available,30.5,3,88.2
EMP1200,Arun Kumar,employee1200@company.local,Engineering,Project Manager,5.9,2017-04-29,"Machine Learning, Django, Excel, Python",Available,29.9,2,62.2
EMP2169,Meera Kapoor,employee2169@company.local,Data Science,Senior Developer,5.1,2021-11-19,SQL,Available,75.5,6,61.1
EMP4398,Manoj Das,employee4398@company.local,Finance,Finance Analyst,11.1,2020-10-28,"Excel, SQL, Project Management, Python",Available,41.9,3,87.3
EMP3955,Kavya Sharma,employee3955@company.local,Operations,Project Manager,1.4,2020-06-13,"SQL, Computer Vision, Project Management",On Leave,48.6,2,70.2
EMP1618,Manoj Mishra,employee1618@company.local,Operations,HR Executive,7.4,2017-11-23,"Project Management, Machine Learning",Available,100.0,6,70.1
EMP2610,Amit Mishra,employee2610@company.local,IT,HR Executive,2.2,2019-01-18,Excel,On Leave,80.6,3,60.7
EMP4172,Sanjay Raj,employee4172@company.local,IT,HR Executive,2.7,2013-11-28,Deep Learning,On Leave,83.2,4,62.8
EMP1519,Isha Iyer,employee1519@company.local,Engineering,HR Executive,8.0,2015-11-12,"SQL, React, Django, Data Analysis",Available,22.5,2,76.4
EMP2320,Arun Kumar,employee2320@company.local,Operations,Team Lead,3.9,2018-04-04,Python,Available,50.0,4,59.5
EMP1307,Neha Joshi,employee1307@company.local,IT,Finance Analyst,3.1,2018-04-19,"NLP, Machine Learning, Excel, React",On Leave,87.2,4,69.4
EMP3203,Sneha Sharma,employee3203@company.local,Finance,HR Executive,4.1,2023-01-26,"Machine Learning, Python",Busy,48.1,4,66.4
EMP4633,Pooja Kapoor,employee4633@company.local,Marketing,Business Analyst,1.4,2015-01-07,"Machine Learning, NLP, Computer Vision",Available,57.7,4,59.7
EMP2751,Divya Iyer,employee2751@company.local,Marketing,Business Analyst,1.5,2019-12-17,"Project Management, SQL, Computer Vision",Available,55.4,6,56.1
EMP4260,Arun Verma,employee4260@company.local,Sales,Analyst,8.8,2013-06-11,Project Management,On Leave,100.0,8,80.4
EMP2285,Anita Pillai,employee2285@company.local,Operations,Team Lead,17.1,2022-11-20,Machine Learning,Available,72.1,6,74.2
EMP3761,Priya Reddy,employee3761@company.local,Sales,HR Executive,8.8,2018-03-27,"SQL, Deep Learning, Python, Data Analysis",Available,51.8,3,69.5
EMP1141,Priya Menon,employee1141@company.local,Data Science,Finance Analyst,8.5,2023-11-30,"SQL, Python, Project Management",Available,13.1,0,79.2
EMP3961,Priya Kapoor,employee3961@company.local,Engineering,Project Manager,7.6,2022-08-20,"Django, SQL, Python, NLP",Available,65.6,4,76.8
EMP2009,Meera Kapoor,employee2009@company.local,HR,HR Executive,2.8,2014-03-22,"Computer Vision, Project Management, Deep Learning",Available,67.5,4,65.3
EMP3981,Priya Pillai,employee3981@company.local,HR,Finance Analyst,1.0,2016-09-29,"Machine Learning, Project Management, Excel, SQL",Available,37.8,2,68.0
EMP340,Arun Verma,employee340@company.local,Sales,HR Executive,5.6,2020-01-27,"Excel, Machine Learning, React, NLP",Available,55.8,4,61.4
EMP4366,Kiran Das,employee4366@company.local,Engineering,Finance Analyst,5.4,2014-04-10,Django,Available,25.6,1,78.3
EMP4714,Nikhil Patel,employee4714@company.local,Data Science,HR Executive,4.0,2017-12-12,NLP,Available,84.8,7,60.6
EMP488,Rohit Singh,employee488@company.local,HR,Business Analyst,6.9,2012-05-17,"SQL, Python, NLP",Available,47.0,2,66.4
EMP4499,Isha Sharma,employee4499@company.local,HR,Project Manager,9.1,2020-09-05,"NLP, Project Management, Python",Available,52.3,2,70.5
EMP4712,Sanjay Singh,employee4712@company.local,IT,Finance Analyst,10.1,2022-01-24,"Excel, SQL, React",Available,81.8,5,75.9
EMP4409,Meera Kapoor,employee4409@company.local,IT,Developer,3.9,2013-01-30,"Finance, Excel, Machine Learning, Project Management",Busy,58.7,2,64.4
EMP1824,Vivek Kumar,employee1824@company.local,IT,Analyst,1.8,2024-08-10,"Excel, Python",Available,22.1,1,73.2
EMP1191,Divya Nair,employee1191@company.local,IT,Analyst,6.2,2019-02-09,"Computer Vision, Machine Learning",Available,48.2,3,74.5
EMP4380,Arun Raj,employee4380@company.local,Operations,Business Analyst,10.7,2013-10-18,Computer Vision,Busy,61.3,6,67.0
EMP118,Manoj Thomas,employee118@company.local,HR,Data Scientist,1.7,2015-07-20,"Machine Learning, Excel, SQL",Available,53.0,4,57.1
EMP1436,Aditya Raj,employee1436@company.local,Engineering,Project Manager,5.8,2017-12-31,"Python, Django, Finance, Data Analysis",Available,100.0,7,67.1
EMP1568,Rohit Kumar,employee1568@company.local,Engineering,Finance Analyst,4.2,2021-01-17,"Machine Learning, Project Management",Available,63.4,4,69.4
EMP791,Divya Nair,employee791@company.local,Engineering,Analyst,6.4,2017-07-03,"Excel, Machine Learning, Django, Data Analysis",Available,81.3,6,65.6
EMP2678,Manoj Thomas,employee2678@company.local,Engineering,Finance Analyst,5.6,2017-12-31,Finance,Available,23.3,3,70.3
EMP2886,Kiran Thomas,employee2886@company.local,Data Science,Team Lead,11.6,2014-10-27,"Excel, Computer Vision, Machine Learning, Django",Available,69.9,5,66.7
EMP1717,Swati Menon,employee1717@company.local,Marketing,Team Lead,3.4,2018-04-23,"Data Analysis, Computer Vision",Available,56.7,4,61.2
EMP4338,Manoj Mishra,employee4338@company.local,Engineering,Data Scientist,2.1,2024-05-16,"Finance, Computer Vision, SQL",Available,40.8,1,61.2
EMP4525,Anita Pillai,employee4525@company.local,Marketing,Finance Analyst,4.7,2024-02-23,"Machine Learning, Computer Vision",Available,90.0,6,79.0
EMP2447,Neha Iyer,employee2447@company.local,Finance,Team Lead,4.8,2013-05-05,"Finance, Excel, Computer Vision",Available,64.4,4,65.0
EMP048,Rohit Kumar,employee048@company.local,Engineering,Senior Developer,7.7,2017-06-20,Computer Vision,Busy,36.0,1,51.9
EMP4989,Meera Pillai,employee4989@company.local,IT,HR Executive,10.3,2013-11-13,Deep Learning,Busy,38.7,4,64.2
EMP3449,Meera Kapoor,employee3449@company.local,Data Science,Analyst,2.9,2018-09-10,"Excel, Python",Busy,82.4,8,79.1
EMP095,Kavya Iyer,employee095@company.local,Finance,Analyst,6.7,2012-11-26,"Deep Learning, Machine Learning, SQL",On Leave,57.9,3,71.1
EMP738,Manoj Mishra,employee738@company.local,Finance,Analyst,8.5,2025-06-30,"Python, Machine Learning, SQL",Available,100.0,7,73.0
EMP1837,Swati Pillai,employee1837@company.local,IT,Business Analyst,1.7,2014-07-22,"SQL, Computer Vision",Busy,43.9,2,55.0
EMP2416,Aditya Kumar,employee2416@company.local,Finance,HR Executive,9.0,2024-05-01,"React, Deep Learning",Available,71.5,6,71.2
EMP3330,Amit Mishra,employee3330@company.local,Engineering,Senior Developer,7.6,2024-09-10,React,Available,27.5,1,65.2
EMP4078,Manoj Das,employee4078@company.local,Sales,Business Analyst,11.7,2025-08-09,"React, Excel",On Leave,100.0,7,61.9
EMP2539,Isha Joshi,employee2539@company.local,HR,Senior Developer,1.4,2017-04-16,"Python, Deep Learning",Available,81.8,5,83.3
EMP3189,Meera Menon,employee3189@company.local,Marketing,Team Lead,13.8,2024-02-13,"Python, Django, NLP, Computer Vision",Busy,53.3,4,75.3
EMP1892,Sanjay Verma,employee1892@company.local,Engineering,HR Executive,2.6,2021-02-06,"SQL, Finance, Machine Learning",Available,29.9,3,63.3
EMP3969,Meera Reddy,employee3969@company.local,Finance,Senior Developer,10.4,2015-04-27,"Machine Learning, Django, SQL, Excel",Available,73.3,5,79.6
EMP1220,Arun Verma,employee1220@company.local,Data Science,HR Executive,3.6,2023-12-26,"Data Analysis, Django, SQL, Project Management",Available,51.1,3,63.6
EMP558,Manoj Das,employee558@company.local,Data Science,Senior Developer,19.7,2024-09-03,"NLP, SQL, Django",Available,41.4,2,83.2
EMP3071,Divya Iyer,employee3071@company.local,Engineering,Business Analyst,5.4,2020-03-23,Machine Learning,Available,45.0,3,68.9
EMP3637,Swati Menon,employee3637@company.local,Engineering,Developer,3.7,2023-09-18,"Project Management, Machine Learning, NLP",Available,51.3,3,56.5
EMP4272,Sanjay Kumar,employee4272@company.local,HR,Project Manager,3.0,2013-05-21,Data Analysis,Busy,66.0,3,74.8
EMP668,Rohit Raj,employee668@company.local,Sales,Project Manager,2.8,2015-01-06,Data Analysis,Available,76.4,4,80.4
EMP2835,Kavya Sharma,employee2835@company.local,Finance,Developer,4.7,2014-04-26,"Computer Vision, Django, Project Management",Available,49.6,3,70.9
EMP4037,Swati Menon,employee4037@company.local,Engineering,Developer,14.8,2020-10-28,SQL,Available,24.2,0,81.4
EMP2488,Rohit Singh,employee2488@company.local,Engineering,Analyst,4.4,2012-11-04,"Machine Learning, NLP, Python, Excel",Available,100.0,2,68.7
EMP379,Isha Joshi,employee379@company.local,Data Science,Finance Analyst,8.7,2024-02-11,"React, Data Analysis, NLP, Finance",Busy,0.2,0,75.8
EMP4453,Pooja Menon,employee4453@company.local,IT,Data Scientist,0.9,2024-10-19,"Project Management, Machine Learning, Finance",Available,0.0,1,63.2
EMP1811,Divya Sharma,employee1811@company.local,Sales,Project Manager,2.5,2023-08-21,"Deep Learning, Machine Learning, Python",Available,56.6,4,76.5
EMP4583,Sneha Nair,employee4583@company.local,Sales,Developer,4.9,2021-02-06,"Machine Learning, Python, Finance, Computer Vision",Available,47.0,1,71.2
EMP249,Meera Kapoor,employee249@company.local,Engineering,HR Executive,7.2,2024-05-10,SQL,Busy,76.3,5,61.4
EMP4050,Amit Mishra,employee4050@company.local,Operations,Analyst,4.5,2022-08-18,"NLP, Data Analysis, React, Project Management",Available,47.0,2,57.2
EMP4721,Priya Reddy,employee4721@company.local,HR,Business Analyst,6.5,2024-06-23,"Computer Vision, Deep Learning",Available,45.4,2,78.2
EMP2528,Rohit Kumar,employee2528@company.local,Engineering,HR Executive,7.8,2019-06-22,Finance,Busy,35.8,4,70.3
EMP596,Aditya Verma,employee596@company.local,Engineering,Project Manager,1.6,2016-08-22,"Python, NLP, Project Management",Available,79.7,7,65.9
EMP4725,Anita Menon,employee4725@company.local,Data Science,Data Scientist,3.4,2012-02-24,"Django, Computer Vision",Available,46.5,4,73.0
EMP066,Kiran Mishra,employee066@company.local,Sales,Finance Analyst,8.1,2021-08-23,"NLP, Deep Learning, Data Analysis",Busy,47.3,3,78.6
EMP859,Isha Joshi,employee859@company.local,IT,Project Manager,0.6,2015-08-22,"Deep Learning, Computer Vision, Django, Machine Learning",Available,35.3,2,56.4
EMP1333,Pooja Menon,employee1333@company.local,Sales,Analyst,5.7,2017-02-26,"Excel, NLP, React",Available,55.5,5,58.1
EMP4719,Isha Iyer,employee4719@company.local,Operations,Project Manager,5.6,2015-01-21,Data Analysis,Available,34.8,1,69.9
EMP014,Nikhil Das,employee014@company.local,Operations,HR Executive,5.8,2018-11-09,"Excel, Deep Learning, Project Management, SQL",Busy,45.8,3,70.8
EMP1939,Isha Sharma,employee1939@company.local,Operations,Finance Analyst,5.1,2022-11-30,"Computer Vision, Machine Learning, Project Management",Busy,86.7,5,61.5
EMP712,Sanjay Singh,employee712@company.local,Sales,Project Manager,11.3,2018-08-29,"Machine Learning, Computer Vision",Available,44.6,4,82.7
EMP2389,Meera Menon,employee2389@company.local,Finance,Developer,5.9,2019-10-18,"Django, Computer Vision, Python",Available,80.4,5,56.1
EMP1454,Nikhil Das,employee1454@company.local,Engineering,HR Executive,7.4,2012-07-31,"Data Analysis, Python, React, SQL",Available,14.4,1,80.8
EMP4865,Anita Reddy,employee4865@company.local,IT,HR Executive,17.9,2012-03-05,"SQL, Machine Learning, Finance, Data Analysis",Busy,69.9,4,90.2
EMP585,Anita Kapoor,employee585@company.local,IT,Team Lead,5.8,2024-10-04,"Deep Learning, NLP, Django",Available,43.2,3,64.4
EMP446,Kiran Das,employee446@company.local,Engineering,Finance Analyst,6.2,2016-05-16,"Django, Deep Learning",Available,54.6,5,74.8
EMP4986,Kiran Patel,employee4986@company.local,Operations,HR Executive,1.3,2018-02-27,"SQL, Data Analysis, Deep Learning",Available,60.6,6,63.2
EMP4833,Pooja Reddy,employee4833@company.local,Engineering,Team Lead,9.8,2024-11-04,NLP,Busy,73.6,7,83.3
EMP4681,Priya Kapoor,employee4681@company.local,Engineering,HR Executive,2.1,2013-05-27,"Computer Vision, SQL, Python",Busy,81.3,5,52.3
EMP1746,Kiran Mishra,employee1746@company.local,Operations,Finance Analyst,4.1,2022-11-30,"Finance, Data Analysis",Available,72.7,4,65.8
EMP2515,Kavya Sharma,employee2515@company.local,Engineering,Project Manager,1.7,2019-05-11,"React, Python, Computer Vision",Busy,67.3,3,72.7
EMP4872,Sanjay Singh,employee4872@company.local,Engineering,Analyst,8.8,2013-02-22,"Django, Project Management",Available,28.8,2,74.0
EMP641,Priya Reddy,employee641@company.local,Marketing,Project Manager,4.4,2017-10-24,"Data Analysis, Computer Vision, Python, Excel",Available,41.7,2,64.9
EMP1950,Amit Das,employee1950@company.local,Finance,Finance Analyst,6.2,2013-10-13,"Deep Learning, Finance",Unknown,87.8,6,65.5
EMP1416,Aditya Singh,employee1416@company.local,Engineering,Team Lead,22.0,2013-01-24,"Project Management, Deep Learning, Computer Vision",Available,62.1,4,84.1
EMP2795,Kavya Joshi,employee2795@company.local,Engineering,Analyst,1.7,2018-09-02,Data Analysis,On Leave,28.8,2,44.6
EMP4489,Meera Kapoor,employee4489@company.local,HR,Finance Analyst,9.9,2023-12-30,SQL,Available,55.8,3,63.4
EMP2550,Amit Thomas,employee2550@company.local,Engineering,Senior Developer,0.5,2013-12-12,React,Busy,64.8,5,64.8
EMP715,Kavya Joshi,employee715@company.local,Engineering,Senior Developer,6.4,2018-06-29,"Data Analysis, NLP, Deep Learning, Django",Available,76.0,7,77.1
EMP2246,Kiran Thomas,employee2246@company.local,Data Science,Developer,2.1,2018-05-25,"Computer Vision, Excel, Deep Learning, SQL",Available,26.9,1,63.1
EMP2245,Anita Menon,employee2245@company.local,Sales,Project Manager,4.9,2014-07-17,"React, Finance, Project Management",Available,41.0,2,66.2
EMP3846,Kiran Thomas,employee3846@company.local,Marketing,Project Manager,10.9,2017-12-05,"Python, Excel, Django, NLP",Available,54.0,3,64.6
EMP1904,Vivek Kumar,employee1904@company.local,Engineering,Developer,15.6,2015-02-19,"SQL, Finance, Deep Learning",Available,89.3,6,71.8
EMP3909,Meera Menon,employee3909@company.local,Engineering,Project Manager,9.9,2019-07-18,Finance,Available,65.3,4,65.9
EMP3744,Vivek Kumar,employee3744@company.local,Data Science,Project Manager,14.5,2021-04-11,NLP,Busy,54.0,3,86.4
EMP2544,Vivek Kumar,employee2544@company.local,Marketing,Senior Developer,11.4,2025-02-22,"Data Analysis, Python",Available,54.4,2,78.9
EMP3679,Isha Iyer,employee3679@company.local,HR,Data Scientist,5.2,2019-12-12,NLP,Busy,55.3,8,68.3
EMP289,Meera Reddy,employee289@company.local,HR,Finance Analyst,7.6,2023-04-02,Python,Busy,51.7,6,60.3
EMP4616,Aditya Singh,employee4616@company.local,HR,Team Lead,5.4,2012-06-27,"Finance, Django",Available,55.2,4,68.7
EMP4448,Rohit Kumar,employee4448@company.local,Sales,Senior Developer,5.9,2024-01-20,Excel,Available,5.4,0,57.5
EMP4456,Aditya Singh,employee4456@company.local,HR,Developer,1.5,2013-07-18,"Excel, Django, Data Analysis, React",Available,39.5,5,64.1
EMP2974,Nikhil Das,employee2974@company.local,Finance,Team Lead,4.4,2012-02-05,"Project Management, Data Analysis, Computer Vision, NLP",On Leave,62.8,4,90.7
EMP944,Vivek Kumar,employee944@company.local,Engineering,Developer,22.0,2020-07-08,Data Analysis,Busy,37.2,1,90.6
EMP1951,Divya Iyer,employee1951@company.local,Engineering,Data Scientist,8.2,2012-09-29,"Deep Learning, React",Available,28.3,3,69.4
EMP1802,Rahul Patel,employee1802@company.local,Engineering,Team Lead,2.4,2013-07-19,"SQL, Project Management, Python",Available,47.2,3,62.4
EMP2057,Swati Kapoor,employee2057@company.local,Operations,Business Analyst,5.3,2022-10-30,"Python, React, Finance",Available,28.4,1,65.3
EMP3610,Amit Patel,employee3610@company.local,HR,Team Lead,3.7,2017-03-04,"SQL, Computer Vision",Available,39.9,5,69.7
EMP2182,Rahul Thomas,employee2182@company.local,Data Science,Team Lead,3.7,2013-09-22,"Machine Learning, Python",Available,53.8,2,75.9
EMP1985,Anita Reddy,employee1985@company.local,Sales,Developer,2.0,2024-09-16,"Computer Vision, Finance, Data Analysis, Project Management",Available,50.1,3,59.9
EMP3527,Neha Nair,employee3527@company.local,IT,HR Executive,3.3,2022-02-20,Data Analysis,Available,52.6,2,55.9
EMP1238,Manoj Thomas,employee1238@company.local,Engineering,Analyst,4.6,2018-07-19,"Project Management, SQL, Python, Django",Busy,49.4,4,70.8
